-- MariaDB dump 10.19  Distrib 10.4.27-MariaDB, for Linux (x86_64)
--
-- Host: localhost    Database: db_bst
-- ------------------------------------------------------
-- Server version	10.4.27-MariaDB

/*!40101 SET @OLD_CHARACTER_SET_CLIENT=@@CHARACTER_SET_CLIENT */;
/*!40101 SET @OLD_CHARACTER_SET_RESULTS=@@CHARACTER_SET_RESULTS */;
/*!40101 SET @OLD_COLLATION_CONNECTION=@@COLLATION_CONNECTION */;
/*!40101 SET NAMES utf8mb4 */;
/*!40103 SET @OLD_TIME_ZONE=@@TIME_ZONE */;
/*!40103 SET TIME_ZONE='+00:00' */;
/*!40014 SET @OLD_UNIQUE_CHECKS=@@UNIQUE_CHECKS, UNIQUE_CHECKS=0 */;
/*!40014 SET @OLD_FOREIGN_KEY_CHECKS=@@FOREIGN_KEY_CHECKS, FOREIGN_KEY_CHECKS=0 */;
/*!40101 SET @OLD_SQL_MODE=@@SQL_MODE, SQL_MODE='NO_AUTO_VALUE_ON_ZERO' */;
/*!40111 SET @OLD_SQL_NOTES=@@SQL_NOTES, SQL_NOTES=0 */;

--
-- Table structure for table `artikel`
--

DROP TABLE IF EXISTS `artikel`;
/*!40101 SET @saved_cs_client     = @@character_set_client */;
/*!40101 SET character_set_client = utf8 */;
CREATE TABLE `artikel` (
  `id` varchar(10) NOT NULL,
  `title` varchar(255) NOT NULL,
  `slug` varchar(300) NOT NULL,
  `thumbnail` varchar(50) NOT NULL,
  `content` longtext NOT NULL,
  `id_kategori` varchar(200) NOT NULL,
  `created_at` bigint(20) NOT NULL,
  `published_at` bigint(20) NOT NULL,
  PRIMARY KEY (`id`),
  UNIQUE KEY `title` (`title`),
  KEY `artikel_id_kategori_foreign` (`id_kategori`),
  CONSTRAINT `artikel_id_kategori_foreign` FOREIGN KEY (`id_kategori`) REFERENCES `kategori_artikel` (`id`) ON DELETE CASCADE ON UPDATE CASCADE
) ENGINE=InnoDB DEFAULT CHARSET=utf8 COLLATE=utf8_general_ci;
/*!40101 SET character_set_client = @saved_cs_client */;

--
-- Dumping data for table `artikel`
--

LOCK TABLES `artikel` WRITE;
/*!40000 ALTER TABLE `artikel` DISABLE KEYS */;
INSERT INTO `artikel` VALUES ('BA001','tes artikel','tes-artikel','648875a34e8b0.jpeg','<p>hehe</p>','KA05',1686664611,1686589200);
/*!40000 ALTER TABLE `artikel` ENABLE KEYS */;
UNLOCK TABLES;

--
-- Table structure for table `dompet`
--

DROP TABLE IF EXISTS `dompet`;
/*!40101 SET @saved_cs_client     = @@character_set_client */;
/*!40101 SET character_set_client = utf8 */;
CREATE TABLE `dompet` (
  `id` int(11) NOT NULL AUTO_INCREMENT,
  `id_user` varchar(200) DEFAULT NULL,
  `uang` decimal(11,2) NOT NULL DEFAULT 0.00,
  PRIMARY KEY (`id`),
  UNIQUE KEY `id_user` (`id_user`),
  CONSTRAINT `dompet_id_user_foreign` FOREIGN KEY (`id_user`) REFERENCES `users` (`id`) ON DELETE CASCADE ON UPDATE CASCADE
) ENGINE=InnoDB AUTO_INCREMENT=407 DEFAULT CHARSET=utf8 COLLATE=utf8_general_ci;
/*!40101 SET character_set_client = @saved_cs_client */;

--
-- Dumping data for table `dompet`
--

LOCK TABLES `dompet` WRITE;
/*!40000 ALTER TABLE `dompet` DISABLE KEYS */;
INSERT INTO `dompet` VALUES (1,NULL,1323831.00),(290,'0205001',288067.00),(291,'0102001',137788.00),(292,'0102002',97311.50),(293,'0501001',430831.00),(294,'0501002',568714.50),(295,'0501003',33714.00),(296,'0501004',73777.50),(297,'0502001',401621.00),(298,'0502003',664925.00),(299,'0503002',418703.50),(301,'0503003',0.00),(302,'0503004',0.00),(303,'0503005',170272.00),(304,'0504001',100106.00),(305,'0504002',0.00),(306,'0504003',84742.00),(307,'0504004',46570.50),(308,'0504005',16840.00),(309,'0504006',28732.50),(310,'0504007',14391.00),(311,'0504008',193720.50),(312,'0505001',0.00),(313,'0505002',2580724.50),(314,'0505003',76596.00),(315,'0505004',87975.50),(316,'0505005',208819.50),(317,'0505006',242717.00),(318,'0505007',0.00),(319,'0505008',0.00),(320,'0505009',255475.00),(321,'0505010',128023.00),(322,'0505011',909612.70),(323,'0505012',77786.50),(324,'0505013',0.00),(325,'0505014',0.00),(326,'0505015',67330.00),(327,'0505016',160329.00),(328,'0505017',254541.50),(329,'0505018',81458.50),(330,'0505019',25349.00),(331,'0506001',0.00),(332,'0506002',0.00),(333,'0506003',0.00),(334,'0506004',247614.50),(335,'0506005',439923.50),(336,'0506006',311135.00),(337,'0506008',128719.50),(338,'0506007',91743.00),(339,'0506009',21505.50),(340,'0507001',283682.50),(341,'0507002',2784352.50),(342,'0507003',196119.00),(343,'0507004',18741.00),(344,'0507005',0.00),(345,'0507006',0.00),(346,'0507007',184538.00),(347,'0507008',381169.80),(348,'0507009',373457.50),(349,'0507010',928793.50),(350,'0507011',201054.50),(351,'0507012',524406.50),(352,'0507013',0.00),(353,'0507014',0.00),(354,'0507015',17595.00),(355,'0507016',91683.00),(356,'0507017',152351.00),(357,'0507018',21908.50),(358,'0507019',47104.50),(359,'0508001',187893.00),(360,'0508002',0.00),(361,'0508003',0.00),(362,'0509001',0.00),(363,'0509002',740199.00),(364,'0509003',0.00),(365,'0509004',438333.00),(366,'0509005',262084.50),(367,'0509006',75624.00),(368,'0509007',117454.50),(369,'0509008',116140.50),(370,'0509009',151574.40),(371,'0510001',0.00),(372,'0510002',0.00),(373,'0510003',319814.50),(374,'0510004',451077.00),(375,'0510005',38728.00),(381,'0500001',6139.00),(382,'0503001',197013.00),(386,'0509010',56700.00),(387,'0509011',145147.50),(388,'0503006',48699.00),(389,'0508004',186615.00),(390,'0510006',5508.00),(391,'0510007',94797.00),(392,'0508005',16213.50),(393,'0502004',572670.00),(397,'0504009',9450.00),(398,'0510008',24772.50),(399,'0510009',3843.00),(400,'0508006',309334.50),(401,'0508007',0.00),(404,'0505020',98217.00);
/*!40000 ALTER TABLE `dompet` ENABLE KEYS */;
UNLOCK TABLES;

--
-- Table structure for table `jual_sampah`
--

DROP TABLE IF EXISTS `jual_sampah`;
/*!40101 SET @saved_cs_client     = @@character_set_client */;
/*!40101 SET character_set_client = utf8 */;
CREATE TABLE `jual_sampah` (
  `no` int(11) NOT NULL AUTO_INCREMENT,
  `id_transaksi` varchar(200) NOT NULL,
  `id_sampah` varchar(200) NOT NULL,
  `jumlah_kg` decimal(65,2) NOT NULL,
  `harga_nasabah` decimal(11,2) NOT NULL,
  `jumlah_rp` decimal(11,2) NOT NULL,
  PRIMARY KEY (`no`),
  KEY `jual_sampah_id_transaksi_foreign` (`id_transaksi`),
  KEY `jual_sampah_id_sampah_foreign` (`id_sampah`),
  CONSTRAINT `jual_sampah_id_sampah_foreign` FOREIGN KEY (`id_sampah`) REFERENCES `sampah` (`id`) ON DELETE CASCADE ON UPDATE CASCADE,
  CONSTRAINT `jual_sampah_id_transaksi_foreign` FOREIGN KEY (`id_transaksi`) REFERENCES `transaksi` (`id`) ON DELETE CASCADE ON UPDATE CASCADE
) ENGINE=InnoDB AUTO_INCREMENT=164 DEFAULT CHARSET=utf8 COLLATE=utf8_general_ci;
/*!40101 SET character_set_client = @saved_cs_client */;

--
-- Dumping data for table `jual_sampah`
--

LOCK TABLES `jual_sampah` WRITE;
/*!40000 ALTER TABLE `jual_sampah` DISABLE KEYS */;
INSERT INTO `jual_sampah` VALUES (13,'TJS807254777','S001',30.90,133488.00,148320.00),(14,'TJS807254777','S002',25.30,54648.00,60720.00),(15,'TJS807254777','S004',0.90,4050.00,4500.00),(16,'TJS807254777','S003',4.40,35640.00,39600.00),(17,'TJS807254777','S005',120.85,261036.00,290040.00),(18,'TJS807254777','S006',1.10,594.00,660.00),(19,'TJS807254777','S007',35.15,42180.00,52725.00),(20,'TJS807254777','S008',4.80,21600.00,24000.00),(21,'TJS807254777','S009',2.70,14580.00,16200.00),(22,'TJS807254777','S015',338.65,914355.00,1015950.00),(23,'TJS807254777','S017',44.00,79200.00,88000.00),(24,'TJS807254777','S020',49.00,52920.00,58800.00),(25,'TJS807254777','S023',15.75,63788.00,70875.00),(26,'TJS807254777','S022',20.55,92475.00,102750.00),(27,'TJS807254777','S024',2.15,32895.00,36550.00),(28,'TJS807254777','S029',26.10,11745.00,13050.00),(29,'TJS807254777','S013',0.50,1575.00,1750.00),(30,'TJS807254777','S028',44.00,11880.00,13200.00),(31,'TJS807254777','S010',1.00,4050.00,4500.00),(32,'TJS807254777','S033',5.70,23085.00,25650.00),(33,'TJS807254777','S012',3.15,11907.00,13230.00),(34,'TJS807254777','S021',12.00,64800.00,72000.00),(35,'TJS770298793','S001',15.00,67500.00,75000.00),(36,'TJS770298793','S003',6.75,54675.00,60750.00),(37,'TJS770298793','S005',81.55,176148.00,195720.00),(38,'TJS770298793','S006',2.80,1512.00,1680.00),(39,'TJS770298793','S007',1.65,2228.00,2475.00),(40,'TJS770298793','S015',263.90,760032.00,844480.00),(41,'TJS770298793','S017',6.40,11520.00,12800.00),(42,'TJS770298793','S004',6.75,30375.00,33750.00),(43,'TJS770298793','S020',44.05,47574.00,52860.00),(44,'TJS770298793','S023',11.20,45360.00,50400.00),(45,'TJS770298793','S021',39.80,214920.00,238800.00),(46,'TJS770298793','S022',2.55,11475.00,12750.00),(47,'TJS770298793','S024',4.70,71910.00,79900.00),(48,'TJS770298793','S029',3.70,1665.00,1850.00),(49,'TJS770298793','S018',22.75,81900.00,91000.00),(50,'TJS770298793','S039',2.00,30000.00,30000.00),(51,'TJS770298793','S011',1.55,3209.00,3565.00),(52,'TJS497644285','S001',28.10,126450.00,140500.00),(53,'TJS497644285','S003',0.70,5670.00,6300.00),(54,'TJS497644285','S005',83.65,188213.00,209125.00),(55,'TJS497644285','S006',0.70,378.00,420.00),(56,'TJS497644285','S007',7.10,9585.00,10650.00),(57,'TJS497644285','S008',1.85,8325.00,9250.00),(58,'TJS497644285','S009',5.05,27270.00,30300.00),(59,'TJS497644285','S015',243.95,702576.00,780640.00),(60,'TJS497644285','S017',16.20,29160.00,32400.00),(61,'TJS497644285','S020',34.20,36936.00,44460.00),(62,'TJS497644285','S023',67.95,305775.00,339750.00),(63,'TJS497644285','S021',59.75,333405.00,370450.00),(64,'TJS497644285','S022',12.55,58734.00,65260.00),(65,'TJS497644285','S024',10.60,190800.00,212000.00),(66,'TJS497644285','S029',26.75,9630.00,10700.00),(67,'TJS497644285','S013',0.10,315.00,350.00),(68,'TJS497644285','S028',7.00,1890.00,2100.00),(69,'TJS497644285','S036',4.60,16560.00,18400.00),(70,'TJS497644285','S011',14.60,30222.00,33580.00),(71,'TJS497644285','S025',12.60,28350.00,31500.00),(72,'TJS497644285','S033',1.40,5670.00,6300.00),(73,'TJS751774587','S001',48.35,239333.00,265925.00),(74,'TJS751774587','S002',23.30,50328.00,55920.00),(75,'TJS751774587','S003',3.40,22950.00,25500.00),(76,'TJS751774587','S005',159.70,316206.00,351340.00),(77,'TJS751774587','S006',6.45,4064.00,4515.00),(78,'TJS751774587','S007',32.70,58860.00,65400.00),(79,'TJS751774587','S008',3.75,10125.00,11250.00),(80,'TJS751774587','S009',1.40,7560.00,8400.00),(81,'TJS751774587','S010',2.00,8100.00,9000.00),(82,'TJS751774587','S012',0.90,3402.00,3780.00),(83,'TJS751774587','S013',1.30,4095.00,4550.00),(84,'TJS751774587','S015',534.00,1441800.00,1602000.00),(85,'TJS751774587','S017',9.00,16200.00,18000.00),(86,'TJS751774587','S018',3.40,9180.00,10200.00),(87,'TJS751774587','S020',78.50,84780.00,94200.00),(88,'TJS751774587','S021',45.55,204975.00,227750.00),(89,'TJS751774587','S022',4.65,18833.00,20925.00),(90,'TJS751774587','S023',26.90,84735.00,94150.00),(91,'TJS751774587','S024',7.65,130815.00,145350.00),(92,'TJS751774587','S028',12.00,3240.00,3600.00),(93,'TJS751774587','S029',41.75,15030.00,16700.00),(94,'TJS751774587','S033',18.05,73103.00,81225.00),(95,'TJS751774587','S045',25.10,22590.00,25100.00),(96,'TJS022799185','S001',19.40,96030.00,106700.00),(97,'TJS022799185','S002',4.30,9288.00,10320.00),(98,'TJS022799185','S003',2.55,18360.00,21675.00),(99,'TJS022799185','S005',51.25,101475.00,123000.00),(100,'TJS022799185','S037',0.75,3375.00,3750.00),(101,'TJS022799185','S006',13.00,7020.00,7800.00),(102,'TJS022799185','S007',10.30,13905.00,15450.00),(103,'TJS022799185','S008',1.40,6930.00,7000.00),(104,'TJS022799185','S009',4.60,24840.00,27600.00),(105,'TJS022799185','S012',3.60,13608.00,15120.00),(106,'TJS022799185','S011',6.95,14387.00,15985.00),(107,'TJS022799185','S015',208.65,582134.00,646815.00),(108,'TJS022799185','S017',18.05,38988.00,36100.00),(109,'TJS022799185','S020',36.90,43173.00,44280.00),(110,'TJS022799185','S023',18.55,66780.00,74200.00),(111,'TJS022799185','S021',8.20,40590.00,46740.00),(112,'TJS022799185','S022',27.85,112793.00,125325.00),(113,'TJS022799185','S024',0.90,15390.00,16200.00),(114,'TJS022799185','S029',21.35,7686.00,8540.00),(115,'TJS022799185','S033',2.25,9113.00,10125.00),(116,'TJS022799185','S005',40.41,80012.00,96984.00),(117,'TJS022799185','S048',6.20,31000.00,34100.00),(118,'TJS022799185','S025',10.55,23738.00,26375.00),(119,'TJS113969608','S001',31.61,156470.00,173855.00),(120,'TJS113969608','S002',10.45,22572.00,25080.00),(121,'TJS113969608','S003',4.70,33840.00,28200.00),(122,'TJS113969608','S005',98.10,194238.00,215820.00),(123,'TJS113969608','S004',2.20,9900.00,8800.00),(124,'TJS113969608','S006',8.85,4779.00,5310.00),(125,'TJS113969608','S007',3.95,5333.00,5925.00),(126,'TJS113969608','S008',1.00,4950.00,5000.00),(127,'TJS113969608','S009',6.50,35100.00,39000.00),(128,'TJS113969608','S010',1.00,4050.00,4500.00),(129,'TJS113969608','S013',2.10,6615.00,7350.00),(130,'TJS113969608','S015',262.95,733631.00,657375.00),(131,'TJS113969608','S017',59.55,128628.00,119100.00),(132,'TJS113969608','S020',63.50,74295.00,76200.00),(133,'TJS113969608','S023',22.40,80640.00,73920.00),(134,'TJS113969608','S021',5.20,25740.00,23920.00),(135,'TJS113969608','S022',2.75,11138.00,9900.00),(136,'TJS113969608','S024',5.80,99180.00,87000.00),(137,'TJS113969608','S029',42.00,15120.00,16800.00),(138,'TJS113969608','S035',1.90,6840.00,7600.00),(139,'TJS113969608','S005',25.40,50292.00,55880.00),(140,'TJS113969608','S018',65.95,178065.00,197850.00),(141,'TJS848616397','S001',37.55,185873.00,206525.00),(142,'TJS848616397','S002',2.25,4860.00,5400.00),(143,'TJS848616397','S003',2.85,17955.00,19950.00),(144,'TJS848616397','S005',76.80,165888.00,184320.00),(145,'TJS848616397','S004',1.90,6840.00,7600.00),(146,'TJS848616397','S006',1.75,945.00,1050.00),(147,'TJS848616397','S007',1.45,1958.00,2175.00),(148,'TJS848616397','S008',3.16,12798.00,14220.00),(149,'TJS848616397','S009',3.15,17010.00,18900.00),(150,'TJS848616397','S037',0.50,2250.00,2500.00),(151,'TJS848616397','S013',0.15,473.00,525.00),(152,'TJS848616397','S015',216.45,448052.00,497835.00),(153,'TJS848616397','S017',41.35,55823.00,62025.00),(154,'TJS848616397','S020',48.59,56850.00,63167.00),(155,'TJS848616397','S023',19.14,65459.00,72732.00),(156,'TJS848616397','S021',70.89,331765.00,368628.00),(157,'TJS848616397','S011',13.30,27531.00,30590.00),(158,'TJS848616397','S024',52.17,751248.00,834720.00),(159,'TJS848616397','S029',34.00,12240.00,13600.00),(160,'TJS848616397','S036',3.20,11520.00,12800.00),(161,'TJS848616397','S005',33.85,73116.00,81240.00),(162,'TJS848616397','S033',3.45,13973.00,15525.00),(163,'TJS848616397','S012',0.78,2948.00,3276.00);
/*!40000 ALTER TABLE `jual_sampah` ENABLE KEYS */;
UNLOCK TABLES;

--
-- Table structure for table `kategori_artikel`
--

DROP TABLE IF EXISTS `kategori_artikel`;
/*!40101 SET @saved_cs_client     = @@character_set_client */;
/*!40101 SET character_set_client = utf8 */;
CREATE TABLE `kategori_artikel` (
  `id` varchar(6) NOT NULL,
  `icon` text NOT NULL,
  `name` varchar(100) NOT NULL,
  `description` text NOT NULL,
  `kategori_utama` tinyint(1) NOT NULL,
  `created_at` bigint(20) NOT NULL,
  PRIMARY KEY (`id`),
  UNIQUE KEY `name` (`name`)
) ENGINE=InnoDB DEFAULT CHARSET=utf8 COLLATE=utf8_general_ci;
/*!40101 SET character_set_client = @saved_cs_client */;

--
-- Dumping data for table `kategori_artikel`
--

LOCK TABLES `kategori_artikel` WRITE;
/*!40000 ALTER TABLE `kategori_artikel` DISABLE KEYS */;
INSERT INTO `kategori_artikel` VALUES ('KA01','sosialisasi.jpeg','sosialisasi','deskripsi tentang kegiatan sosialisasi',1,1659345174),('KA02','penimbangan.jpeg','penimbangan','deskripsi tentang kegiatan penimbangan',1,1659345189),('KA05','pelatihan.jpeg','Pelatihan','Pelatihan pembuatan Tepache dan Ecoenzym',1,1661410608);
/*!40000 ALTER TABLE `kategori_artikel` ENABLE KEYS */;
UNLOCK TABLES;

--
-- Table structure for table `kategori_sampah`
--

DROP TABLE IF EXISTS `kategori_sampah`;
/*!40101 SET @saved_cs_client     = @@character_set_client */;
/*!40101 SET character_set_client = utf8 */;
CREATE TABLE `kategori_sampah` (
  `id` varchar(6) NOT NULL,
  `name` varchar(100) NOT NULL,
  `created_at` bigint(20) NOT NULL,
  PRIMARY KEY (`id`),
  UNIQUE KEY `name` (`name`)
) ENGINE=InnoDB DEFAULT CHARSET=utf8 COLLATE=utf8_general_ci;
/*!40101 SET character_set_client = @saved_cs_client */;

--
-- Dumping data for table `kategori_sampah`
--

LOCK TABLES `kategori_sampah` WRITE;
/*!40000 ALTER TABLE `kategori_sampah` DISABLE KEYS */;
INSERT INTO `kategori_sampah` VALUES ('KS01','kertas',1656644130),('KS02','plastik',1656644134),('KS03','logam',1656644137),('KS04','lain-lain',1656644141),('KS05','kaca',1667099986);
/*!40000 ALTER TABLE `kategori_sampah` ENABLE KEYS */;
UNLOCK TABLES;

--
-- Table structure for table `migrations`
--

DROP TABLE IF EXISTS `migrations`;
/*!40101 SET @saved_cs_client     = @@character_set_client */;
/*!40101 SET character_set_client = utf8 */;
CREATE TABLE `migrations` (
  `id` bigint(20) unsigned NOT NULL AUTO_INCREMENT,
  `version` varchar(255) NOT NULL,
  `class` varchar(255) NOT NULL,
  `group` varchar(255) NOT NULL,
  `namespace` varchar(255) NOT NULL,
  `time` int(11) NOT NULL,
  `batch` int(11) unsigned NOT NULL,
  PRIMARY KEY (`id`)
) ENGINE=InnoDB AUTO_INCREMENT=40 DEFAULT CHARSET=utf8 COLLATE=utf8_general_ci;
/*!40101 SET character_set_client = @saved_cs_client */;

--
-- Dumping data for table `migrations`
--

LOCK TABLES `migrations` WRITE;
/*!40000 ALTER TABLE `migrations` DISABLE KEYS */;
INSERT INTO `migrations` VALUES (27,'2021-11-16-023013','App\\Database\\Migrations\\Users','default','App',1656643580,1),(28,'2021-11-16-023841','App\\Database\\Migrations\\KategoriArtikel','default','App',1656643580,1),(29,'2021-11-16-024046','App\\Database\\Migrations\\Artikel','default','App',1656643580,1),(30,'2021-11-16-031046','App\\Database\\Migrations\\KategoriSampah','default','App',1656643580,1),(31,'2021-11-16-031125','App\\Database\\Migrations\\Sampah','default','App',1656643580,1),(32,'2021-11-16-031158','App\\Database\\Migrations\\Transaksi','default','App',1656643580,1),(33,'2021-11-16-031238','App\\Database\\Migrations\\SetorSampah','default','App',1656643580,1),(34,'2021-11-16-031308','App\\Database\\Migrations\\TarikSaldo','default','App',1656643580,1),(35,'2021-11-16-031428','App\\Database\\Migrations\\JualSampah','default','App',1656643580,1),(36,'2021-11-16-040233','App\\Database\\Migrations\\Wilayah','default','App',1656643580,1),(37,'2021-11-23-225132','App\\Database\\Migrations\\Dompet','default','App',1656643580,1),(38,'2022-04-08-054206','App\\Database\\Migrations\\Penghargaan','default','App',1656643580,1),(39,'2022-04-08-115035','App\\Database\\Migrations\\Mitra','default','App',1656643580,1);
/*!40000 ALTER TABLE `migrations` ENABLE KEYS */;
UNLOCK TABLES;

--
-- Table structure for table `mitra`
--

DROP TABLE IF EXISTS `mitra`;
/*!40101 SET @saved_cs_client     = @@character_set_client */;
/*!40101 SET character_set_client = utf8 */;
CREATE TABLE `mitra` (
  `id` int(11) NOT NULL AUTO_INCREMENT,
  `icon` text NOT NULL,
  `name` varchar(255) NOT NULL,
  `description` text NOT NULL,
  PRIMARY KEY (`id`),
  UNIQUE KEY `name` (`name`)
) ENGINE=InnoDB AUTO_INCREMENT=3 DEFAULT CHARSET=utf8 COLLATE=utf8_general_ci;
/*!40101 SET character_set_client = @saved_cs_client */;

--
-- Dumping data for table `mitra`
--

LOCK TABLES `mitra` WRITE;
/*!40000 ALTER TABLE `mitra` DISABLE KEYS */;
INSERT INTO `mitra` VALUES (1,'62e776b841aff.png','Budi Luhur','-'),(2,'62e776c98a6e8.png','Jagad Tani','-');
/*!40000 ALTER TABLE `mitra` ENABLE KEYS */;
UNLOCK TABLES;

--
-- Table structure for table `penghargaan`
--

DROP TABLE IF EXISTS `penghargaan`;
/*!40101 SET @saved_cs_client     = @@character_set_client */;
/*!40101 SET character_set_client = utf8 */;
CREATE TABLE `penghargaan` (
  `id` int(11) NOT NULL AUTO_INCREMENT,
  `icon` text NOT NULL,
  `name` varchar(255) NOT NULL,
  `description` text NOT NULL,
  PRIMARY KEY (`id`),
  UNIQUE KEY `name` (`name`)
) ENGINE=InnoDB AUTO_INCREMENT=2 DEFAULT CHARSET=utf8 COLLATE=utf8_general_ci;
/*!40101 SET character_set_client = @saved_cs_client */;

--
-- Dumping data for table `penghargaan`
--

LOCK TABLES `penghargaan` WRITE;
/*!40000 ALTER TABLE `penghargaan` DISABLE KEYS */;
INSERT INTO `penghargaan` VALUES (1,'63243c93b2794.png','penghargaan dari BAnk Sampah Pusat','Asiik');
/*!40000 ALTER TABLE `penghargaan` ENABLE KEYS */;
UNLOCK TABLES;

--
-- Table structure for table `sampah`
--

DROP TABLE IF EXISTS `sampah`;
/*!40101 SET @saved_cs_client     = @@character_set_client */;
/*!40101 SET character_set_client = utf8 */;
CREATE TABLE `sampah` (
  `id` varchar(6) NOT NULL,
  `id_kategori` varchar(200) NOT NULL,
  `jenis` varchar(200) NOT NULL,
  `harga` int(11) NOT NULL,
  `harga_pusat` int(11) NOT NULL DEFAULT 0,
  `jumlah` decimal(65,2) NOT NULL DEFAULT 0.00,
  PRIMARY KEY (`id`),
  UNIQUE KEY `jenis` (`jenis`),
  KEY `sampah_id_kategori_foreign` (`id_kategori`),
  CONSTRAINT `sampah_id_kategori_foreign` FOREIGN KEY (`id_kategori`) REFERENCES `kategori_sampah` (`id`) ON DELETE CASCADE ON UPDATE CASCADE
) ENGINE=InnoDB DEFAULT CHARSET=utf8 COLLATE=utf8_general_ci;
/*!40101 SET character_set_client = @saved_cs_client */;

--
-- Dumping data for table `sampah`
--

LOCK TABLES `sampah` WRITE;
/*!40000 ALTER TABLE `sampah` DISABLE KEYS */;
INSERT INTO `sampah` VALUES ('S001','KS02','botol plastik bersih / bodong',5220,5800,38.15),('S002','KS02','botol plastik kotor',2160,2400,32.45),('S003','KS02','gelas aqua bersih',5850,6500,3.95),('S004','KS02','gelas aqua kotor',3600,4000,0.00),('S005','KS02','emberan/gabruk',2250,2500,174.20),('S006','KS02','kantong kresek / asoy',540,600,30.20),('S007','KS02','plastik pe / plastik bening bersih',3600,4000,15.35),('S008','KS02','tutup botol plastik',4050,4500,22.85),('S009','KS02','tutup galon',5400,6000,10.94),('S010','KS02','galon aqua/ades - per botol',4050,4500,1.00),('S011','KS02','paralon',2700,3000,9.75),('S012','KS02','galon bukan aqua/ades',3780,4200,4.90),('S013','KS02','ale-ale / teh gelas',3600,4000,-0.25),('S014','KS02','compact disc (cd)',9000,10000,0.00),('S015','KS01','kardus',1530,1700,911.55),('S016','KS01','koran',1800,2000,47.95),('S017','KS01','majalah/buku pelajaran/buku tulis',1350,1500,74.71),('S018','KS01','kertas hvs / swl',3600,4000,41.25),('S019','KS01','kertas semen',2700,3000,1.05),('S020','KS01','boncos / potongan kardus',1170,1300,128.15),('S021','KS03','besi a (padat): baut',4950,5500,179.42),('S022','KS03','besi b (bolong) / kabin',4050,4500,17.70),('S023','KS03','kaleng',3600,4000,51.80),('S024','KS03','aluminium/klg softdrink/rongsok',16200,18000,30.65),('S025','KS03','seng',2250,2500,0.00),('S026','KS03','besi springbed',900,1000,0.00),('S027','KS03','siku (stainless stell/jemuran/rak piring)',19800,22000,0.00),('S028','KS05','botol kecap - per botol',270,300,1.00),('S029','KS05','botol beling',360,400,86.50),('S030','KS04','botol bir per botol',630,700,0.00),('S031','KS04','tetrapak',900,1000,20.29),('S032','KS04','minyak jelantah',3150,3500,31.00),('S033','KS04','jerigen putih',3600,4000,24.45),('S034','KS03','panci',16200,18000,0.00),('S035','KS04','majic jar',3600,4000,1.70),('S036','KS04','kompor gas',3600,4000,4.30),('S037','KS04','toples nastar (kristal)',4500,5000,3.50),('S038','KS03','kipas angin, pompa sepeda(besi  b)',3780,4200,11.61),('S039','KS04','tv -  satuan',13500,15000,5.55),('S040','KS04','monitor  - satuan',13500,15000,0.00),('S041','KS04','printer',1350,1500,0.00),('S042','KS04','laptop',1350,1500,0.00),('S043','KS04','mesin cuci',54000,60000,1.00),('S044','KS04','aki (buang air)',9900,11000,2.00),('S045','KS02','plastik terpal',900,1000,0.00),('S046','KS02','karpet talang',900,1000,0.15),('S047','KS04','daun kering',1000,1500,0.00),('S048','KS04','stabilizer',5000,5500,0.00),('S049','KS04','mijel',3000,3000,6.30),('S050','KS02','plastik pe / plastik bening campur',1350,1500,17.05),('S051','KS02','plastik pe/ plastik bening warna',1800,2000,4.15),('S052','KS04','dispenser',3600,4000,18.40),('S053','KS03','tembaga',76500,85000,0.00),('S054','KS03','kuningan',49500,55000,0.00),('S055','KS04','kulkas',72000,80000,1.00),('S056','KS04','mesin jahit',5400,6000,0.00),('S057','KS02','karung beras',1620,1800,0.55);
/*!40000 ALTER TABLE `sampah` ENABLE KEYS */;
UNLOCK TABLES;

--
-- Table structure for table `setor_sampah`
--

DROP TABLE IF EXISTS `setor_sampah`;
/*!40101 SET @saved_cs_client     = @@character_set_client */;
/*!40101 SET character_set_client = utf8 */;
CREATE TABLE `setor_sampah` (
  `no` int(11) NOT NULL AUTO_INCREMENT,
  `id_transaksi` varchar(200) NOT NULL,
  `id_sampah` varchar(200) NOT NULL,
  `jumlah_kg` decimal(65,2) NOT NULL,
  `jumlah_rp` decimal(11,2) NOT NULL,
  PRIMARY KEY (`no`),
  KEY `setor_sampah_id_transaksi_foreign` (`id_transaksi`),
  KEY `setor_sampah_id_sampah_foreign` (`id_sampah`),
  CONSTRAINT `setor_sampah_id_sampah_foreign` FOREIGN KEY (`id_sampah`) REFERENCES `sampah` (`id`) ON DELETE CASCADE ON UPDATE CASCADE,
  CONSTRAINT `setor_sampah_id_transaksi_foreign` FOREIGN KEY (`id_transaksi`) REFERENCES `transaksi` (`id`) ON DELETE CASCADE ON UPDATE CASCADE
) ENGINE=InnoDB AUTO_INCREMENT=1785 DEFAULT CHARSET=utf8 COLLATE=utf8_general_ci;
/*!40101 SET character_set_client = @saved_cs_client */;

--
-- Dumping data for table `setor_sampah`
--

LOCK TABLES `setor_sampah` WRITE;
/*!40000 ALTER TABLE `setor_sampah` DISABLE KEYS */;
INSERT INTO `setor_sampah` VALUES (133,'TSS936849977','S001',1.60,6912.00),(134,'TSS936849977','S031',1.95,1365.00),(135,'TSS936849977','S015',14.40,38880.00),(136,'TSS936849977','S013',0.50,1575.00),(137,'TSS936849977','S020',4.10,4428.00),(138,'TSS249032893','S007',34.70,46845.00),(139,'TSS740465043','S029',2.85,1283.00),(140,'TSS740465043','S028',9.00,2430.00),(141,'TSS740465043','S005',10.05,21708.00),(142,'TSS740465043','S001',9.25,39960.00),(143,'TSS740465043','S023',4.10,16605.00),(144,'TSS740465043','S020',16.20,17496.00),(145,'TSS740465043','S003',1.80,14580.00),(146,'TSS740465043','S031',0.85,595.00),(147,'TSS740465043','S015',47.55,128385.00),(148,'TSS985348805','S015',10.10,27270.00),(149,'TSS985348805','S005',2.30,4968.00),(150,'TSS985348805','S020',4.15,4482.00),(151,'TSS985348805','S003',0.75,6075.00),(152,'TSS985348805','S001',1.25,5400.00),(153,'TSS985348805','S009',0.40,2160.00),(154,'TSS985348805','S008',0.60,2700.00),(155,'TSS985348805','S029',5.00,2250.00),(156,'TSS985348805','S028',4.00,1080.00),(157,'TSS985348805','S033',5.70,23085.00),(158,'TSS758785361','S010',1.00,4050.00),(159,'TSS758785361','S005',0.40,864.00),(160,'TSS758785361','S002',0.95,2052.00),(161,'TSS955738548','S023',0.70,2835.00),(162,'TSS955738548','S005',0.55,1188.00),(163,'TSS955738548','S015',11.15,30105.00),(164,'TSS508942747','S015',14.85,40095.00),(165,'TSS508942747','S001',0.80,3456.00),(166,'TSS508942747','S020',1.85,1998.00),(167,'TSS508942747','S005',1.35,2916.00),(168,'TSS508942747','S031',0.25,175.00),(173,'TSS262071879','S023',2.80,11340.00),(174,'TSS262071879','S015',4.30,11610.00),(175,'TSS262071879','S005',9.95,21492.00),(176,'TSS262071879','S024',1.25,19125.00),(177,'TSS262071879','S001',0.80,3456.00),(178,'TSS262071879','S031',1.00,700.00),(179,'TSS262071879','S022',3.45,15525.00),(180,'TSS192256505','S005',0.50,1080.00),(181,'TSS192256505','S023',0.50,2025.00),(182,'TSS192256505','S029',1.30,585.00),(183,'TSS192256505','S001',0.60,2592.00),(184,'TSS192256505','S015',8.55,23085.00),(185,'TSS089144860','S022',10.60,47700.00),(186,'TSS089144860','S015',5.05,13635.00),(187,'TSS041003192','S002',0.55,1188.00),(188,'TSS041003192','S031',0.40,280.00),(189,'TSS041003192','S003',0.45,3645.00),(190,'TSS041003192','S001',1.00,4320.00),(191,'TSS041003192','S015',2.60,7020.00),(192,'TSS640617948','S015',3.30,8910.00),(193,'TSS640617948','S005',7.15,15444.00),(194,'TSS640617948','S028',2.00,540.00),(195,'TSS640617948','S029',9.00,4050.00),(196,'TSS564208560','S010',1.25,5063.00),(197,'TSS564208560','S015',13.90,37530.00),(198,'TSS564208560','S005',5.10,11016.00),(199,'TSS564208560','S002',2.95,6372.00),(200,'TSS093663581','S005',5.40,11664.00),(201,'TSS093663581','S015',8.50,22950.00),(202,'TSS093663581','S021',2.55,13770.00),(203,'TSS875158485','S005',4.20,9072.00),(204,'TSS984593225','S032',5.50,16500.00),(205,'TSS984593225','S005',1.15,2484.00),(206,'TSS984593225','S020',4.25,4590.00),(207,'TSS896337704','S022',5.00,22500.00),(208,'TSS896337704','S015',3.05,8235.00),(209,'TSS896337704','S006',0.70,378.00),(210,'TSS896337704','S008',0.40,1800.00),(211,'TSS896337704','S023',0.70,2835.00),(225,'TSS886059147','S007',0.45,540.00),(226,'TSS886059147','S003',0.95,7695.00),(227,'TSS886059147','S008',0.55,2475.00),(228,'TSS886059147','S017',4.40,7920.00),(229,'TSS886059147','S001',4.40,19008.00),(230,'TSS886059147','S006',0.40,216.00),(231,'TSS886059147','S029',6.50,2925.00),(232,'TSS886059147','S031',0.25,175.00),(233,'TSS886059147','S005',1.15,2484.00),(234,'TSS886059147','S003',0.45,3645.00),(235,'TSS886059147','S023',0.50,2025.00),(236,'TSS886059147','S020',0.85,893.00),(237,'TSS886059147','S015',15.20,41040.00),(238,'TSS301730054','S032',5.00,15000.00),(239,'TSS301730054','S031',2.30,1610.00),(240,'TSS301730054','S015',14.60,39420.00),(241,'TSS301730054','S020',7.50,8100.00),(242,'TSS301730054','S004',0.90,4050.00),(243,'TSS301730054','S002',0.85,1836.00),(244,'TSS301730054','S005',16.40,35424.00),(245,'TSS301730054','S009',0.95,5130.00),(246,'TSS301730054','S008',3.25,14625.00),(247,'TSS301730054','S029',1.45,653.00),(248,'TSS301730054','S022',1.30,5850.00),(249,'TSS301730054','S001',2.20,9504.00),(250,'TSS301730054','S024',0.90,13770.00),(251,'TSS301730054','S028',29.00,7830.00),(252,'TSS129137123','S015',72.05,213989.00),(255,'TSS130131889','S015',27.60,81972.00),(256,'TSS130131889','S005',21.10,45576.00),(257,'TSS999698354','S015',17.75,47925.00),(258,'TSS999698354','S002',9.75,21060.00),(259,'TSS999698354','S020',2.50,2700.00),(260,'TSS999698354','S032',6.00,18000.00),(261,'TSS509039677','S001',7.50,32400.00),(262,'TSS509039677','S002',6.45,13932.00),(263,'TSS509039677','S005',10.60,22896.00),(264,'TSS509039677','S020',6.85,7398.00),(265,'TSS509039677','S015',22.35,66380.00),(266,'TSS509039677','S021',5.35,28890.00),(267,'TSS509039677','S023',5.05,20453.00),(268,'TSS509039677','S002',1.30,2808.00),(269,'TSS509039677','S012',1.90,7182.00),(270,'TSS180700418','S002',3.30,7128.00),(271,'TSS180700418','S005',2.10,4536.00),(272,'TSS180700418','S015',8.45,25097.00),(273,'TSS180700418','S005',2.50,5400.00),(279,'TSS989926318','S015',2.00,5940.00),(280,'TSS989926318','S005',2.55,2162.00),(281,'TSS989926318','S021',4.10,22140.00),(282,'TSS718650958','S005',4.15,8964.00),(283,'TSS718650958','S015',3.75,11138.00),(284,'TSS718650958','S020',0.75,810.00),(285,'TSS582728041','S015',10.20,27540.00),(286,'TSS582728041','S001',1.50,6480.00),(287,'TSS582728041','S023',1.40,5670.00),(288,'TSS582728041','S005',12.20,26352.00),(289,'TSS582728041','S009',0.35,1890.00),(290,'TSS068932161','S001',2.30,10350.00),(291,'TSS068932161','S015',12.35,35568.00),(292,'TSS068932161','S007',0.80,1080.00),(293,'TSS068932161','S006',0.30,162.00),(294,'TSS068932161','S005',5.65,12204.00),(295,'TSS068932161','S029',2.55,1148.00),(296,'TSS068932161','S020',2.25,2430.00),(297,'TSS068932161','S023',1.45,5873.00),(308,'TSS446885932','S001',0.50,2250.00),(309,'TSS446885932','S020',2.05,2214.00),(310,'TSS446885932','S015',5.25,14978.00),(311,'TSS446885932','S023',1.15,4658.00),(312,'TSS446885932','S008',0.15,675.00),(313,'TSS826307290','S005',0.95,2052.00),(314,'TSS826307290','S015',11.20,32256.00),(321,'TSS135659314','S021',2.80,15120.00),(322,'TSS135659314','S020',2.55,2754.00),(323,'TSS135659314','S015',9.25,26640.00),(324,'TSS135659314','S023',0.60,2430.00),(325,'TSS135659314','S029',3.80,1710.00),(326,'TSS135659314','S006',0.35,189.00),(327,'TSS147074892','S015',16.30,46944.00),(328,'TSS147074892','S020',12.30,13284.00),(329,'TSS147074892','S017',6.40,11520.00),(330,'TSS147074892','S005',4.55,9828.00),(339,'TSS291998017','S022',2.55,11475.00),(340,'TSS291998017','S015',37.60,108288.00),(341,'TSS291998017','S018',9.10,32760.00),(342,'TSS291998017','S020',1.95,2106.00),(343,'TSS291998017','S005',11.75,25380.00),(344,'TSS291998017','S023',12.20,49410.00),(345,'TSS291998017','S008',3.30,14850.00),(346,'TSS291998017','S001',3.85,17325.00),(347,'TSS173478862','S031',5.00,3500.00),(348,'TSS173478862','S039',2.00,30000.00),(349,'TSS173478862','S011',1.55,3209.00),(350,'TSS173478862','S001',3.25,14625.00),(351,'TSS173478862','S020',5.50,5940.00),(352,'TSS173478862','S015',14.75,42480.00),(353,'TSS173478862','S005',12.95,27972.00),(354,'TSS173478862','S006',1.60,864.00),(355,'TSS173478862','S023',3.60,14580.00),(356,'TSS173478862','S024',3.15,48195.00),(357,'TSS173478862','S021',8.35,45090.00),(358,'TSS227787300','S001',0.70,3150.00),(359,'TSS227787300','S023',0.95,3848.00),(360,'TSS239137340','S021',24.60,132840.00),(361,'TSS083194637','S024',0.60,9180.00),(362,'TSS083194637','S001',3.80,17100.00),(363,'TSS083194637','S003',0.90,7290.00),(364,'TSS083194637','S015',19.20,55296.00),(365,'TSS083194637','S005',15.85,34236.00),(366,'TSS083194637','S020',4.60,4968.00),(367,'TSS083194637','S023',2.35,9518.00),(368,'TSS121575012','S015',2.95,8496.00),(369,'TSS121575012','S001',1.65,7425.00),(370,'TSS614053466','S002',2.00,4320.00),(371,'TSS614053466','S005',2.05,4428.00),(372,'TSS614053466','S005',1.05,2268.00),(373,'TSS614053466','S015',10.35,29808.00),(374,'TSS904799901','S005',7.00,15120.00),(375,'TSS904799901','S020',2.80,3024.00),(376,'TSS898474305','S015',9.30,26784.00),(377,'TSS898474305','S002',1.70,3672.00),(378,'TSS898474305','S005',2.95,6372.00),(379,'TSS898474305','S020',2.05,2214.00),(380,'TSS251494490','S015',2.25,6480.00),(381,'TSS251494490','S005',4.50,9720.00),(382,'TSS772995866','S003',1.50,12150.00),(383,'TSS772995866','S005',2.60,5616.00),(384,'TSS772995866','S017',13.65,24570.00),(385,'TSS772995866','S031',0.90,630.00),(386,'TSS772995866','S009',0.20,1080.00),(387,'TSS772995866','S021',1.20,6480.00),(388,'TSS772995866','S020',5.25,5670.00),(389,'TSS772995866','S023',1.80,7290.00),(390,'TSS772995866','S015',8.20,23616.00),(391,'TSS653935997','S015',19.10,55008.00),(392,'TSS653935997','S002',0.75,1620.00),(393,'TSS653935997','S031',0.05,35.00),(394,'TSS653935997','S005',5.05,10908.00),(395,'TSS098091470','S005',1.45,3132.00),(396,'TSS098091470','S008',0.10,450.00),(397,'TSS098091470','S024',0.30,4590.00),(403,'TSS278708457','S015',18.80,54144.00),(404,'TSS278708457','S006',0.10,54.00),(405,'TSS278708457','S021',2.85,15390.00),(406,'TSS278708457','S001',0.75,3375.00),(407,'TSS278708457','S005',9.10,19656.00),(408,'TSS278708457','S024',0.65,9945.00),(409,'TSS278708457','S003',0.45,3645.00),(410,'TSS278708457','S006',0.80,432.00),(411,'TSS278708457','S008',0.20,900.00),(412,'TSS278708457','S029',1.15,518.00),(413,'TSS278708457','S032',10.00,30000.00),(414,'TSS461622279','S032',3.30,9900.00),(415,'TSS461622279','S015',1.55,4464.00),(416,'TSS884930516','S009',4.65,25110.00),(417,'TSS884930516','S002',2.30,4968.00),(418,'TSS884930516','S015',36.25,104400.00),(419,'TSS867678074','S005',3.00,6480.00),(420,'TSS867678074','S015',6.65,19152.00),(421,'TSS255463188','S005',2.85,6156.00),(422,'TSS255463188','S001',2.25,18225.00),(423,'TSS255463188','S020',2.75,2970.00),(424,'TSS255463188','S015',21.90,63072.00),(425,'TSS255463188','S003',0.30,2430.00),(426,'TSS255463188','S009',0.45,2430.00),(427,'TSS255463188','S008',0.25,1125.00),(428,'TSS255463188','S007',0.85,1148.00),(429,'TSS515367605','S001',4.50,20250.00),(430,'TSS515367605','S023',2.95,13275.00),(431,'TSS515367605','S005',4.80,10800.00),(432,'TSS515367605','S022',4.65,21762.00),(433,'TSS515367605','S020',0.95,1026.00),(434,'TSS515367605','S017',4.25,7650.00),(435,'TSS515367605','S028',7.00,1890.00),(436,'TSS515367605','S021',5.05,28179.00),(437,'TSS515367605','S024',3.00,54000.00),(438,'TSS515367605','S029',4.15,1494.00),(439,'TSS515367605','S015',33.55,96624.00),(440,'TSS888066220','S015',6.45,18576.00),(441,'TSS888066220','S005',0.80,1800.00),(442,'TSS888066220','S020',1.05,1134.00),(443,'TSS888066220','S001',0.40,1800.00),(453,'TSS456253632','S001',1.60,7200.00),(454,'TSS456253632','S015',14.50,41760.00),(455,'TSS456253632','S023',0.80,3600.00),(456,'TSS456253632','S008',0.30,1350.00),(457,'TSS456253632','S005',1.25,2813.00),(458,'TSS456253632','S024',0.50,9000.00),(459,'TSS456253632','S008',0.30,1350.00),(460,'TSS456253632','S020',1.55,1674.00),(461,'TSS456253632','S021',0.45,2511.00),(462,'TSS969866210','S023',1.20,5400.00),(463,'TSS969866210','S015',9.20,26496.00),(464,'TSS969866210','S020',5.75,6210.00),(465,'TSS969866210','S031',2.20,1540.00),(466,'TSS969866210','S005',5.20,11700.00),(467,'TSS969866210','S021',2.25,12555.00),(468,'TSS969866210','S029',6.30,2268.00),(469,'TSS969866210','S001',3.55,15975.00),(470,'TSS485477996','S023',0.85,3825.00),(471,'TSS485477996','S029',1.45,522.00),(472,'TSS485477996','S008',0.40,1800.00),(473,'TSS485477996','S013',0.10,315.00),(474,'TSS485477996','S003',0.20,1620.00),(475,'TSS485477996','S031',0.50,350.00),(476,'TSS485477996','S001',1.40,6300.00),(477,'TSS485477996','S005',4.00,9000.00),(478,'TSS485477996','S015',18.75,54000.00),(479,'TSS485477996','S022',3.00,14040.00),(480,'TSS485477996','S021',1.66,9237.00),(481,'TSS070535562','S015',16.15,46512.00),(482,'TSS070535562','S023',2.70,12150.00),(483,'TSS070535562','S005',2.10,4725.00),(484,'TSS070535562','S022',1.50,7020.00),(485,'TSS070535562','S001',2.15,9675.00),(486,'TSS070535562','S008',0.20,900.00),(487,'TSS070535562','S024',0.20,3600.00),(488,'TSS070535562','S003',0.20,1620.00),(489,'TSS070535562','S006',0.70,378.00),(490,'TSS070535562','S029',5.35,1926.00),(491,'TSS070535562','S031',0.25,175.00),(492,'TSS070535562','S020',5.65,6102.00),(493,'TSS070535562','S017',10.15,18270.00),(494,'TSS233257909','S021',17.70,98766.00),(495,'TSS233257909','S015',17.80,51264.00),(496,'TSS233257909','S001',3.25,14625.00),(497,'TSS233257909','S005',3.95,8888.00),(498,'TSS233257909','S023',4.85,21825.00),(499,'TSS718748918','S032',5.00,15000.00),(500,'TSS718748918','S015',2.95,8496.00),(501,'TSS718748918','S005',2.05,4613.00),(502,'TSS718748918','S020',0.80,864.00),(503,'TSS718748918','S031',0.10,70.00),(504,'TSS651221594','S007',7.10,9585.00),(505,'TSS152077110','S032',2.00,6000.00),(506,'TSS841830417','S011',14.60,30222.00),(507,'TSS841830417','S015',15.50,44640.00),(508,'TSS841830417','S005',32.70,73575.00),(509,'TSS841830417','S001',5.25,23625.00),(510,'TSS841830417','S023',40.25,181125.00),(511,'TSS841830417','S020',4.10,4432.00),(512,'TSS841830417','S021',17.75,99045.00),(513,'TSS841830417','S031',1.05,735.00),(514,'TSS841830417','S024',7.35,132300.00),(515,'TSS841830417','S022',1.00,4680.00),(516,'TSS458848004','S015',17.45,50256.00),(517,'TSS458848004','S005',1.20,2700.00),(518,'TSS845714408','S023',2.25,10125.00),(519,'TSS845714408','S015',2.40,6912.00),(520,'TSS845714408','S005',2.70,6075.00),(521,'TSS845714408','S020',2.50,2700.00),(522,'TSS270656624','S005',3.60,8100.00),(523,'TSS270656624','S015',1.31,3780.00),(524,'TSS270656624','S036',4.60,16560.00),(525,'TSS918149395','S015',32.85,94608.00),(526,'TSS918149395','S009',1.43,7695.00),(527,'TSS864370706','S001',0.45,2025.00),(528,'TSS864370706','S023',9.55,42978.00),(529,'TSS864370706','S021',4.50,25110.00),(530,'TSS864370706','S015',3.90,11232.00),(531,'TSS864370706','S032',5.00,15000.00),(532,'TSS864370706','S029',2.55,918.00),(533,'TSS864370706','S005',2.95,6638.00),(534,'TSS973285916','S005',0.35,788.00),(535,'TSS973285916','S001',0.45,2025.00),(536,'TSS973285916','S015',8.25,23760.00),(537,'TSS973285916','S003',0.15,1215.00),(538,'TSS635672650','S015',8.45,24336.00),(539,'TSS635672650','S023',0.40,1800.00),(540,'TSS635672650','S001',1.45,6525.00),(541,'TSS635672650','S031',0.25,175.00),(542,'TSS635672650','S005',2.35,5288.00),(543,'TSS635672650','S008',0.25,1125.00),(544,'TSS635672650','S009',0.35,1890.00),(545,'TSS136262732','S032',6.00,18000.00),(546,'TSS136262732','S005',1.90,4275.00),(547,'TSS136262732','S001',0.60,2700.00),(548,'TSS136262732','S008',0.70,3150.00),(549,'TSS136262732','S009',0.19,1012.00),(550,'TSS136262732','S015',1.70,4896.00),(551,'TSS010894261','S032',1.00,3000.00),(552,'TSS010894261','S022',1.70,7956.00),(553,'TSS010894261','S017',1.80,3240.00),(554,'TSS010894261','S005',8.55,19238.00),(555,'TSS010894261','S015',5.45,15696.00),(556,'TSS010894261','S025',12.60,28350.00),(557,'TSS010894261','S023',1.25,5625.00),(558,'TSS010894261','S003',0.10,810.00),(559,'TSS010894261','S001',0.80,3600.00),(560,'TSS010894261','S029',1.10,396.00),(561,'TSS010894261','S021',10.40,58032.00),(562,'TSS287008252','S009',2.25,12150.00),(563,'TSS287008252','S029',3.05,1098.00),(564,'TSS287008252','S015',8.30,23904.00),(565,'TSS287008252','S005',0.80,1800.00),(566,'TSS287008252','S023',0.90,4050.00),(567,'TSS287008252','S001',0.80,3600.00),(568,'TSS447257247','S001',1.45,6525.00),(569,'TSS447257247','S015',19.25,55440.00),(570,'TSS447257247','S029',2.80,1008.00),(571,'TSS447257247','S033',1.41,5712.00),(572,'TSS447257247','S020',0.80,864.00),(573,'TSS447257247','S005',2.40,5400.00),(574,'TSS447257247','S032',7.00,21000.00),(575,'TSS762338766','S015',35.85,96795.00),(576,'TSS582007835','S005',10.10,19998.00),(577,'TSS582007835','S015',13.15,35505.00),(578,'TSS582007835','S005',2.30,4554.00),(579,'TSS582007835','S023',1.10,3465.00),(580,'TSS582007835','S001',1.15,5693.00),(581,'TSS582007835','S003',0.35,2363.00),(582,'TSS582007835','S006',0.80,504.00),(583,'TSS582007835','S029',5.60,2016.00),(584,'TSS582007835','S020',1.05,1134.00),(585,'TSS582007835','S031',0.55,385.00),(586,'TSS582007835','S024',0.20,3420.00),(587,'TSS582007835','S008',0.15,405.00),(598,'TSS308358709','S015',74.75,201825.00),(599,'TSS308358709','S033',1.35,5468.00),(600,'TSS308358709','S012',0.90,3402.00),(601,'TSS308358709','S003',2.00,13500.00),(602,'TSS308358709','S007',1.60,2880.00),(603,'TSS308358709','S020',3.30,3564.00),(604,'TSS308358709','S005',12.45,24651.00),(605,'TSS308358709','S029',5.65,2034.00),(606,'TSS308358709','S028',12.00,3240.00),(607,'TSS308358709','S023',8.00,25200.00),(608,'TSS308358709','S001',8.80,43560.00),(609,'TSS308358709','S032',5.00,15000.00),(610,'TSS034940666','S031',4.65,3255.00),(611,'TSS034940666','S015',49.40,133380.00),(612,'TSS034940666','S005',19.50,38610.00),(613,'TSS034940666','S020',10.85,11718.00),(614,'TSS034940666','S001',9.05,44798.00),(615,'TSS034940666','S008',2.45,6615.00),(616,'TSS034940666','S029',10.90,3924.00),(617,'TSS034940666','S023',2.00,6300.00),(618,'TSS256900952','S015',6.70,18090.00),(619,'TSS542914880','S033',7.65,30983.00),(620,'TSS542914880','S005',4.25,8415.00),(621,'TSS542914880','S020',3.45,3726.00),(622,'TSS542914880','S001',1.25,6188.00),(623,'TSS542914880','S024',0.70,11970.00),(624,'TSS542914880','S029',4.30,1548.00),(625,'TSS109196066','S015',28.05,75735.00),(626,'TSS260490127','S021',10.35,46575.00),(627,'TSS260490127','S012',0.90,3402.00),(628,'TSS260490127','S005',13.43,26591.00),(629,'TSS260490127','S023',1.30,4095.00),(630,'TSS260490127','S024',5.00,85500.00),(631,'TSS260490127','S031',0.85,595.00),(632,'TSS260490127','S015',25.00,67500.00),(633,'TSS260490127','S023',1.13,3560.00),(634,'TSS260490127','S005',5.65,11187.00),(635,'TSS260490127','S020',0.90,972.00),(636,'TSS260490127','S001',1.85,9158.00),(637,'TSS260490127','S008',0.25,675.00),(638,'TSS506911248','S015',7.20,19440.00),(639,'TSS506911248','S029',3.65,1314.00),(640,'TSS506911248','S020',10.15,10962.00),(641,'TSS506911248','S003',1.00,6750.00),(642,'TSS506911248','S005',0.95,1881.00),(643,'TSS506911248','S023',1.15,3623.00),(644,'TSS506911248','S008',0.45,1215.00),(645,'TSS506911248','S006',0.35,221.00),(646,'TSS506911248','S032',1.00,3000.00),(647,'TSS291719242','S032',4.50,13500.00),(648,'TSS291719242','S031',0.25,175.00),(649,'TSS291719242','S005',0.35,693.00),(650,'TSS291719242','S009',0.49,2632.00),(651,'TSS291719242','S001',0.80,3960.00),(652,'TSS291719242','S020',0.95,1026.00),(653,'TSS069040954','S005',4.45,8811.00),(654,'TSS069040954','S015',16.70,45090.00),(655,'TSS021070477','S015',29.70,80190.00),(656,'TSS021070477','S005',4.20,8316.00),(657,'TSS021070477','S001',4.65,23018.00),(658,'TSS021070477','S031',0.45,315.00),(659,'TSS021070477','S006',1.70,1071.00),(660,'TSS021070477','S023',1.75,5511.00),(661,'TSS021070477','S033',1.40,5670.00),(662,'TSS021070477','S003',0.70,4725.00),(663,'TSS021070477','S032',6.00,18000.00),(664,'TSS494826467','S005',2.69,5326.00),(665,'TSS494826467','S023',1.38,4352.00),(666,'TSS494826467','S001',3.45,17078.00),(667,'TSS494826467','S015',11.20,30240.00),(668,'TSS494826467','S032',1.00,3000.00),(669,'TSS092823875','S015',17.25,46575.00),(670,'TSS625247202','S005',1.40,2772.00),(671,'TSS625247202','S021',23.85,107328.00),(672,'TSS801903591','S005',1.25,2475.00),(673,'TSS801903591','S021',1.70,7650.00),(674,'TSS801903591','S007',3.35,6030.00),(675,'TSS801903591','S022',3.00,12150.00),(676,'TSS801903591','S031',0.45,315.00),(677,'TSS979958157','S005',6.70,13266.00),(678,'TSS979958157','S015',3.85,10395.00),(679,'TSS979958157','S005',14.10,27918.00),(680,'TSS979958157','S029',3.15,1134.00),(681,'TSS843251164','S015',3.65,9855.00),(682,'TSS843251164','S005',11.30,22374.00),(683,'TSS843251164','S017',2.75,4950.00),(684,'TSS843251164','S020',0.55,594.00),(685,'TSS843251164','S007',1.00,1800.00),(686,'TSS843251164','S023',1.05,3308.00),(687,'TSS843251164','S029',1.65,594.00),(688,'TSS843251164','S001',1.80,8910.00),(689,'TSS146176693','S021',4.10,18450.00),(690,'TSS146176693','S023',0.65,2048.00),(691,'TSS146176693','S005',5.80,11484.00),(692,'TSS146176693','S020',1.75,1890.00),(693,'TSS146176693','S006',3.00,1890.00),(694,'TSS514539463','S001',7.25,35888.00),(695,'TSS514539463','S003',2.10,14175.00),(696,'TSS514539463','S015',27.95,75465.00),(697,'TSS514539463','S020',15.40,16632.00),(698,'TSS514539463','S013',1.30,4092.00),(699,'TSS514539463','S005',6.30,12474.00),(700,'TSS514539463','S024',0.60,10260.00),(701,'TSS514539463','S023',2.50,7875.00),(702,'TSS514539463','S018',3.40,9180.00),(703,'TSS514539463','S017',6.25,11250.00),(704,'TSS514539463','S031',2.60,1820.00),(705,'TSS514539463','S045',1.05,945.00),(706,'TSS514539463','S007',0.80,1440.00),(707,'TSS514539463','S021',2.30,10350.00),(708,'TSS514539463','S009',0.50,2700.00),(709,'TSS514539463','S008',0.75,2025.00),(710,'TSS180210979','S001',1.10,5445.00),(711,'TSS180210979','S003',0.25,1687.00),(712,'TSS180210979','S008',0.20,540.00),(713,'TSS180210979','S009',0.25,1350.00),(714,'TSS180210979','S015',18.50,49950.00),(715,'TSS180210979','S020',1.20,1296.00),(716,'TSS180210979','S005',2.75,5445.00),(717,'TSS180210979','S006',0.30,189.00),(718,'TSS557319616','S015',14.70,39690.00),(719,'TSS557319616','S002',9.35,20196.00),(720,'TSS557319616','S023',2.65,8347.00),(721,'TSS557319616','S001',2.20,10890.00),(722,'TSS557319616','S005',2.80,5544.00),(723,'TSS557319616','S020',16.85,18198.00),(724,'TSS557319616','S046',24.05,21645.00),(725,'TSS082416647','S005',4.60,9108.00),(726,'TSS082416647','S020',3.70,3996.00),(727,'TSS082416647','S002',3.40,7344.00),(728,'TSS082416647','S015',45.30,122310.00),(729,'TSS943434891','S005',13.80,27324.00),(730,'TSS324244238','S015',1.95,5265.00),(731,'TSS324244238','S023',0.55,1732.00),(732,'TSS324244238','S029',1.40,504.00),(733,'TSS324244238','S020',1.55,1674.00),(734,'TSS324244238','S005',0.70,1386.00),(735,'TSS343754893','S015',6.95,18765.00),(736,'TSS343754893','S001',1.63,8075.00),(737,'TSS343754893','S023',1.25,3937.00),(738,'TSS343754893','S029',5.45,1962.00),(739,'TSS343754893','S005',1.95,3861.00),(740,'TSS089503723','S020',4.25,4593.00),(741,'TSS089503723','S021',3.25,14625.00),(742,'TSS089503723','S006',0.65,410.00),(743,'TSS089503723','S023',1.15,3623.00),(744,'TSS089503723','S005',3.00,5940.00),(745,'TSS089503723','S001',1.30,6435.00),(746,'TSS846127400','S002',6.65,14364.00),(747,'TSS846127400','S005',2.85,5643.00),(748,'TSS846127400','S015',65.80,177660.00),(749,'TSS174209652','S001',1.41,6982.00),(750,'TSS174209652','S005',3.40,6732.00),(751,'TSS174209652','S023',0.55,1732.00),(752,'TSS174209652','S029',1.65,594.00),(753,'TSS174209652','S024',1.15,19665.00),(754,'TSS174209652','S015',3.70,9990.00),(755,'TSS938078032','S007',25.95,46710.00),(756,'TSS162279910','S001',2.65,13118.00),(757,'TSS162279910','S005',2.95,5832.00),(758,'TSS401892051','S024',0.09,1620.00),(759,'TSS401892051','S029',1.95,702.00),(760,'TSS401892051','S015',5.55,15485.00),(761,'TSS401892051','S033',2.25,9112.00),(762,'TSS401892051','S037',0.75,3375.00),(763,'TSS401892051','S023',1.10,3960.00),(764,'TSS401892051','S020',1.80,2106.00),(765,'TSS377764732','S001',3.70,18315.00),(766,'TSS377764732','S020',2.82,3294.00),(767,'TSS377764732','S032',5.00,15000.00),(768,'TSS377764732','S031',1.50,1050.00),(769,'TSS377764732','S015',10.95,30551.00),(770,'TSS377764732','S021',2.28,11286.00),(771,'TSS377764732','S029',3.70,1332.00),(772,'TSS377764732','S005',7.15,14148.00),(773,'TSS377764732','S007',1.60,2160.00),(774,'TSS491435546','S015',19.05,53150.00),(775,'TSS491435546','S003',1.22,8798.00),(776,'TSS491435546','S001',4.25,21038.00),(777,'TSS491435546','S023',7.90,28440.00),(778,'TSS491435546','S005',8.29,16414.00),(779,'TSS491435546','S005',1.91,3780.00),(780,'TSS491435546','S020',2.68,3132.00),(781,'TSS491435546','S006',12.60,6804.00),(782,'TSS491435546','S031',0.65,455.00),(783,'TSS491435546','S029',10.00,3600.00),(784,'TSS491435546','S025',1.80,4050.00),(785,'TSS491435546','S032',5.00,15000.00),(786,'TSS973163187','S031',0.50,350.00),(787,'TSS973163187','S020',0.42,486.00),(788,'TSS973163187','S015',7.55,21065.00),(789,'TSS973163187','S001',0.30,1485.00),(790,'TSS973163187','S005',0.44,863.00),(791,'TSS973163187','S048',6.20,31000.00),(792,'TSS565575648','S005',6.00,11880.00),(793,'TSS565575648','S015',8.40,23436.00),(794,'TSS565575648','S017',4.92,10620.00),(795,'TSS565575648','S022',19.55,79178.00),(796,'TSS740888199','S015',10.15,28319.00),(797,'TSS740888199','S029',2.15,774.00),(798,'TSS740888199','S009',0.50,2700.00),(799,'TSS740888199','S005',0.76,1512.00),(800,'TSS740888199','S024',0.33,5670.00),(801,'TSS740888199','S005',1.85,3672.00),(807,'TSS455635777','S008',0.77,3825.00),(808,'TSS455635777','S024',0.14,2430.00),(809,'TSS455635777','S006',0.40,216.00),(810,'TSS455635777','S007',6.45,8708.00),(811,'TSS455635777','S017',1.29,2790.00),(812,'TSS455635777','S003',0.48,3442.00),(813,'TSS455635777','S032',7.00,21000.00),(814,'TSS455635777','S001',0.80,3960.00),(815,'TSS455635777','S015',7.95,22181.00),(816,'TSS455635777','S005',1.62,3208.00),(817,'TSS121314307','S020',3.74,4374.00),(818,'TSS121314307','S015',7.40,20646.00),(819,'TSS121314307','S023',1.80,6480.00),(820,'TSS121314307','S021',6.22,30780.00),(821,'TSS121314307','S005',2.84,5616.00),(822,'TSS275520038','S015',10.90,30411.00),(823,'TSS721232897','S046',11.50,10350.00),(824,'TSS721232897','S025',8.75,19688.00),(825,'TSS721232897','S015',13.40,37386.00),(826,'TSS721232897','S012',3.00,11340.00),(827,'TSS721232897','S005',11.02,21816.00),(828,'TSS721232897','S002',4.30,9288.00),(829,'TSS721232897','S023',4.45,16020.00),(830,'TSS721232897','S020',3.97,4644.00),(831,'TSS721232897','S022',4.40,17820.00),(832,'TSS721232897','S007',2.25,3038.00),(833,'TSS721232897','S003',0.64,4590.00),(834,'TSS097518459','S005',2.90,5746.00),(835,'TSS097518459','S015',6.30,17577.00),(836,'TSS714547451','S005',9.33,18468.00),(837,'TSS714547451','S015',7.90,22041.00),(838,'TSS714547451','S031',0.25,175.00),(839,'TSS087753453','S015',15.10,42129.00),(840,'TSS087753453','S005',8.40,16632.00),(841,'TSS087753453','S020',2.95,3456.00),(842,'TSS087753453','S017',1.67,3600.00),(843,'TSS100845422','S023',2.10,7560.00),(844,'TSS100845422','S015',0.80,2232.00),(845,'TSS465643392','S015',2.90,8091.00),(846,'TSS465643392','S005',3.55,7020.00),(847,'TSS465643392','S031',1.15,805.00),(848,'TSS821554109','S005',5.02,9936.00),(849,'TSS456021269','S001',3.15,15593.00),(850,'TSS456021269','S008',0.50,2475.00),(851,'TSS456021269','S003',0.37,2677.00),(852,'TSS456021269','S015',11.15,31109.00),(853,'TSS456021269','S020',15.69,18360.00),(854,'TSS456021269','S005',1.80,3564.00),(855,'TSS305826023','S015',40.00,111600.00),(856,'TSS305826023','S005',9.00,17820.00),(857,'TSS305826023','S008',4.47,22140.00),(858,'TSS931578425','S001',0.50,2475.00),(859,'TSS931578425','S015',8.65,24134.00),(860,'TSS832567969','S031',0.15,105.00),(861,'TSS832567969','S001',0.60,2970.00),(862,'TSS832567969','S011',1.95,4037.00),(863,'TSS832567969','S015',3.45,9625.00),(864,'TSS832567969','S023',0.75,2700.00),(865,'TSS832567969','S017',7.17,15480.00),(866,'TSS832567969','S005',3.22,6372.00),(867,'TSS108216428','S015',4.65,12974.00),(868,'TSS108216428','S001',1.55,7672.00),(869,'TSS108216428','S031',1.15,805.00),(870,'TSS108216428','S005',7.69,15228.00),(871,'TSS108216428','S022',3.90,15795.00),(872,'TSS108216428','S012',0.60,2268.00),(873,'TSS940348943','S029',3.55,1278.00),(874,'TSS940348943','S024',0.28,4860.00),(875,'TSS940348943','S005',1.75,3456.00),(876,'TSS940348943','S023',0.45,1620.00),(877,'TSS940348943','S032',6.00,18000.00),(878,'TSS940348943','S001',1.90,9405.00),(879,'TSS940348943','S015',6.45,17996.00),(880,'TSS917302681','S001',6.40,31680.00),(881,'TSS917302681','S005',7.15,14157.00),(882,'TSS917302681','S003',2.44,17551.00),(883,'TSS917302681','S023',3.09,11137.00),(884,'TSS917302681','S007',2.55,3443.00),(885,'TSS917302681','S020',6.65,7776.00),(886,'TSS917302681','S031',1.80,1260.00),(887,'TSS917302681','S015',20.52,57262.00),(888,'TSS060834995','S005',1.20,2376.00),(889,'TSS060834995','S020',0.46,540.00),(890,'TSS060834995','S001',0.85,4208.00),(891,'TSS060834995','S023',1.16,4158.00),(892,'TSS060834995','S015',1.41,3937.00),(893,'TSS060834995','S031',0.25,175.00),(894,'TSS665459366','S001',4.60,22770.00),(895,'TSS665459366','S009',2.65,14310.00),(896,'TSS665459366','S029',4.95,1782.00),(897,'TSS665459366','S021',4.35,21528.00),(898,'TSS665459366','S022',1.28,5184.00),(899,'TSS665459366','S005',18.15,35937.00),(900,'TSS665459366','S023',2.52,9058.00),(901,'TSS665459366','S024',2.09,35775.00),(902,'TSS665459366','S015',26.49,73912.00),(903,'TSS699000304','S015',3.71,10350.00),(904,'TSS699000304','S005',1.65,3267.00),(905,'TSS005286284','S015',14.60,40725.00),(906,'TSS005286284','S024',0.36,6075.00),(907,'TSS005286284','S001',5.95,29457.00),(908,'TSS005286284','S031',2.05,1435.00),(909,'TSS005286284','S020',11.31,13230.00),(910,'TSS005286284','S009',1.20,6480.00),(911,'TSS005286284','S013',2.10,6615.00),(912,'TSS005286284','S004',0.44,1980.00),(913,'TSS005286284','S005',2.70,5346.00),(914,'TSS005286284','S005',7.75,15345.00),(915,'TSS005286284','S023',2.93,10548.00),(916,'TSS005286284','S029',4.45,1602.00),(917,'TSS005286284','S006',1.40,756.00),(918,'TSS005286284','S022',0.40,1620.00),(919,'TSS005286284','S049',5.00,15000.00),(920,'TSS172304371','S015',3.47,9676.00),(921,'TSS172304371','S031',0.20,140.00),(922,'TSS172304371','S009',0.84,4520.00),(923,'TSS172304371','S005',1.15,2277.00),(924,'TSS172304371','S001',0.70,3465.00),(925,'TSS172304371','S049',5.50,16500.00),(926,'TSS172304371','S004',0.24,1080.00),(927,'TSS866502408','S015',8.83,24636.00),(928,'TSS866502408','S020',4.80,5616.00),(929,'TSS866502408','S003',0.64,4590.00),(930,'TSS866502408','S029',3.40,1224.00),(931,'TSS866502408','S005',2.45,4851.00),(932,'TSS866502408','S031',0.50,350.00),(933,'TSS866502408','S023',0.95,3415.00),(934,'TSS866502408','S024',0.16,2700.00),(935,'TSS866502408','S008',0.18,900.00),(936,'TSS866502408','S001',1.85,9158.00),(937,'TSS851501545','S020',0.97,1134.00),(938,'TSS851501545','S005',1.25,2475.00),(939,'TSS851501545','S001',0.45,2228.00),(940,'TSS851501545','S023',0.50,1782.00),(941,'TSS851501545','S015',1.33,3712.00),(942,'TSS350369374','S015',8.83,24637.00),(943,'TSS350369374','S023',0.99,3564.00),(944,'TSS350369374','S006',0.50,270.00),(945,'TSS350369374','S007',1.40,1890.00),(946,'TSS350369374','S020',2.82,3294.00),(947,'TSS350369374','S005',5.05,9999.00),(948,'TSS350369374','S001',0.90,4455.00),(949,'TSS350369374','S029',2.85,1026.00),(950,'TSS350369374','S002',0.15,324.00),(951,'TSS350369374','S031',0.90,630.00),(952,'TSS297715305','S001',3.00,14850.00),(953,'TSS297715305','S023',0.50,1782.00),(954,'TSS297715305','S005',1.65,3267.00),(955,'TSS297715305','S003',0.19,1350.00),(956,'TSS994081005','S015',3.39,9450.00),(957,'TSS994081005','S005',13.95,27621.00),(958,'TSS566166983','S023',1.28,4603.00),(959,'TSS566166983','S015',3.91,10912.00),(960,'TSS124427701','S005',3.60,7128.00),(961,'TSS124427701','S015',4.88,13612.00),(962,'TSS124427701','S020',4.38,5130.00),(963,'TSS124427701','S005',1.20,2376.00),(964,'TSS621066463','S005',2.95,5841.00),(965,'TSS404251656','S015',2.90,8100.00),(966,'TSS404251656','S002',1.65,3564.00),(967,'TSS404251656','S031',0.20,140.00),(968,'TSS067691900','S002',2.45,5292.00),(969,'TSS067691900','S015',10.52,29362.00),(970,'TSS067691900','S020',15.92,18630.00),(971,'TSS067691900','S005',6.00,11880.00),(972,'TSS067691900','S004',1.08,4860.00),(973,'TSS067691900','S029',10.00,3600.00),(974,'TSS067691900','S018',65.95,178065.00),(980,'TSS252906418','S020',1.02,1188.00),(981,'TSS252906418','S005',1.80,3564.00),(982,'TSS252906418','S002',2.45,5292.00),(983,'TSS252906418','S015',2.38,6637.00),(984,'TSS252906418','S017',16.29,35190.00),(985,'TSS259899700','S023',1.57,5645.00),(986,'TSS259899700','S005',1.70,3366.00),(987,'TSS476584045','S002',2.95,6372.00),(988,'TSS476584045','S015',35.12,97987.00),(989,'TSS011422971','S005',5.75,11385.00),(990,'TSS011422971','S015',5.97,16650.00),(991,'TSS011422971','S001',1.15,5690.00),(992,'TSS011422971','S023',1.36,4900.00),(993,'TSS011422971','S031',1.60,1120.00),(994,'TSS011422971','S020',7.85,9180.00),(995,'TSS011422971','S005',3.85,7623.00),(996,'TSS011422971','S029',13.10,4716.00),(997,'TSS052322581','S015',12.06,33637.00),(998,'TSS052322581','S020',1.45,1702.00),(999,'TSS052322581','S001',3.90,19305.00),(1000,'TSS052322581','S009',0.60,3240.00),(1001,'TSS052322581','S010',1.00,4050.00),(1002,'TSS052322581','S005',2.35,4653.00),(1003,'TSS052322581','S008',0.23,1125.00),(1004,'TSS052322581','S023',1.28,4603.00),(1005,'TSS857015723','S006',5.50,2970.00),(1006,'TSS857015723','S009',0.65,3510.00),(1007,'TSS857015723','S020',0.92,1080.00),(1008,'TSS857015723','S005',0.85,1683.00),(1009,'TSS286988194','S005',3.15,6237.00),(1010,'TSS286988194','S049',1.50,4500.00),(1011,'TSS286988194','S002',0.80,1728.00),(1012,'TSS286988194','S031',0.15,105.00),(1013,'TSS286988194','S029',1.30,468.00),(1014,'TSS286988194','S015',1.53,4275.00),(1015,'TSS097562798','S001',1.80,8910.00),(1016,'TSS097562798','S005',11.65,23067.00),(1017,'TSS097562798','S023',0.37,1336.00),(1018,'TSS097562798','S024',1.93,33075.00),(1019,'TSS097562798','S022',0.52,2106.00),(1020,'TSS097562798','S015',14.96,41737.00),(1021,'TSS097562798','S035',1.90,6840.00),(1022,'TSS097562798','S003',0.26,1890.00),(1023,'TSS097562798','S009',0.60,3240.00),(1024,'TSS097562798','S008',0.50,2475.00),(1025,'TSS097562798','S006',1.45,785.00),(1026,'TSS329364019','S031',3.35,2345.00),(1027,'TSS201250784','S015',17.78,49612.00),(1028,'TSS201250784','S017',12.71,27450.00),(1029,'TSS201250784','S005',2.70,5346.00),(1030,'TSS201250784','S017',12.71,27450.00),(1031,'TSS581883004','S004',1.00,3600.00),(1032,'TSS581883004','S001',0.50,2475.00),(1033,'TSS581883004','S024',0.90,12960.00),(1034,'TSS581883004','S005',4.95,10692.00),(1035,'TSS581883004','S031',1.40,980.00),(1036,'TSS581883004','S021',4.15,19422.00),(1037,'TSS246711104','S015',10.45,21632.00),(1038,'TSS246711104','S001',8.65,42818.00),(1039,'TSS246711104','S004',0.90,3240.00),(1040,'TSS246711104','S005',3.10,6696.00),(1041,'TSS246711104','S008',0.75,3038.00),(1042,'TSS246711104','S020',12.40,14508.00),(1043,'TSS246711104','S021',9.00,42120.00),(1044,'TSS631455729','S021',5.80,27144.00),(1045,'TSS831552106','S008',0.55,2228.00),(1046,'TSS831552106','S005',0.35,756.00),(1047,'TSS831552106','S032',2.00,6000.00),(1048,'TSS831552106','S005',4.05,8748.00),(1049,'TSS794963921','S015',7.55,15629.00),(1050,'TSS794963921','S005',6.45,13932.00),(1051,'TSS794963921','S021',18.50,86580.00),(1052,'TSS930149935','S001',3.60,17820.00),(1053,'TSS930149935','S015',10.18,21073.00),(1054,'TSS930149935','S020',7.64,8939.00),(1055,'TSS930149935','S005',6.14,13262.00),(1056,'TSS930149935','S021',5.04,23587.00),(1057,'TSS930149935','S024',0.72,10368.00),(1058,'TSS930149935','S008',1.26,5103.00),(1059,'TSS930149935','S023',1.34,4583.00),(1060,'TSS930149935','S029',3.70,1332.00),(1061,'TSS930149935','S031',2.65,1855.00),(1062,'TSS418131539','S017',15.30,20655.00),(1063,'TSS418131539','S015',31.35,64895.00),(1064,'TSS418131539','S029',5.40,1944.00),(1065,'TSS418131539','S020',3.50,4095.00),(1066,'TSS418131539','S023',2.10,7182.00),(1067,'TSS418131539','S007',0.75,1013.00),(1068,'TSS418131539','S005',14.70,31752.00),(1069,'TSS418131539','S001',4.75,23513.00),(1070,'TSS349946206','S007',0.70,945.00),(1071,'TSS349946206','S005',2.35,5076.00),(1072,'TSS349946206','S015',3.00,6210.00),(1073,'TSS349946206','S023',0.70,2394.00),(1074,'TSS349946206','S020',0.35,410.00),(1075,'TSS227219675','S001',1.25,6188.00),(1076,'TSS872938214','S009',2.20,11880.00),(1077,'TSS872938214','S020',0.20,234.00),(1078,'TSS872938214','S005',0.36,778.00),(1079,'TSS872938214','S012',0.78,2948.00),(1080,'TSS085495814','S015',2.10,4347.00),(1081,'TSS085495814','S033',1.45,5873.00),(1082,'TSS085495814','S006',0.40,216.00),(1083,'TSS085495814','S020',0.80,936.00),(1084,'TSS085495814','S005',3.50,7560.00),(1085,'TSS725166748','S001',0.40,1980.00),(1086,'TSS725166748','S017',8.15,11003.00),(1087,'TSS725166748','S029',1.05,378.00),(1088,'TSS889523498','S032',2.00,6000.00),(1089,'TSS570187418','S015',30.02,62141.00),(1090,'TSS884467107','S005',0.85,1836.00),(1091,'TSS884467107','S003',0.65,4095.00),(1092,'TSS884467107','S008',0.30,1215.00),(1093,'TSS884467107','S009',0.60,3240.00),(1094,'TSS337200858','S031',0.75,525.00),(1095,'TSS337200858','S001',0.35,1733.00),(1096,'TSS337200858','S005',0.60,1296.00),(1097,'TSS337200858','S015',1.25,2588.00),(1098,'TSS244435065','S001',1.45,7178.00),(1099,'TSS244435065','S005',2.45,5292.00),(1100,'TSS244435065','S011',5.35,11075.00),(1101,'TSS244435065','S003',0.80,5040.00),(1102,'TSS244435065','S015',3.55,7349.00),(1103,'TSS244435065','S024',48.85,703440.00),(1104,'TSS244435065','S021',26.05,121914.00),(1105,'TSS244435065','S005',4.85,10476.00),(1106,'TSS244435065','S023',4.25,14535.00),(1107,'TSS244435065','S020',15.85,18545.00),(1108,'TSS057522608','S023',2.20,7524.00),(1109,'TSS057522608','S015',3.55,7349.00),(1110,'TSS057522608','S005',1.80,3888.00),(1111,'TSS914389034','S033',2.00,8100.00),(1112,'TSS914389034','S015',0.10,207.00),(1113,'TSS188052871','S017',3.75,5063.00),(1114,'TSS188052871','S029',4.75,1710.00),(1115,'TSS188052871','S005',4.45,9612.00),(1116,'TSS188052871','S015',9.65,19976.00),(1117,'TSS990565671','S029',4.10,1476.00),(1118,'TSS990565671','S005',0.95,2052.00),(1119,'TSS990565671','S001',0.55,2723.00),(1120,'TSS443779364','S015',1.30,2691.00),(1121,'TSS443779364','S020',1.00,1170.00),(1122,'TSS443779364','S005',1.25,2700.00),(1123,'TSS443779364','S001',1.45,7178.00),(1124,'TSS493401753','S005',5.45,11772.00),(1125,'TSS493401753','S001',2.05,10148.00),(1126,'TSS493401753','S036',3.20,11520.00),(1127,'TSS493401753','S023',4.80,16416.00),(1128,'TSS493401753','S015',11.80,24426.00),(1129,'TSS664111869','S023',1.15,3933.00),(1130,'TSS664111869','S031',0.30,210.00),(1131,'TSS664111869','S005',2.05,4428.00),(1132,'TSS006112439','S015',1.90,3933.00),(1133,'TSS006112439','S023',0.80,2736.00),(1134,'TSS006112439','S001',0.25,1238.00),(1135,'TSS925554411','S020',3.00,3510.00),(1136,'TSS925554411','S006',1.15,621.00),(1137,'TSS925554411','S005',4.75,10260.00),(1138,'TSS914980037','S005',6.60,14256.00),(1139,'TSS914980037','S015',3.95,8177.00),(1140,'TSS914980037','S029',2.65,954.00),(1141,'TSS100866886','S001',0.80,3960.00),(1142,'TSS100866886','S023',0.85,2907.00),(1143,'TSS100866886','S037',0.50,2250.00),(1144,'TSS100866886','S015',3.60,7452.00),(1145,'TSS100866886','S029',8.30,2988.00),(1146,'TSS100866886','S024',1.70,24480.00),(1147,'TSS135344594','S015',12.05,24944.00),(1148,'TSS135344594','S005',13.80,29808.00),(1149,'TSS135344594','S031',0.55,385.00),(1150,'TSS135344594','S020',3.05,3569.00),(1151,'TSS135344594','S017',3.50,4725.00),(1152,'TSS135344594','S001',0.65,3218.00),(1153,'TSS135344594','S029',2.45,882.00),(1154,'TSS135344594','S013',0.15,473.00),(1155,'TSS135344594','S008',0.30,1215.00),(1156,'TSS135344594','S003',0.90,5670.00),(1157,'TSS135344594','S023',0.95,3249.00),(1158,'TSS135344594','S009',0.35,1890.00),(1159,'TSS135344594','S021',2.35,10998.00),(1165,'TSS682804756','S015',26.00,53820.00),(1166,'TSS682804756','S002',2.25,4860.00),(1167,'TSS283501504','S015',9.05,18734.00),(1168,'TSS283501504','S001',1.85,9158.00),(1169,'TSS820173138','S015',7.05,14594.00),(1170,'TSS543745740','S015',20.65,42746.00),(1171,'TSS543745740','S001',7.50,37125.00),(1172,'TSS707859283','S005',0.50,1080.00),(1173,'TSS024837788','S005',3.30,7128.00),(1174,'TSS024837788','S017',10.65,14378.00),(1175,'TSS891968088','S005',6.20,13392.00),(1176,'TSS891968088','S029',1.60,576.00),(1177,'TSS891968088','S031',0.10,70.00),(1178,'TSS891968088','S001',0.75,3713.00),(1179,'TSS891968088','S006',0.20,108.00),(1180,'TSS891968088','S011',7.95,16457.00),(1181,'TSS978571479','S015',6.35,13145.00),(1182,'TSS405498522','S032',3.00,9000.00),(1184,'TSS523258856','S005',4.85,10476.00),(1185,'TSS523258856','S031',0.65,455.00),(1186,'TSS523258856','S003',0.50,3150.00),(1187,'TSS523258856','S001',0.75,3713.00),(1188,'TSS523258856','S020',0.80,936.00),(1189,'TSS382357117','S021',18.16,85000.00),(1190,'TSS489686168','S008',0.70,1890.00),(1191,'TSS489686168','S002',3.90,8424.00),(1192,'TSS489686168','S005',11.10,21978.00),(1193,'TSS489686168','S001',0.45,2228.00),(1194,'TSS489686168','S023',1.05,3306.00),(1195,'TSS489686168','S015',10.00,27000.00),(1196,'TSS441684011','S015',9.50,21375.00),(1197,'TSS441684011','S005',3.75,7425.00),(1198,'TSS441684011','S017',7.92,17100.00),(1199,'TSS441684011','S005',8.20,16236.00),(1200,'TSS441684011','S029',1.95,702.00),(1212,'TSS031006285','S006',1.60,864.00),(1213,'TSS031006285','S031',2.00,1400.00),(1214,'TSS031006285','S001',3.70,18315.00),(1215,'TSS031006285','S005',9.95,21492.00),(1216,'TSS031006285','S020',4.90,5733.00),(1217,'TSS031006285','S015',6.65,13167.00),(1218,'TSS031006285','S008',0.55,2227.50),(1219,'TSS031006285','S023',0.70,2520.00),(1220,'TSS031006285','S009',0.47,2515.00),(1221,'TSS031006285','S024',0.40,5760.00),(1222,'TSS031006285','S013',0.90,2835.00),(1223,'TSS711737508','S001',0.50,2475.00),(1224,'TSS711737508','S006',1.40,756.00),(1225,'TSS711737508','S003',0.75,4725.00),(1226,'TSS711737508','S001',1.00,4950.00),(1227,'TSS711737508','S020',2.55,2983.50),(1228,'TSS711737508','S031',0.84,585.00),(1229,'TSS711737508','S029',4.35,1566.00),(1230,'TSS711737508','S023',0.40,1440.00),(1231,'TSS711737508','S005',1.50,3240.00),(1232,'TSS711737508','S008',0.15,607.50),(1233,'TSS711737508','S024',0.20,2880.00),(1234,'TSS711737508','S015',5.80,11484.00),(1235,'TSS240565583','S005',15.70,33912.00),(1236,'TSS240565583','S001',5.35,26482.50),(1237,'TSS240565583','S020',3.05,3568.50),(1238,'TSS240565583','S015',36.50,72270.00),(1239,'TSS240565583','S017',39.60,53460.00),(1240,'TSS240565583','S006',2.85,1539.00),(1241,'TSS240565583','S003',1.45,9135.00),(1242,'TSS240565583','S031',1.09,765.00),(1243,'TSS240565583','S023',2.05,7380.00),(1244,'TSS240565583','S029',3.50,1260.00),(1245,'TSS838749339','S021',7.58,35478.00),(1246,'TSS838749339','S012',3.90,14742.00),(1247,'TSS838749339','S023',0.90,3240.00),(1248,'TSS838749339','S005',1.50,3240.00),(1249,'TSS395676021','S021',1.30,6075.00),(1250,'TSS395676021','S015',7.45,14751.00),(1251,'TSS395676021','S001',0.55,2722.50),(1252,'TSS395676021','S005',2.90,6264.00),(1253,'TSS395676021','S008',0.15,607.50),(1254,'TSS395676021','S006',0.90,486.00),(1255,'TSS395676021','S020',0.90,1053.00),(1256,'TSS895882525','S052',18.05,64980.00),(1257,'TSS564621284','S005',5.85,12636.00),(1258,'TSS564621284','S006',6.35,3429.00),(1259,'TSS564621284','S001',3.05,15097.50),(1260,'TSS564621284','S015',17.50,34650.00),(1261,'TSS258257400','S005',5.65,12204.00),(1262,'TSS258257400','S029',2.45,882.00),(1263,'TSS258257400','S021',0.65,3159.00),(1264,'TSS258257400','S015',1.45,2871.00),(1265,'TSS258257400','S043',1.00,54000.00),(1266,'TSS644168180','S015',11.15,22077.00),(1267,'TSS644168180','S005',3.45,7452.00),(1268,'TSS644168180','S050',4.10,5535.00),(1269,'TSS837077950','S001',0.85,4207.50),(1270,'TSS837077950','S003',0.20,1260.00),(1271,'TSS837077950','S031',0.65,585.00),(1272,'TSS837077950','S009',0.25,1350.00),(1273,'TSS837077950','S008',0.50,2025.00),(1274,'TSS837077950','S006',0.55,297.00),(1275,'TSS837077950','S023',0.75,2700.00),(1276,'TSS837077950','S029',5.10,1836.00),(1277,'TSS837077950','S020',2.80,3276.00),(1278,'TSS837077950','S005',6.95,15012.00),(1279,'TSS837077950','S015',16.90,33462.00),(1280,'TSS837077950','S032',8.00,25200.00),(1281,'TSS837077950','S044',2.00,21600.00),(1282,'TSS900184495','S020',1.75,2047.50),(1283,'TSS900184495','S005',0.60,1296.00),(1284,'TSS900184495','S001',2.05,10147.50),(1285,'TSS900184495','S032',4.00,12600.00),(1286,'TSS502427883','S001',2.00,9900.00),(1287,'TSS502427883','S006',0.70,378.00),(1288,'TSS502427883','S003',0.25,1575.00),(1289,'TSS502427883','S024',4.45,64080.00),(1290,'TSS502427883','S015',5.55,10989.00),(1291,'TSS502427883','S017',2.40,3240.00),(1292,'TSS502427883','S018',1.15,4140.00),(1293,'TSS502427883','S029',1.30,468.00),(1294,'TSS502427883','S028',1.00,270.00),(1295,'TSS502427883','S022',3.00,11340.00),(1296,'TSS502427883','S005',5.15,11124.00),(1297,'TSS823932302','S015',3.10,6138.00),(1298,'TSS823932302','S013',0.65,2047.50),(1299,'TSS823932302','S005',5.10,11016.00),(1300,'TSS823932302','S005',5.25,11340.00),(1301,'TSS823932302','S001',2.05,10147.50),(1302,'TSS823932302','S021',10.60,51516.00),(1312,'TSS185635421','S033',4.00,16200.00),(1313,'TSS185635421','S001',2.95,14602.50),(1314,'TSS185635421','S050',1.60,2160.00),(1315,'TSS185635421','S023',1.45,5220.00),(1316,'TSS185635421','S037',1.50,6750.00),(1317,'TSS185635421','S005',2.75,5940.00),(1318,'TSS185635421','S020',0.20,234.00),(1319,'TSS185635421','S038',6.46,23247.00),(1320,'TSS185635421','S015',9.45,18711.00),(1321,'TSS976313499','S022',1.55,5859.00),(1322,'TSS976313499','S033',1.20,4860.00),(1323,'TSS976313499','S016',3.20,5760.00),(1324,'TSS976313499','S005',1.80,3888.00),(1325,'TSS976313499','S015',7.35,14553.00),(1326,'TSS976313499','S010',1.00,4050.00),(1327,'TSS976313499','S018',35.40,127440.00),(1328,'TSS976313499','S020',1.70,1989.00),(1329,'TSS349667178','S031',0.20,180.00),(1330,'TSS349667178','S035',1.70,6120.00),(1331,'TSS349667178','S005',3.50,7560.00),(1332,'TSS349667178','S001',0.85,4207.50),(1333,'TSS349667178','S032',1.00,3150.00),(1334,'TSS349667178','S050',6.05,8167.50),(1335,'TSS799805721','S005',15.20,32832.00),(1336,'TSS799805721','S015',20.15,39897.00),(1337,'TSS799805721','S021',15.85,77031.00),(1338,'TSS799805721','S005',14.60,31536.00),(1339,'TSS799805721','S007',2.70,9720.00),(1340,'TSS799805721','S050',1.10,1485.00),(1341,'TSS799805721','S019',1.05,2835.00),(1342,'TSS799805721','S017',16.95,22882.50),(1343,'TSS799805721','S018',4.70,16920.00),(1344,'TSS799805721','S031',0.45,405.00),(1345,'TSS799805721','S020',8.85,10354.50),(1346,'TSS799805721','S023',0.75,2700.00),(1347,'TSS799805721','S001',0.60,2970.00),(1348,'TSS799805721','S015',1.60,3168.00),(1349,'TSS412914954','S005',1.65,3564.00),(1350,'TSS412914954','S001',2.20,10890.00),(1351,'TSS937903022','S052',0.35,1260.00),(1352,'TSS937903022','S020',1.35,1579.50),(1353,'TSS937903022','S005',7.65,16524.00),(1354,'TSS937903022','S031',0.10,90.00),(1355,'TSS937903022','S006',0.40,216.00),(1356,'TSS937903022','S017',13.31,17968.50),(1357,'TSS672940514','S016',1.75,3150.00),(1358,'TSS672940514','S015',1.85,3663.00),(1359,'TSS672940514','S001',1.55,7672.50),(1360,'TSS672940514','S037',1.45,6525.00),(1361,'TSS672940514','S006',1.65,891.00),(1362,'TSS672940514','S020',2.10,2457.00),(1363,'TSS672940514','S038',5.15,19467.00),(1364,'TSS672940514','S009',1.05,5670.00),(1365,'TSS672940514','S008',0.25,1012.50),(1366,'TSS672940514','S005',8.50,18360.00),(1367,'TSS672940514','S023',1.75,6300.00),(1368,'TSS345384648','S031',0.55,495.00),(1369,'TSS345384648','S020',1.50,1755.00),(1370,'TSS046176231','S020',5.45,6376.50),(1371,'TSS046176231','S001',1.10,5445.00),(1372,'TSS046176231','S015',4.55,9009.00),(1373,'TSS046176231','S023',0.95,3420.00),(1374,'TSS046176231','S008',0.50,2025.00),(1375,'TSS046176231','S005',1.15,2484.00),(1376,'TSS046176231','S029',5.35,1926.00),(1377,'TSS775836537','S023',0.70,2520.00),(1378,'TSS775836537','S008',0.10,405.00),(1379,'TSS775836537','S001',1.15,5692.50),(1380,'TSS775836537','S005',1.15,2484.00),(1381,'TSS775836537','S021',13.75,66825.00),(1382,'TSS011758729','S015',6.05,11979.00),(1383,'TSS011758729','S031',2.40,2160.00),(1384,'TSS011758729','S001',0.80,3960.00),(1385,'TSS011758729','S020',3.10,3627.00),(1386,'TSS011758729','S008',0.25,1012.50),(1387,'TSS011758729','S009',2.02,10908.00),(1388,'TSS497957746','S015',56.45,111771.00),(1389,'TSS497957746','S005',5.05,10908.00),(1390,'TSS497957746','S002',2.85,6156.00),(1391,'TSS497957746','S009',4.45,24030.00),(1392,'TSS324180352','S001',0.45,2227.50),(1393,'TSS324180352','S050',2.95,3982.50),(1394,'TSS324180352','S005',0.90,1944.00),(1395,'TSS324180352','S015',2.50,4950.00),(1396,'TSS324180352','S010',1.00,4050.00),(1397,'TSS907170805','S023',4.80,17280.00),(1398,'TSS907170805','S002',7.80,16848.00),(1399,'TSS907170805','S015',10.20,20196.00),(1400,'TSS907170805','S005',1.05,2268.00),(1401,'TSS070151196','S007',1.90,6840.00),(1402,'TSS070151196','S033',17.20,69660.00),(1403,'TSS070151196','S001',5.45,26977.50),(1404,'TSS070151196','S022',1.10,4158.00),(1405,'TSS070151196','S015',12.15,24057.00),(1406,'TSS070151196','S008',4.05,16402.50),(1407,'TSS070151196','S005',0.95,2052.00),(1408,'TSS070151196','S051',1.00,1800.00),(1409,'TSS073554379','S031',0.25,225.00),(1410,'TSS073554379','S021',16.70,81162.00),(1411,'TSS073554379','S024',0.95,13680.00),(1412,'TSS073554379','S020',1.90,2223.00),(1413,'TSS073554379','S015',5.95,11781.00),(1414,'TSS073554379','S005',9.00,19440.00),(1415,'TSS073554379','S001',1.15,5692.50),(1416,'TSS073554379','S050',0.40,540.00),(1417,'TSS073554379','S023',1.10,3960.00),(1418,'TSS073554379','S022',1.30,4914.00),(1419,'TSS597184791','S049',6.30,18900.00),(1420,'TSS683562244','S001',0.60,2970.00),(1421,'TSS683562244','S005',6.70,14472.00),(1422,'TSS683562244','S021',1.35,6561.00),(1423,'TSS683562244','S020',0.95,1111.50),(1424,'TSS683562244','S015',3.00,5940.00),(1425,'TSS683562244','S029',2.25,810.00),(1426,'TSS683562244','S023',0.30,1080.00),(1427,'TSS683562244','S031',1.91,1719.00),(1428,'TSS683562244','S032',2.00,6300.00),(1429,'TSS351418262','S001',6.95,34402.50),(1430,'TSS351418262','S029',5.20,1872.00),(1431,'TSS405966688','S015',9.20,18216.00),(1432,'TSS405966688','S050',0.50,675.00),(1433,'TSS405966688','S003',0.50,3150.00),(1434,'TSS405966688','S001',0.30,1485.00),(1435,'TSS405966688','S020',2.25,2632.50),(1436,'TSS405966688','S033',1.20,4860.00),(1437,'TSS405966688','S023',0.90,3240.00),(1438,'TSS405966688','S029',1.95,702.00),(1439,'TSS405966688','S005',2.90,6264.00),(1440,'TSS194415838','S024',0.20,2880.00),(1441,'TSS194415838','S015',2.50,4950.00),(1442,'TSS194415838','S001',0.20,990.00),(1443,'TSS194415838','S020',2.55,2983.50),(1444,'TSS194415838','S005',0.80,1728.00),(1445,'TSS194415838','S003',0.75,4725.00),(1446,'TSS194415838','S029',0.85,306.00),(1447,'TSS559184730','S005',4.30,9288.00),(1448,'TSS559184730','S020',1.70,1989.00),(1449,'TSS559184730','S015',9.15,18117.00),(1450,'TSS682064146','S015',19.75,39105.00),(1451,'TSS682064146','S031',1.50,1350.00),(1452,'TSS682064146','S005',2.65,5724.00),(1453,'TSS682064146','S020',4.20,4914.00),(1454,'TSS682064146','S002',0.80,1728.00),(1455,'TSS536718808','S015',7.40,14652.00),(1456,'TSS536718808','S005',0.65,1404.00),(1457,'TSS536718808','S005',2.15,4644.00),(1458,'TSS536718808','S002',3.45,7452.00),(1459,'TSS431964818','S015',5.60,11088.00),(1460,'TSS431964818','S029',4.20,1512.00),(1461,'TSS431964818','S006',1.75,945.00),(1462,'TSS575516956','S006',0.75,405.00),(1463,'TSS575516956','S001',0.80,3960.00),(1464,'TSS575516956','S005',3.40,7344.00),(1465,'TSS575516956','S023',0.60,2160.00),(1466,'TSS575516956','S031',1.20,1080.00),(1467,'TSS575516956','S015',7.50,14850.00),(1468,'TSS439563204','S015',20.65,40887.00),(1469,'TSS439563204','S023',3.15,11340.00),(1470,'TSS439563204','S001',2.40,11880.00),(1471,'TSS439563204','S020',1.35,1579.50),(1472,'TSS439563204','S005',7.50,16200.00),(1473,'TSS439563204','S024',6.20,89280.00),(1474,'TSS439563204','S021',9.75,47385.00),(1475,'TSS268357127','S020',2.60,3042.00),(1476,'TSS268357127','S005',0.50,1080.00),(1477,'TSS268357127','S031',0.30,270.00),(1478,'TSS268357127','S015',2.70,5346.00),(1479,'TSS529779651','S015',17.25,34155.00),(1480,'TSS529779651','S029',3.50,1260.00),(1481,'TSS529779651','S001',1.00,4950.00),(1482,'TSS782915034','S002',2.55,5508.00),(1484,'TSS845947583','S021',3.34,16213.50),(1485,'TSS267586197','S015',192.50,381150.00),(1519,'TSS621550051','S015',5.35,8185.50),(1520,'TSS621550051','S012',1.00,3780.00),(1521,'TSS621550051','S005',3.05,6862.50),(1522,'TSS530233254','S005',5.50,12375.00),(1523,'TSS530233254','S021',2.25,11137.50),(1524,'TSS530233254','S029',5.05,1818.00),(1525,'TSS594417079','S001',1.70,8874.00),(1526,'TSS594417079','S005',0.90,2025.00),(1527,'TSS594417079','S007',2.20,7920.00),(1528,'TSS594417079','S015',4.65,7114.50),(1529,'TSS258489874','S001',0.80,4176.00),(1530,'TSS258489874','S005',3.10,6975.00),(1531,'TSS258489874','S006',0.65,351.00),(1532,'TSS258489874','S008',0.10,405.00),(1533,'TSS258489874','S015',6.90,10557.00),(1534,'TSS258489874','S024',0.15,2430.00),(1535,'TSS258489874','S020',3.20,3744.00),(1536,'TSS258489874','S031',0.45,405.00),(1537,'TSS258489874','S029',2.00,720.00),(1538,'TSS050703496','S001',4.05,21141.00),(1539,'TSS050703496','S007',4.35,15660.00),(1540,'TSS050703496','S006',1.50,810.00),(1541,'TSS050703496','S020',2.70,3159.00),(1542,'TSS050703496','S015',10.30,15759.00),(1543,'TSS050703496','S005',1.00,2250.00),(1544,'TSS050703496','S008',0.85,3442.50),(1545,'TSS679704038','S001',0.50,2610.00),(1546,'TSS679704038','S032',5.00,15750.00),(1547,'TSS796811143','S003',0.60,3510.00),(1548,'TSS117137711','S001',2.20,11484.00),(1549,'TSS117137711','S005',3.00,6750.00),(1550,'TSS117137711','S023',2.45,8820.00),(1551,'TSS117137711','S008',0.45,1822.50),(1552,'TSS117137711','S024',0.20,3240.00),(1553,'TSS117137711','S021',7.60,37620.00),(1554,'TSS117137711','S029',1.25,450.00),(1555,'TSS117137711','S006',0.45,243.00),(1556,'TSS117137711','S032',1.00,3150.00),(1557,'TSS117137711','S031',0.20,180.00),(1558,'TSS117137711','S015',11.50,17595.00),(1559,'TSS117137711','S007',0.55,1980.00),(1560,'TSS648080953','S021',6.45,31927.50),(1561,'TSS648080953','S005',0.85,1912.50),(1562,'TSS648080953','S005',3.15,7087.50),(1563,'TSS648080953','S023',0.25,900.00),(1564,'TSS648080953','S015',18.80,28764.00),(1565,'TSS648080953','S007',0.40,1440.00),(1566,'TSS247275891','S001',1.55,8091.00),(1567,'TSS716577490','S005',1.15,2587.50),(1568,'TSS716577490','S015',2.70,4131.00),(1569,'TSS278150672','S032',3.00,9450.00),(1570,'TSS670191959','S005',3.80,8550.00),(1571,'TSS670191959','S023',3.20,11520.00),(1572,'TSS670191959','S021',0.95,4702.50),(1573,'TSS805752348','S015',23.60,36108.00),(1574,'TSS805752348','S005',1.90,4275.00),(1575,'TSS805752348','S003',0.45,2632.50),(1576,'TSS805752348','S024',0.20,3240.00),(1577,'TSS805752348','S008',0.15,607.50),(1578,'TSS805752348','S031',0.25,225.00),(1579,'TSS805752348','S009',0.10,540.00),(1580,'TSS805752348','S013',0.40,1440.00),(1581,'TSS576104853','S015',0.60,918.00),(1582,'TSS576104853','S005',1.30,2925.00),(1583,'TSS674585178','S020',1.75,2047.50),(1584,'TSS674585178','S015',3.75,5737.50),(1585,'TSS674585178','S005',0.90,2025.00),(1586,'TSS674585178','S001',0.30,1566.00),(1587,'TSS674585178','S008',0.10,405.00),(1588,'TSS674585178','S021',1.30,6435.00),(1589,'TSS081600282','S001',1.65,8613.00),(1590,'TSS081600282','S005',2.15,4837.50),(1591,'TSS081600282','S023',0.95,3420.00),(1592,'TSS448791524','S001',3.10,16182.00),(1593,'TSS448791524','S024',0.55,8910.00),(1594,'TSS448791524','S015',17.60,26928.00),(1595,'TSS448791524','S020',4.70,5499.00),(1596,'TSS448791524','S005',6.35,14287.50),(1597,'TSS448791524','S021',6.35,31432.50),(1598,'TSS448791524','S006',0.75,405.00),(1599,'TSS448791524','S029',8.70,3132.00),(1600,'TSS448791524','S023',1.80,6480.00),(1601,'TSS448791524','S031',2.00,1800.00),(1602,'TSS448791524','S005',3.90,8775.00),(1603,'TSS448791524','S032',5.00,15750.00),(1604,'TSS458963951','S001',6.65,34713.00),(1605,'TSS458963951','S023',3.70,13320.00),(1606,'TSS458963951','S020',3.80,4446.00),(1607,'TSS458963951','S007',0.75,2700.00),(1608,'TSS458963951','S005',11.25,25312.50),(1609,'TSS458963951','S015',50.25,76882.50),(1610,'TSS458963951','S029',4.20,1512.00),(1611,'TSS458963951','S024',1.00,16200.00),(1612,'TSS458963951','S031',0.55,495.00),(1613,'TSS458963951','S008',3.00,12150.00),(1614,'TSS322289854','S007',1.55,5580.00),(1615,'TSS322289854','S005',3.50,7875.00),(1616,'TSS322289854','S015',6.00,9180.00),(1617,'TSS322289854','S001',0.70,3654.00),(1618,'TSS322289854','S020',2.00,2340.00),(1619,'TSS391100116','S001',2.30,12006.00),(1620,'TSS391100116','S020',1.85,2164.50),(1621,'TSS391100116','S009',0.90,4860.00),(1622,'TSS391100116','S023',0.70,2520.00),(1623,'TSS391100116','S029',1.85,666.00),(1624,'TSS391100116','S015',3.90,5967.00),(1625,'TSS156289567','S001',1.50,7830.00),(1626,'TSS156289567','S015',8.30,12699.00),(1627,'TSS156289567','S005',7.20,16200.00),(1628,'TSS156289567','S008',0.40,1620.00),(1629,'TSS156289567','S037',0.55,2475.00),(1630,'TSS156289567','S003',0.45,2632.50),(1631,'TSS156289567','S006',0.25,135.00),(1632,'TSS156289567','S031',0.20,180.00),(1633,'TSS156289567','S029',1.00,360.00),(1634,'TSS156289567','S024',1.05,17010.00),(1635,'TSS156289567','S008',0.45,1822.50),(1636,'TSS156289567','S021',5.75,28462.50),(1637,'TSS156289567','S032',2.00,6300.00),(1649,'TSS017398181','S033',0.85,3060.00),(1650,'TSS017398181','S005',9.90,22275.00),(1651,'TSS017398181','S020',7.30,8541.00),(1652,'TSS017398181','S006',1.75,945.00),(1653,'TSS017398181','S003',0.30,1755.00),(1654,'TSS017398181','S015',4.45,6808.50),(1655,'TSS017398181','S008',10.25,41512.50),(1656,'TSS017398181','S001',1.35,7047.00),(1657,'TSS017398181','S029',2.45,882.00),(1658,'TSS017398181','S011',9.75,26325.00),(1659,'TSS017398181','S022',8.30,33615.00),(1660,'TSS017398181','S021',31.45,155677.50),(1661,'TSS638212889','S057',0.55,891.00),(1662,'TSS458720095','S001',1.50,7830.00),(1663,'TSS458720095','S020',0.85,994.50),(1664,'TSS458720095','S003',0.40,2340.00),(1665,'TSS458720095','S009',0.45,2430.00),(1666,'TSS458720095','S008',0.25,1012.50),(1667,'TSS458720095','S023',0.45,1620.00),(1668,'TSS458720095','S005',3.20,7200.00),(1669,'TSS458720095','S029',1.80,648.00),(1670,'TSS458720095','S021',2.00,9900.00),(1671,'TSS458720095','S005',1.20,2700.00),(1672,'TSS458720095','S024',0.65,10530.00),(1673,'TSS288866655','S021',1.70,8415.00),(1674,'TSS288866655','S031',1.30,1170.00),(1675,'TSS288866655','S005',20.45,46012.50),(1676,'TSS288866655','S023',1.85,6660.00),(1677,'TSS288866655','S015',4.50,6885.00),(1678,'TSS288866655','S006',0.35,189.00),(1679,'TSS288866655','S051',0.65,1170.00),(1680,'TSS288866655','S007',0.45,1620.00),(1681,'TSS288866655','S020',2.45,2866.50),(1682,'TSS288866655','S017',2.45,3307.50),(1683,'TSS288866655','S003',0.70,4095.00),(1684,'TSS288866655','S001',0.40,2088.00),(1685,'TSS288866655','S029',4.10,1476.00),(1686,'TSS468960829','S005',4.60,10350.00),(1687,'TSS468960829','S009',0.55,2970.00),(1688,'TSS468960829','S006',4.10,2214.00),(1689,'TSS043156950','S001',2.10,10962.00),(1690,'TSS043156950','S015',10.70,16371.00),(1691,'TSS043156950','S005',3.65,8212.50),(1692,'TSS043156950','S029',1.95,702.00),(1693,'TSS043156950','S020',0.55,643.50),(1694,'TSS043156950','S006',0.20,108.00),(1695,'TSS624984943','S023',0.65,2340.00),(1696,'TSS624984943','S002',7.20,15552.00),(1697,'TSS624984943','S005',3.70,8325.00),(1698,'TSS624984943','S055',1.00,72000.00),(1699,'TSS694933534','S015',4.80,7344.00),(1700,'TSS311197728','S023',2.45,8820.00),(1701,'TSS311197728','S020',0.65,760.50),(1702,'TSS311197728','S015',6.00,9180.00),(1703,'TSS026723061','S022',2.45,9922.50),(1704,'TSS026723061','S005',7.35,16537.50),(1705,'TSS026723061','S015',16.50,25245.00),(1706,'TSS026723061','S001',1.75,9135.00),(1707,'TSS026723061','S029',7.85,2826.00),(1708,'TSS026723061','S007',0.50,1800.00),(1709,'TSS026723061','S015',2.65,4054.50),(1710,'TSS026723061','S021',2.45,12127.50),(1711,'TSS026723061','S003',0.20,1170.00),(1712,'TSS026723061','S023',1.30,4680.00),(1713,'TSS026723061','S050',0.35,472.50),(1714,'TSS026723061','S046',0.15,135.00),(1715,'TSS026723061','S013',0.35,1260.00),(1716,'TSS026723061','S031',0.40,360.00),(1717,'TSS026723061','S008',0.35,1417.50),(1718,'TSS026723061','S009',0.10,540.00),(1719,'TSS059004460','S039',5.55,74925.00),(1720,'TSS059004460','S023',0.60,2160.00),(1721,'TSS059004460','S029',1.40,504.00),(1722,'TSS059004460','S024',0.20,3240.00),(1723,'TSS059004460','S020',6.20,7254.00),(1724,'TSS059004460','S002',0.55,1188.00),(1725,'TSS059004460','S015',2.75,4207.50),(1726,'TSS804415254','S015',7.10,10863.00),(1727,'TSS804415254','S020',8.45,9886.50),(1728,'TSS804415254','S005',2.75,6187.50),(1729,'TSS804415254','S001',1.75,9135.00),(1730,'TSS804415254','S005',2.00,4500.00),(1731,'TSS804415254','S023',2.85,10260.00),(1732,'TSS623299214','S015',3.70,5661.00),(1733,'TSS623299214','S020',0.95,1111.50),(1734,'TSS623299214','S005',1.05,2362.50),(1735,'TSS623299214','S051',2.50,4500.00),(1736,'TSS276593384','S005',1.40,3150.00),(1737,'TSS276593384','S031',1.50,1350.00),(1738,'TSS276593384','S002',0.75,1620.00),(1739,'TSS276593384','S020',1.70,1989.00),(1740,'TSS467215218','S006',0.45,243.00),(1741,'TSS467215218','S023',0.35,1260.00),(1742,'TSS467215218','S005',1.20,2700.00),(1743,'TSS467215218','S020',2.75,3217.50),(1744,'TSS467215218','S015',0.65,994.50),(1745,'TSS775972721','S001',2.20,11484.00),(1746,'TSS775972721','S023',0.60,2160.00),(1747,'TSS775972721','S029',2.90,1044.00),(1748,'TSS775972721','S015',4.55,6961.50),(1749,'TSS451313319','S015',111.80,171054.00),(1750,'TSS451313319','S020',8.55,10003.50),(1751,'TSS451313319','S005',4.65,10462.50),(1752,'TSS392520246','S005',9.90,22275.00),(1753,'TSS392520246','S021',8.50,42075.00),(1754,'TSS009098817','S002',4.75,10260.00),(1755,'TSS009098817','S016',43.00,77400.00),(1756,'TSS990080686','S005',8.85,19912.50),(1757,'TSS990080686','S021',13.45,66577.50),(1758,'TSS224859508','S001',0.85,4437.00),(1759,'TSS224859508','S005',3.35,7537.50),(1760,'TSS224859508','S020',1.20,1404.00),(1761,'TSS251010820','S015',3.55,5431.50),(1762,'TSS251010820','S005',2.45,5512.50),(1763,'TSS251010820','S023',1.30,4680.00),(1764,'TSS251010820','S020',1.65,1930.50),(1765,'TSS251010820','S001',1.05,5481.00),(1766,'TSS251010820','S009',0.60,3240.00),(1767,'TSS251010820','S006',0.85,459.00),(1768,'TSS133469094','S005',3.20,7200.00),(1769,'TSS133469094','S002',0.60,1296.00),(1770,'TSS133469094','S020',2.10,2457.00),(1771,'TSS286633061','S005',4.45,10012.50),(1772,'TSS286633061','S023',0.90,3240.00),(1773,'TSS286633061','S002',1.15,2484.00),(1774,'TSS286633061','S020',1.35,1579.50),(1775,'TSS286633061','S015',0.55,841.50),(1776,'TSS807468015','S021',8.35,41332.50),(1777,'TSS807468015','S001',3.20,16704.00),(1778,'TSS807468015','S015',5.60,8568.00),(1779,'TSS807468015','S020',3.75,4387.50),(1780,'TSS807468015','S005',10.95,24637.50),(1781,'TSS807468015','S023',4.20,15120.00),(1782,'TSS807468015','S003',0.85,4972.50),(1783,'TSS807468015','S036',4.30,15480.00),(1784,'TSS807468015','S024',14.25,230850.00);
/*!40000 ALTER TABLE `setor_sampah` ENABLE KEYS */;
UNLOCK TABLES;

--
-- Table structure for table `tarik_saldo`
--

DROP TABLE IF EXISTS `tarik_saldo`;
/*!40101 SET @saved_cs_client     = @@character_set_client */;
/*!40101 SET character_set_client = utf8 */;
CREATE TABLE `tarik_saldo` (
  `no` int(11) NOT NULL AUTO_INCREMENT,
  `id_transaksi` varchar(200) NOT NULL,
  `jumlah_tarik` decimal(65,4) NOT NULL,
  `description` text DEFAULT NULL,
  PRIMARY KEY (`no`),
  KEY `tarik_saldo_id_transaksi_foreign` (`id_transaksi`),
  CONSTRAINT `tarik_saldo_id_transaksi_foreign` FOREIGN KEY (`id_transaksi`) REFERENCES `transaksi` (`id`) ON DELETE CASCADE ON UPDATE CASCADE
) ENGINE=InnoDB AUTO_INCREMENT=37 DEFAULT CHARSET=utf8 COLLATE=utf8_general_ci;
/*!40101 SET character_set_client = @saved_cs_client */;

--
-- Dumping data for table `tarik_saldo`
--

LOCK TABLES `tarik_saldo` WRITE;
/*!40000 ALTER TABLE `tarik_saldo` DISABLE KEYS */;
INSERT INTO `tarik_saldo` VALUES (1,'TTS043538653',200000.0000,NULL),(2,'TTS632006446',700000.0000,NULL),(3,'TTS407937264',100000.0000,NULL),(4,'TTS547083461',200000.0000,NULL),(5,'TTS068860562',600000.0000,NULL),(6,'TTS654806525',35748.0000,NULL),(7,'TTS999229817',500000.0000,NULL),(8,'TTS896526474',500000.0000,NULL),(9,'TTS176981018',500000.0000,NULL),(10,'TTS751660236',200000.0000,NULL),(11,'TTS987479977',500000.0000,NULL),(12,'TTS834917966',300000.0000,NULL),(13,'TTS268835566',200000.0000,NULL),(14,'TTS227010141',50000.0000,NULL),(15,'TTS172370828',150000.0000,NULL),(16,'TTS936657524',200000.0000,NULL),(17,'TTS028912431',100000.0000,NULL),(18,'TTS968363063',85000.0000,NULL),(19,'TTS220143716',130000.0000,NULL),(20,'TTS591982958',70000.0000,NULL),(21,'TTS642344920',500000.0000,NULL),(22,'TTS914609358',500000.0000,NULL),(23,'TTS957345287',300000.0000,NULL),(24,'TTS517187838',200000.0000,NULL),(25,'TTS512108122',100000.0000,NULL),(26,'TTS244632588',300000.0000,NULL),(27,'TTS487258199',150000.0000,NULL),(28,'TTS715322528',150000.0000,NULL),(29,'TTS987469428',100000.0000,NULL),(30,'TTS502778071',200000.0000,NULL),(31,'TTS625266321',300000.0000,NULL),(32,'TTS332100496',300000.0000,NULL),(33,'TTS561568738',1500000.0000,NULL),(34,'TTS672632714',500000.0000,NULL),(35,'TTS881480021',197027.0000,NULL);
/*!40000 ALTER TABLE `tarik_saldo` ENABLE KEYS */;
UNLOCK TABLES;

--
-- Table structure for table `transaksi`
--

DROP TABLE IF EXISTS `transaksi`;
/*!40101 SET @saved_cs_client     = @@character_set_client */;
/*!40101 SET character_set_client = utf8 */;
CREATE TABLE `transaksi` (
  `no` int(11) NOT NULL AUTO_INCREMENT,
  `id` varchar(12) NOT NULL,
  `id_user` varchar(200) NOT NULL,
  `jenis_transaksi` varchar(50) NOT NULL,
  `date` bigint(20) NOT NULL,
  PRIMARY KEY (`id`),
  KEY `transaksi_id_user_foreign` (`id_user`),
  KEY `no` (`no`),
  CONSTRAINT `transaksi_id_user_foreign` FOREIGN KEY (`id_user`) REFERENCES `users` (`id`) ON DELETE CASCADE ON UPDATE CASCADE
) ENGINE=InnoDB AUTO_INCREMENT=338 DEFAULT CHARSET=utf8 COLLATE=utf8_general_ci;
/*!40101 SET character_set_client = @saved_cs_client */;

--
-- Dumping data for table `transaksi`
--

LOCK TABLES `transaksi` WRITE;
/*!40000 ALTER TABLE `transaksi` DISABLE KEYS */;
INSERT INTO `transaksi` VALUES (132,'TJS022799185','A001','penjualan sampah',1656223620),(159,'TJS113969608','A001','penjualan sampah',1659161220),(77,'TJS497644285','A001','penjualan sampah',1647652800),(108,'TJS751774587','A001','penjualan sampah',1653554460),(54,'TJS770298793','A001','penjualan sampah',1645142460),(29,'TJS807254777','A001','penjualan sampah',1641631020),(199,'TJS848616397','A001','penjualan sampah',1661068620),(137,'TSS005286284','0507008','penyetoran sampah',1659178560),(184,'TSS006112439','0505012','penyetoran sampah',1661065680),(331,'TSS009098817','0501001','penyetoran sampah',1667110320),(74,'TSS010894261','0506006','penyetoran sampah',1647651840),(152,'TSS011422971','0505011','penyetoran sampah',1659152520),(258,'TSS011758729','0509004','penyetoran sampah',1664112540),(313,'TSS017398181','0508006','penyetoran sampah',1667104620),(89,'TSS021070477','0503002','penyetoran sampah',1653540600),(195,'TSS024837788','0506009','penyetoran sampah',1661066520),(322,'TSS026723061','0507016','penyetoran sampah',1667108760),(232,'TSS031006285','0507008','penyetoran sampah',1664095080),(81,'TSS034940666','0507008','penyetoran sampah',1653538860),(12,'TSS041003192','0506004','penyetoran sampah',1641632280),(318,'TSS043156950','0503002','penyetoran sampah',1667107740),(256,'TSS046176231','0507012','penyetoran sampah',1664111820),(295,'TSS050703496','0509005','penyetoran sampah',1667098800),(153,'TSS052322581','0506005','penyetoran sampah',1659156900),(177,'TSS057522608','0505005','penyetoran sampah',1661065200),(323,'TSS059004460','0505005','penyetoran sampah',1667109360),(134,'TSS060834995','0507016','penyetoran sampah',1659170580),(148,'TSS067691900','0505002','penyetoran sampah',1659151560),(30,'TSS068932161','0507010','penyetoran sampah',1645177740),(88,'TSS069040954','0102001','penyetoran sampah',1653540480),(262,'TSS070151196','0504008','penyetoran sampah',1664113260),(60,'TSS070535562','0205001','penyetoran sampah',1647650040),(263,'TSS073554379','0507016','penyetoran sampah',1664113440),(307,'TSS081600282','0510007','penyetoran sampah',1667101500),(100,'TSS082416647','0505016','penyetoran sampah',1653551880),(40,'TSS083194637','0505002','penyetoran sampah',1645183860),(170,'TSS085495814','0507016','penyetoran sampah',1661064660),(122,'TSS087753453','0505016','penyetoran sampah',1656245160),(11,'TSS089144860','0509004','penyetoran sampah',1641632220),(104,'TSS089503723','0505003','penyetoran sampah',1653552240),(91,'TSS092823875','0506005','penyetoran sampah',1653542340),(15,'TSS093663581','0505005','penyetoran sampah',1641635160),(120,'TSS097518459','0505005','penyetoran sampah',1656244920),(156,'TSS097562798','0506006','penyetoran sampah',1659157860),(48,'TSS098091470','0506007','penyetoran sampah',1645138200),(123,'TSS100845422','0505012','penyetoran sampah',1656245340),(187,'TSS100866886','0502003','penyetoran sampah',1661065860),(130,'TSS108216428','0509004','penyetoran sampah',1656222540),(84,'TSS109196066','0507009','penyetoran sampah',1653539220),(298,'TSS117137711','0506008','penyetoran sampah',1667099220),(117,'TSS121314307','0507007','penyetoran sampah',1656243720),(41,'TSS121575012','0506004','penyetoran sampah',1645184040),(145,'TSS124427701','0505016','penyetoran sampah',1659151200),(21,'TSS129137123','0501001','penyetoran sampah',1641619260),(22,'TSS130131889','0506005','penyetoran sampah',1641619860),(335,'TSS133469094','0505006','penyetoran sampah',1667110680),(188,'TSS135344594','0505011','penyetoran sampah',1661065980),(33,'TSS135659314','0507012','penyetoran sampah',1645181460),(73,'TSS136262732','0506004','penyetoran sampah',1647651660),(96,'TSS146176693','0503001','penyetoran sampah',1653548400),(34,'TSS147074892','0102001','penyetoran sampah',1645181580),(64,'TSS152077110','0504001','penyetoran sampah',1647650580),(312,'TSS156289567','0506006','penyetoran sampah',1667104320),(109,'TSS162279910','0507001','penyetoran sampah',1656239100),(138,'TSS172304371','0510005','penyetoran sampah',1659148920),(37,'TSS173478862','0507008','penyetoran sampah',1645183440),(106,'TSS174209652','0502003','penyetoran sampah',1653552540),(98,'TSS180210979','0508001','penyetoran sampah',1653551460),(25,'TSS180700418','0505017','penyetoran sampah',1641620820),(245,'TSS185635421','0506005','penyetoran sampah',1664102940),(179,'TSS188052871','0505016','penyetoran sampah',1661065320),(10,'TSS192256505','0502003','penyetoran sampah',1641632160),(268,'TSS194415838','0102002','penyetoran sampah',1664059020),(158,'TSS201250784','0508001','penyetoran sampah',1659158940),(333,'TSS224859508','0509004','penyetoran sampah',1667110500),(168,'TSS227219675','0504006','penyetoran sampah',1661064540),(38,'TSS227787300','0502003','penyetoran sampah',1645183680),(61,'TSS233257909','0501002','penyetoran sampah',1647650340),(39,'TSS239137340','0505006','penyetoran sampah',1645183800),(234,'TSS240565583','0507002','penyetoran sampah',1664095860),(176,'TSS244435065','0505002','penyetoran sampah',1661065080),(161,'TSS246711104','0509005','penyetoran sampah',1661063640),(300,'TSS247275891','0504006','penyetoran sampah',1667100000),(2,'TSS249032893','0507017','penyetoran sampah',1641630960),(334,'TSS251010820','0505018','penyetoran sampah',1667110500),(45,'TSS251494490','0505005','penyetoran sampah',1645137720),(149,'TSS252906418','0505006','penyetoran sampah',1659152100),(53,'TSS255463188','0508001','penyetoran sampah',1645138980),(82,'TSS256900952','0507004','penyetoran sampah',1653539040),(239,'TSS258257400','0509011','penyetoran sampah',1664097720),(294,'TSS258489874','0205001','penyetoran sampah',1667097900),(150,'TSS259899700','0505018','penyetoran sampah',1659152280),(85,'TSS260490127','0507016','penyetoran sampah',1653539220),(9,'TSS262071879','0505011','penyetoran sampah',1641632040),(282,'TSS267586197','0502004','penyetoran sampah',1664075400),(275,'TSS268357127','0505005','penyetoran sampah',1664060640),(68,'TSS270656624','0505005','penyetoran sampah',1647651060),(118,'TSS275520038','0102001','penyetoran sampah',1656244020),(326,'TSS276593384','0505010','penyetoran sampah',1667109540),(302,'TSS278150672','0504009','penyetoran sampah',1667100180),(49,'TSS278708457','0503002','penyetoran sampah',1645138500),(191,'TSS283501504','0503002','penyetoran sampah',1661066340),(336,'TSS286633061','0505004','penyetoran sampah',1667110740),(155,'TSS286988194','0506007','penyetoran sampah',1659157620),(75,'TSS287008252','0508001','penyetoran sampah',1647652080),(316,'TSS288866655','0505011','penyetoran sampah',1667106720),(87,'TSS291719242','0510005','penyetoran sampah',1653540240),(36,'TSS291998017','0507002','penyetoran sampah',1645183080),(142,'TSS297715305','0502003','penyetoran sampah',1659150900),(20,'TSS301730054','0507008','penyetoran sampah',1641617340),(127,'TSS305826023','0501001','penyetoran sampah',1656218220),(80,'TSS308358709','0507002','penyetoran sampah',1653538560),(321,'TSS311197728','0505012','penyetoran sampah',1667108940),(310,'TSS322289854','0504008','penyetoran sampah',1667102100),(260,'TSS324180352','0502003','penyetoran sampah',1664112840),(102,'TSS324244238','0505006','penyetoran sampah',1653552000),(157,'TSS329364019','0500001','penyetoran sampah',1659158460),(175,'TSS337200858','0507019','penyetoran sampah',1661065020),(103,'TSS343754893','0505015','penyetoran sampah',1653552120),(255,'TSS345384648','0510005','penyetoran sampah',1664111760),(247,'TSS349667178','0506008','penyetoran sampah',1664109480),(167,'TSS349946206','0504001','penyetoran sampah',1661064420),(141,'TSS350369374','0507010','penyetoran sampah',1659150540),(266,'TSS351418262','0507003','penyetoran sampah',1664058720),(111,'TSS377764732','0507008','penyetoran sampah',1656239640),(221,'TSS382357117','0507018','penyetoran sampah',1656200820),(311,'TSS391100116','0506004','penyetoran sampah',1667102580),(330,'TSS392520246','0509004','penyetoran sampah',1667110200),(236,'TSS395676021','0509006','penyetoran sampah',1664097000),(110,'TSS401892051','0507009','penyetoran sampah',1656239220),(147,'TSS404251656','0505019','penyetoran sampah',1659151440),(198,'TSS405498522','0503001','penyetoran sampah',1661066700),(267,'TSS405966688','0507011','penyetoran sampah',1664058780),(249,'TSS412914954','0504006','penyetoran sampah',1664109840),(166,'TSS418131539','0507002','penyetoran sampah',1661064300),(272,'TSS431964818','0505019','penyetoran sampah',1664059680),(274,'TSS439563204','0505002','penyetoran sampah',1664060580),(231,'TSS441684011','0503002','penyetoran sampah',1659144120),(181,'TSS443779364','0505004','penyetoran sampah',1661065440),(31,'TSS446885932','0102002','penyetoran sampah',1645181040),(76,'TSS447257247','0503002','penyetoran sampah',1647652440),(308,'TSS448791524','0507008','penyetoran sampah',1667100420),(329,'TSS451313319','0502004','penyetoran sampah',1667109780),(116,'TSS455635777','0503002','penyetoran sampah',1656243360),(126,'TSS456021269','0501004','penyetoran sampah',1656217980),(57,'TSS456253632','0507010','penyetoran sampah',1647649440),(315,'TSS458720095','0508001','penyetoran sampah',1667106300),(66,'TSS458848004','0505016','penyetoran sampah',1647650820),(309,'TSS458963951','0507002','penyetoran sampah',1667101620),(50,'TSS461622279','0504001','penyetoran sampah',1645138740),(124,'TSS465643392','0505018','penyetoran sampah',1656245340),(327,'TSS467215218','0505003','penyetoran sampah',1667109540),(317,'TSS468960829','0503001','penyetoran sampah',1667107500),(151,'TSS476584045','0501001','penyetoran sampah',1659152400),(59,'TSS485477996','0507016','penyetoran sampah',1647649740),(229,'TSS489686168','0510003','penyetoran sampah',1653525660),(112,'TSS491435546','0507002','penyetoran sampah',1656240120),(182,'TSS493401753','0505017','penyetoran sampah',1661065500),(90,'TSS494826467','0506004','penyetoran sampah',1653541680),(259,'TSS497957746','0501001','penyetoran sampah',1664112660),(243,'TSS502427883','0506006','penyetoran sampah',1664100120),(86,'TSS506911248','0507012','penyetoran sampah',1653539940),(7,'TSS508942747','0507016','penyetoran sampah',1641631680),(24,'TSS509039677','0505002','penyetoran sampah',1641620280),(97,'TSS514539463','0505011','penyetoran sampah',1653549000),(55,'TSS515367605','0507002','penyetoran sampah',1647648540),(206,'TSS523258856','0506004','penyetoran sampah',1661036820),(276,'TSS529779651','0509009','penyetoran sampah',1664060760),(292,'TSS530233254','0509007','penyetoran sampah',1667098440),(271,'TSS536718808','0505016','penyetoran sampah',1664059560),(83,'TSS542914880','0507010','penyetoran sampah',1653539100),(193,'TSS543745740','0507003','penyetoran sampah',1661066460),(99,'TSS557319616','0505002','penyetoran sampah',1653551640),(269,'TSS559184730','0102001','penyetoran sampah',1664059140),(14,'TSS564208560','0510004','penyetoran sampah',1641632940),(238,'TSS564621284','0509005','penyetoran sampah',1664097480),(114,'TSS565575648','0507018','penyetoran sampah',1656242580),(144,'TSS566166983','0505012','penyetoran sampah',1659151140),(173,'TSS570187418','0509009','penyetoran sampah',1661064840),(273,'TSS575516956','0505018','penyetoran sampah',1664060460),(305,'TSS576104853','0510009','penyetoran sampah',1667100900),(160,'TSS581883004','0509004','penyetoran sampah',1661063520),(79,'TSS582007835','0205001','penyetoran sampah',1653529860),(28,'TSS582728041','0508001','penyetoran sampah',1641623820),(293,'TSS594417079','0509006','penyetoran sampah',1667098680),(264,'TSS597184791','0503005','penyetoran sampah',1664113860),(42,'TSS614053466','0505017','penyetoran sampah',1645184160),(146,'TSS621066463','0505003','penyetoran sampah',1659151380),(291,'TSS621550051','0509002','penyetoran sampah',1667098260),(325,'TSS623299214','0503006','penyetoran sampah',1667109360),(319,'TSS624984943','0505020','penyetoran sampah',1667108100),(92,'TSS625247202','0509002','penyetoran sampah',1653542400),(162,'TSS631455729','0509007','penyetoran sampah',1661063880),(72,'TSS635672650','0506005','penyetoran sampah',1647651540),(314,'TSS638212889','0508006','penyetoran sampah',1667106540),(13,'TSS640617948','0506006','penyetoran sampah',1641632760),(240,'TSS644168180','0503006','penyetoran sampah',1664098740),(299,'TSS648080953','0509011','penyetoran sampah',1667099700),(63,'TSS651221594','0507017','penyetoran sampah',1647650520),(47,'TSS653935997','0506006','penyetoran sampah',1645138080),(183,'TSS664111869','0505003','penyetoran sampah',1661065620),(135,'TSS665459366','0507002','penyetoran sampah',1659170760),(303,'TSS670191959','0510008','penyetoran sampah',1667100480),(254,'TSS672940514','0508001','penyetoran sampah',1664111460),(306,'TSS674585178','0508004','penyetoran sampah',1667101260),(296,'TSS679704038','0504004','penyetoran sampah',1667099100),(270,'TSS682064146','0505010','penyetoran sampah',1664059380),(190,'TSS682804756','0501001','penyetoran sampah',1661066340),(265,'TSS683562244','0507019','penyetoran sampah',1664114280),(320,'TSS694933534','0505015','penyetoran sampah',1667108880),(136,'TSS699000304','0507007','penyetoran sampah',1659171120),(194,'TSS707859283','0501002','penyetoran sampah',1661066520),(233,'TSS711737508','0205001','penyetoran sampah',1664095560),(121,'TSS714547451','0505017','penyetoran sampah',1656245040),(301,'TSS716577490','0504001','penyetoran sampah',1667100120),(27,'TSS718650958','0505016','penyetoran sampah',1641623700),(62,'TSS718748918','0510005','penyetoran sampah',1647650460),(119,'TSS721232897','0505002','penyetoran sampah',1656244440),(171,'TSS725166748','0504004','penyetoran sampah',1661064780),(3,'TSS740465043','0507002','penyetoran sampah',1641631020),(115,'TSS740888199','0102002','penyetoran sampah',1656242760),(5,'TSS758785361','0510005','penyetoran sampah',1641631500),(78,'TSS762338766','0507018','penyetoran sampah',1653529020),(46,'TSS772995866','0505011','penyetoran sampah',1645137780),(257,'TSS775836537','0510007','penyetoran sampah',1664112180),(328,'TSS775972721','0502003','penyetoran sampah',1667109600),(280,'TSS782915034','0510006','penyetoran sampah',1664063100),(164,'TSS794963921','0509008','penyetoran sampah',1661064000),(297,'TSS796811143','0205001','penyetoran sampah',1667099100),(248,'TSS799805721','0505011','penyetoran sampah',1664109540),(93,'TSS801903591','0506007','penyetoran sampah',1653542460),(324,'TSS804415254','0507007','penyetoran sampah',1667109360),(304,'TSS805752348','0509009','penyetoran sampah',1667100600),(337,'TSS807468015','0505002','penyetoran sampah',1667110740),(192,'TSS820173138','0506005','penyetoran sampah',1661066400),(125,'TSS821554109','0505004','penyetoran sampah',1656217860),(244,'TSS823932302','0510004','penyetoran sampah',1664100420),(32,'TSS826307290','0507004','penyetoran sampah',1645181220),(163,'TSS831552106','0509006','penyetoran sampah',1661063880),(129,'TSS832567969','0506006','penyetoran sampah',1656218460),(241,'TSS837077950','0503002','penyetoran sampah',1664099100),(235,'TSS838749339','0509010','penyetoran sampah',1664096760),(65,'TSS841830417','0505002','penyetoran sampah',1647650580),(95,'TSS843251164','0506006','penyetoran sampah',1653548160),(67,'TSS845714408','0505012','penyetoran sampah',1647650880),(281,'TSS845947583','0508005','penyetoran sampah',1664063460),(105,'TSS846127400','0501001','penyetoran sampah',1653552420),(140,'TSS851501545','0102002','penyetoran sampah',1659150300),(154,'TSS857015723','0503001','penyetoran sampah',1659157500),(70,'TSS864370706','0503001','penyetoran sampah',1647651240),(139,'TSS866502408','0205001','penyetoran sampah',1659149820),(52,'TSS867678074','0510004','penyetoran sampah',1645138920),(169,'TSS872938214','0504005','penyetoran sampah',1661064540),(16,'TSS875158485','0505004','penyetoran sampah',1641635340),(174,'TSS884467107','0507010','penyetoran sampah',1661064900),(51,'TSS884930516','0501001','penyetoran sampah',1645138800),(19,'TSS886059147','0205001','penyetoran sampah',1641617040),(56,'TSS888066220','0507004','penyetoran sampah',1647649020),(172,'TSS889523498','0506008','penyetoran sampah',1661064840),(196,'TSS891968088','0506006','penyetoran sampah',1661066580),(237,'TSS895882525','0509007','penyetoran sampah',1664097480),(18,'TSS896337704','0507012','penyetoran sampah',1641630840),(44,'TSS898474305','0505016','penyetoran sampah',1645184520),(242,'TSS900184495','0506004','penyetoran sampah',1664099940),(43,'TSS904799901','0505003','penyetoran sampah',1645184280),(261,'TSS907170805','0505017','penyetoran sampah',1664112960),(178,'TSS914389034','0505010','penyetoran sampah',1661065260),(186,'TSS914980037','0505015','penyetoran sampah',1661065800),(133,'TSS917302681','0501002','penyetoran sampah',1659170220),(69,'TSS918149395','0501001','penyetoran sampah',1647651120),(185,'TSS925554411','0504007','penyetoran sampah',1661065740),(165,'TSS930149935','0507008','penyetoran sampah',1661064060),(128,'TSS931578425','0502003','penyetoran sampah',1656218400),(1,'TSS936849977','0501002','penyetoran sampah',1641630600),(250,'TSS937903022','0506007','penyetoran sampah',1664109900),(107,'TSS938078032','0507017','penyetoran sampah',1653552780),(131,'TSS940348943','0506004','penyetoran sampah',1656222720),(101,'TSS943434891','0505005','penyetoran sampah',1653551940),(6,'TSS955738548','0507004','penyetoran sampah',1641631620),(58,'TSS969866210','0507008','penyetoran sampah',1647649620),(113,'TSS973163187','0507016','penyetoran sampah',1656240960),(71,'TSS973285916','0502003','penyetoran sampah',1647651420),(246,'TSS976313499','0508004','penyetoran sampah',1664109300),(197,'TSS978571479','0504008','penyetoran sampah',1661066700),(94,'TSS979958157','0510004','penyetoran sampah',1653547980),(17,'TSS984593225','0503001','penyetoran sampah',1641635580),(4,'TSS985348805','0507010','penyetoran sampah',1641631260),(26,'TSS989926318','0505006','penyetoran sampah',1641623520),(332,'TSS990080686','0510004','penyetoran sampah',1667110320),(180,'TSS990565671','0505006','penyetoran sampah',1661065380),(143,'TSS994081005','0505004','penyetoran sampah',1659151020),(23,'TSS999698354','0503002','penyetoran sampah',1641620160),(218,'TTS028912431','0507016','penarikan saldo',1656200400),(200,'TTS043538653','0102001','penarikan saldo',1650060600),(204,'TTS068860562','0503002','penarikan saldo',1655073720),(216,'TTS172370828','0507016','penarikan saldo',1647646740),(210,'TTS176981018','0507002','penarikan saldo',1645140420),(220,'TTS220143716','0507018','penarikan saldo',1656200700),(215,'TTS227010141','0507016','penarikan saldo',1641685140),(228,'TTS244632588','0506006','penarikan saldo',1659141060),(214,'TTS268835566','0507004','penarikan saldo',1653521760),(278,'TTS332100496','0505016','penarikan saldo',1659914760),(202,'TTS407937264','0502003','penarikan saldo',1647642900),(230,'TTS487258199','0510005','penarikan saldo',1659573960),(253,'TTS502778071','0508001','penarikan saldo',1659186540),(227,'TTS512108122','0506006','penarikan saldo',1647649800),(226,'TTS517187838','0506004','penarikan saldo',1647649440),(203,'TTS547083461','0503002','penarikan saldo',1643841660),(279,'TTS561568738','0501001','penarikan saldo',1658014740),(222,'TTS591982958','0507018','penarikan saldo',1656200940),(277,'TTS625266321','0505011','penarikan saldo',1664061480),(201,'TTS632006446','0205001','penarikan saldo',1647641820),(223,'TTS642344920','0505002','penarikan saldo',1647649020),(207,'TTS654806525','0507012','penarikan saldo',1641597360),(283,'TTS672632714','0507008','penarikan saldo',1664076900),(251,'TTS715322528','0508001','penarikan saldo',1641647280),(211,'TTS751660236','0507002','penarikan saldo',1647646020),(213,'TTS834917966','0507002','penarikan saldo',1656199680),(284,'TTS881480021','0507016','penarikan saldo',1664084100),(209,'TTS896526474','0507008','penarikan saldo',1647645900),(224,'TTS914609358','0505002','penarikan saldo',1650413880),(217,'TTS936657524','0507016','penarikan saldo',1653521940),(225,'TTS957345287','0505002','penarikan saldo',1659140280),(219,'TTS968363063','0507018','penarikan saldo',1653522300),(252,'TTS987469428','0508001','penarikan saldo',1647695280),(212,'TTS987479977','0507002','penarikan saldo',1653521220),(208,'TTS999229817','0507008','penarikan saldo',1645140240);
/*!40000 ALTER TABLE `transaksi` ENABLE KEYS */;
UNLOCK TABLES;

--
-- Table structure for table `users`
--

DROP TABLE IF EXISTS `users`;
/*!40101 SET @saved_cs_client     = @@character_set_client */;
/*!40101 SET character_set_client = utf8 */;
CREATE TABLE `users` (
  `id` varchar(18) NOT NULL,
  `email` varchar(200) DEFAULT NULL,
  `username` varchar(20) NOT NULL,
  `password` varchar(255) NOT NULL,
  `nama_lengkap` varchar(40) NOT NULL,
  `notelp` varchar(14) DEFAULT NULL,
  `nik` varchar(16) DEFAULT NULL,
  `alamat` varchar(255) DEFAULT NULL,
  `tgl_lahir` varchar(10) NOT NULL DEFAULT '00-00-0000',
  `kelamin` enum('laki-laki','perempuan') NOT NULL,
  `token` text DEFAULT NULL,
  `is_active` tinyint(1) NOT NULL DEFAULT 1,
  `last_active` bigint(19) NOT NULL DEFAULT 0,
  `otp` varchar(6) DEFAULT NULL,
  `is_verify` tinyint(1) NOT NULL DEFAULT 0,
  `privilege` varchar(10) NOT NULL,
  `created_at` bigint(20) NOT NULL,
  PRIMARY KEY (`id`),
  UNIQUE KEY `username` (`username`),
  UNIQUE KEY `email` (`email`),
  UNIQUE KEY `notelp` (`notelp`)
) ENGINE=InnoDB DEFAULT CHARSET=utf8 COLLATE=utf8_general_ci;
/*!40101 SET character_set_client = @saved_cs_client */;

--
-- Dumping data for table `users`
--

LOCK TABLES `users` WRITE;
/*!40000 ALTER TABLE `users` DISABLE KEYS */;
INSERT INTO `users` VALUES ('0102001',NULL,'0102001','Ir55GnIRfCrMBgtrqeGveQ==','ibu heri',NULL,NULL,NULL,'00-00-000','perempuan',NULL,1,1661927422,NULL,1,'nasabah',1661927422),('0102002',NULL,'0102002','RW4wxF05y+6nhe7RBzEbAA==','ibu linda',NULL,NULL,NULL,'00-00-000','perempuan',NULL,1,1661927422,NULL,1,'nasabah',1661927422),('0205001',NULL,'0205001','Qj9Y02HK0pjlVZWrqppvPw==','ibu triyana hartanti',NULL,NULL,NULL,'21-09-2022','perempuan',NULL,1,1661927422,NULL,1,'nasabah',1661927422),('0500001',NULL,'0500001','kRXR2U34IPYdN12i6MHoSw==','anie xixieboba',NULL,NULL,NULL,'07-09-2022','perempuan',NULL,1,1662539615,'082572',1,'nasabah',1662539615),('0501001','tesxx@gmail.com','0501001','HwEGJ3Rg6kx41yEXXjIS9w==','ibu nanang','081617217156','3674070310000088','Jl. Perkutut','02-09-2022','perempuan','eyJ0eXAiOiJKV1QiLCJhbGciOiJIUzI1NiJ9.eyJpZCI6IjA1MDEwMDEiLCJ1bmlxdWVpZCI6IjYzMTIzOWE4NzlhOGQiLCJwYXNzd29yZCI6IlhjZlViMUlWd0p2eFVWNTRVZklHVVE9PSIsInByaXZpbGVnZSI6Im5hc2FiYWgiLCJleHBpcmVkIjoxNjYyMTQyMzkyfQ.BND407oPaap9frAUHv7qNPgJt-yvFVaXggzLd85J3rU',1,1662138792,NULL,1,'nasabah',1661927422),('0501002','tesyy@gmail.com','0501002','A0MtHZ3OV/j6hxXQMmQUiA==','ibu supardi','085155352477','3674070310000999','indonesia','03-09-2022','perempuan',NULL,1,1662138627,NULL,1,'nasabah',1661927422),('0501003',NULL,'0501003','1PpGooB1E6FFAGGB7DlH+g==','ibu istiajid',NULL,NULL,NULL,'00-00-000','perempuan',NULL,1,1661927422,NULL,1,'nasabah',1661927422),('0501004',NULL,'0501004','kOP5H9LmcJuBmG2uk9yadQ==','ibu saino',NULL,NULL,NULL,'00-00-000','perempuan',NULL,1,1661927422,NULL,1,'nasabah',1661927422),('0502001',NULL,'0502001','MdlhXGkFE0LGNPSEFoHh2w==','ibu hayati',NULL,NULL,NULL,'00-00-000','perempuan',NULL,1,1661927422,NULL,1,'nasabah',1661927422),('0502003',NULL,'0502002','o4EqR20QlLqZ7NDAqlB/fg==','ibu jeanne',NULL,NULL,NULL,'00-00-000','perempuan',NULL,1,1661927422,NULL,1,'nasabah',1661927422),('0502004',NULL,'0502004','9wJCEIE/xXyjZjV9a2NeoQ==','bapak rusmin',NULL,NULL,NULL,'10-10-2022','laki-laki',NULL,1,1665371422,'441339',1,'nasabah',1665371422),('0503001',NULL,'0503001','EwBBohz2ztu/uaaofV4jgg==','roy',NULL,NULL,NULL,'07-09-2022','laki-laki',NULL,1,1662542133,'783242',1,'nasabah',1662542133),('0503002',NULL,'0503002','cdx/obwcSJjvBKazPjrQhQ==','ibu alex gimon',NULL,NULL,NULL,'07-09-2022','perempuan',NULL,1,1661927422,NULL,1,'nasabah',1661927422),('0503003',NULL,'0503003','Dnc678JZKdzBGk29rRy0gQ==','ibu maulana',NULL,NULL,NULL,'00-00-000','perempuan',NULL,1,1661927422,NULL,1,'nasabah',1661927422),('0503004',NULL,'0503004','Gz0LsBaF4JXYp/grB06KdQ==','ibu sudiyanto',NULL,NULL,NULL,'00-00-000','perempuan',NULL,1,1661927422,NULL,1,'nasabah',1661927422),('0503005',NULL,'0503005','Rfx05tcAjKaet/cBJlcxNw==','ibu mariam',NULL,NULL,NULL,'00-00-000','perempuan',NULL,1,1661927422,NULL,1,'nasabah',1661927422),('0503006',NULL,'0503006','2OfDaS87U6s49E7ZAJMnMw==','bu evi / mama sabrina',NULL,NULL,NULL,'09-10-2022','perempuan',NULL,1,1665308342,'744425',1,'nasabah',1665308342),('0504001',NULL,'0504001','4eY8hTrufLHNpDFXwz3aSQ==','ibu ririn',NULL,NULL,NULL,'00-00-000','perempuan',NULL,1,1661927422,NULL,1,'nasabah',1661927422),('0504002',NULL,'0504002','3dVJ8xlFeCxC141oVwJWPQ==','ibu hikmat',NULL,NULL,NULL,'00-00-000','perempuan',NULL,1,1661927422,NULL,1,'nasabah',1661927422),('0504003',NULL,'0504003','fJfqyyBGPS7KnNQHqMRDCQ==','pkk rt04',NULL,NULL,NULL,'07-09-2022','perempuan',NULL,1,1661927422,NULL,1,'nasabah',1661927422),('0504004',NULL,'0504004','hwr2O6bPgu4rERdp4SuOnA==','ibu gapno2',NULL,NULL,NULL,'00-00-000','perempuan',NULL,1,1661927423,NULL,1,'nasabah',1661927423),('0504005',NULL,'0504005','t8QRjayo88q4599CQ/Bf8g==','ibu indra',NULL,NULL,NULL,'00-00-000','perempuan',NULL,1,1661927423,NULL,1,'nasabah',1661927423),('0504006',NULL,'0504006','kzgfC2JVFdj1T7nOmhnE0Q==','ibu yusuf',NULL,NULL,NULL,'00-00-000','perempuan',NULL,1,1661927423,NULL,1,'nasabah',1661927423),('0504007',NULL,'0504007','cZ8kfr2Sk5NFb+w/5P2DEA==','ibu erikson',NULL,NULL,NULL,'00-00-000','perempuan',NULL,1,1661927423,NULL,1,'nasabah',1661927423),('0504008',NULL,'0504008','q/Kn98R7gZXIv0gVhsIS6g==','bapak herman',NULL,NULL,NULL,'','perempuan',NULL,1,1661927423,NULL,1,'nasabah',1661927423),('0504009',NULL,'0504009','010QjTwBdQCldSu6GOgrUQ==','drg. ani bambang',NULL,NULL,NULL,'','perempuan',NULL,1,1667097602,'038910',1,'nasabah',1667097602),('0505001',NULL,'0505001','45jLrxdV2PsciSJ4ToH/0A==','bapak eri kuswanda',NULL,NULL,NULL,'00-00-000','laki-laki',NULL,1,1661927423,NULL,1,'nasabah',1661927423),('0505002',NULL,'0505002','Mlu12k18XsJPUcPAuBXR+g==','ibu jamali',NULL,NULL,NULL,'00-00-000','laki-laki',NULL,1,1661927423,NULL,1,'nasabah',1661927423),('0505003',NULL,'0505003','McDnrxxlGyVe40SPkO4YSA==','bapak ruslan',NULL,NULL,NULL,'00-00-000','laki-laki',NULL,1,1661927423,NULL,1,'nasabah',1661927423),('0505004',NULL,'0505004','N7tM/45NZ/K/ZYHdjwrHDg==','ibu yoki',NULL,NULL,NULL,'00-00-000','perempuan',NULL,1,1661927423,NULL,1,'nasabah',1661927423),('0505005',NULL,'0505005','Ykmg1xw6JTSZxUzdhuzKVw==','ibu karsono',NULL,NULL,NULL,'00-00-000','perempuan',NULL,1,1663317204,NULL,1,'nasabah',1661927423),('0505006',NULL,'0505006','OhX1c7TExZ7nBRxQUwlSgQ==','ibu sulastri',NULL,NULL,NULL,'00-00-000','perempuan',NULL,1,1661927423,NULL,1,'nasabah',1661927423),('0505007',NULL,'0505007','JimATam4dTiJI/6s8UgpQw==','ibu ina',NULL,NULL,NULL,'00-00-000','perempuan',NULL,1,1661927423,NULL,1,'nasabah',1661927423),('0505008',NULL,'0505008','KzMSTgB1xDBzcXVK3PnXcg==','ibu sugi',NULL,NULL,NULL,'00-00-000','perempuan',NULL,1,1661927423,NULL,1,'nasabah',1661927423),('0505009',NULL,'0505009','sIGmN0oQHa2cGhdjQHOh8g==','ibu wita',NULL,NULL,NULL,'00-00-000','perempuan','eyJ0eXAiOiJKV1QiLCJhbGciOiJIUzI1NiJ9.eyJpZCI6IjA1MDUwMDkiLCJ1bmlxdWVpZCI6IjYzM2ViZmQ0Y2I5ZDQiLCJwYXNzd29yZCI6InNJR21OMG9RSGEyY0doZGpRSE9oOGc9PSIsInByaXZpbGVnZSI6Im5hc2FiYWgiLCJleHBpcmVkIjoxNjY1MTQzMTI0fQ.xe_4tKqG_FRMyaDiS5aEushNPum9VvVuq0GAfV0uaG4',1,1665056724,NULL,1,'nasabah',1661927423),('0505010',NULL,'0505010','umwOsAFD0+VawByPEjTeRw==','ibu pur',NULL,NULL,NULL,'00-00-000','perempuan',NULL,1,1665033423,NULL,1,'nasabah',1661927423),('0505011',NULL,'0505011','XPaSI614n/q9NDclczXZVA==','ibu yuni',NULL,NULL,NULL,'00-00-000','perempuan',NULL,1,1661927423,NULL,1,'nasabah',1661927423),('0505012',NULL,'0505012','M6CIemOlTJ83QF32+lFTOw==','ibu gita',NULL,NULL,NULL,'00-00-000','perempuan',NULL,1,1661927423,NULL,1,'nasabah',1661927423),('0505013',NULL,'0505013','5TRj1NGOX3LL/6JPElI5ow==','ibu selly',NULL,NULL,NULL,'00-00-000','perempuan',NULL,1,1661927423,NULL,1,'nasabah',1661927423),('0505014',NULL,'0505014','x/0kyUOMqundHe+8u07SJw==','misyel',NULL,NULL,NULL,'00-00-000','perempuan',NULL,1,1661927423,NULL,1,'nasabah',1661927423),('0505015',NULL,'0505015','Ih9KgGULMcX/XANiM9Aszg==','ibu sunarto',NULL,NULL,NULL,'00-00-000','perempuan',NULL,1,1661927423,NULL,1,'nasabah',1661927423),('0505016',NULL,'0505016','91VuERSafuPFEidHDIqZLg==','jira',NULL,NULL,NULL,'00-00-000','perempuan',NULL,1,1661927423,NULL,1,'nasabah',1661927423),('0505017',NULL,'0505017','ZjuuD9eIRjCmr/KaCoplig==','maisaroh',NULL,NULL,NULL,'00-00-000','perempuan',NULL,1,1661927423,NULL,1,'nasabah',1661927423),('0505018',NULL,'0505018','O33doMU6uDQxmCxgSRPnOg==','winda',NULL,NULL,NULL,'00-00-000','perempuan',NULL,1,1661927423,NULL,1,'nasabah',1661927423),('0505019',NULL,'0505019','pvTY0bLzUeRVqXjYXmdBYQ==','vina',NULL,NULL,NULL,'00-00-000','perempuan',NULL,1,1661927423,NULL,1,'nasabah',1661927423),('0505020',NULL,'0505020','HkmKmwcogC+VxmjWmMWTVw==','ibu vera',NULL,NULL,NULL,'','perempuan',NULL,1,1667108086,'492438',1,'nasabah',1667108086),('0506001',NULL,'0506001','+TR/yTQBszUlsDY3aPayjA==','ibu linda',NULL,NULL,NULL,'00-00-000','perempuan',NULL,1,1661927423,NULL,1,'nasabah',1661927423),('0506002',NULL,'0506002','TftT8MAmfkB4PMaKJB2BIQ==','ibu lina marlina',NULL,NULL,NULL,'00-00-000','perempuan',NULL,1,1661927423,NULL,1,'nasabah',1661927423),('0506003',NULL,'0506003','I+/0iLlW6/VkkxrjNw8+kQ==','ibu dadang',NULL,NULL,NULL,'00-00-000','perempuan',NULL,1,1661927423,NULL,1,'nasabah',1661927423),('0506004',NULL,'0506004','OlwgJtJ5MWp6ByIcEHUxcQ==','ibu dindin',NULL,NULL,NULL,'00-00-000','perempuan','eyJ0eXAiOiJKV1QiLCJhbGciOiJIUzI1NiJ9.eyJpZCI6IjA1MDYwMDQiLCJ1bmlxdWVpZCI6IjYzM2ViZGIxMTkwMDAiLCJwYXNzd29yZCI6Ik9sd2dKdEo1TVdwNkJ5SWNFSFV4Y1E9PSIsInByaXZpbGVnZSI6Im5hc2FiYWgiLCJleHBpcmVkIjoxNjY1MTQyNTc3fQ.9_SosNIXjKod9ER1qrGdukwRHgO4TbS2yHm9GcN13as',1,1665056177,NULL,1,'nasabah',1661927423),('0506005',NULL,'0506005','CAcrXCgnTAdjkeCacX/GkA==','ibu rinda',NULL,NULL,NULL,'00-00-000','perempuan',NULL,1,1661927423,NULL,1,'nasabah',1661927423),('0506006',NULL,'0506006','H2M+z75PgEg/9LuQys4k3w==','ibu andi',NULL,NULL,NULL,'00-00-000','perempuan',NULL,1,1661927423,NULL,1,'nasabah',1661927423),('0506007',NULL,'0506007','0L7dLnKsLqaBwuMnftEEvg==','ibu andrean',NULL,NULL,NULL,'07-09-2022','perempuan',NULL,1,1661927423,NULL,1,'nasabah',1661927423),('0506008',NULL,'0506008','6VsjyJ/u7ReZu10HTRGxng==','ibu umi adit',NULL,NULL,NULL,'07-09-2022','perempuan',NULL,1,1661927423,NULL,1,'nasabah',1661927423),('0506009',NULL,'0506009','J22mdbm4pL1VjA551xbIHw==','ibu lia',NULL,NULL,NULL,'00-00-000','perempuan',NULL,1,1661927423,NULL,1,'nasabah',1661927423),('0507001',NULL,'0507001','bijvPTCmjzlOFyI6TsUc4g==','ibu bbg utomo',NULL,NULL,NULL,'00-00-000','perempuan',NULL,1,1661927423,NULL,1,'nasabah',1661927423),('0507002',NULL,'0507002','cZNYyg+M9BnQQrTyh/+gPA==','ibu sudadi',NULL,NULL,NULL,'00-00-000','perempuan',NULL,1,1661927423,NULL,1,'nasabah',1661927423),('0507003',NULL,'0507003','YDqI8veXBH6Yac3y2JQ46g==','nisa',NULL,NULL,NULL,'00-00-000','perempuan',NULL,1,1661927423,NULL,1,'nasabah',1661927423),('0507004',NULL,'0507004','t3afUy87X03OP7NChcwfDg==','ibu endang akoen',NULL,NULL,NULL,'00-00-000','perempuan',NULL,1,1661927423,NULL,1,'nasabah',1661927423),('0507005',NULL,'0507005','Z8Z31To3pd+RmN6I3x1Kzg==','ibu agustina',NULL,NULL,NULL,'00-00-000','perempuan',NULL,1,1661927423,NULL,1,'nasabah',1661927423),('0507006',NULL,'0507006','axjZWF9WdCXTpnywNFYzUg==','ibu ahmad',NULL,NULL,NULL,'00-00-000','perempuan',NULL,1,1661927424,NULL,1,'nasabah',1661927424),('0507007',NULL,'0507007','jlql5bF7X6Vl/lhYs7N/2w==','ibu lilik',NULL,NULL,NULL,'00-00-000','perempuan',NULL,1,1661927424,NULL,1,'nasabah',1661927424),('0507008',NULL,'0507008','kQRTHwVau4vy5Yz4hiE67A==','yudith (ibu anung)',NULL,NULL,NULL,'00-00-000','perempuan',NULL,1,1667103269,NULL,1,'nasabah',1661927424),('0507009',NULL,'0507009','/mXynM0+W+Xo3ldVecYNdA==','putri (ibu bambang utomo)',NULL,NULL,NULL,'00-00-000','perempuan',NULL,1,1661927424,NULL,1,'nasabah',1661927424),('0507010',NULL,'0507010','uQ74Pq9wGJJQGnY1iP+FYw==','lestari (ibu bambang utomo)',NULL,NULL,NULL,'00-00-000','perempuan',NULL,1,1661927424,NULL,1,'nasabah',1661927424),('0507011',NULL,'0507011','o3Y8RKAZFCA6OFhPtxJnCQ==','esty (ibu bambang utomo)',NULL,NULL,NULL,'00-00-000','perempuan',NULL,1,1661927424,NULL,1,'nasabah',1661927424),('0507012',NULL,'0507012','jXdf1zMOvqFbCRULE0W5sQ==','ibu sugiharjo',NULL,NULL,NULL,'00-00-000','perempuan',NULL,1,1661927424,NULL,1,'nasabah',1661927424),('0507013',NULL,'0507013','2m6j2ViJuzQ+q268iLypKA==','ibu yati (ibu hilman)',NULL,NULL,NULL,'00-00-000','perempuan',NULL,1,1661927424,NULL,1,'nasabah',1661927424),('0507014',NULL,'0507014','CpWWsVbOw6N17EhIgkXkhA==','bapak kardi',NULL,NULL,NULL,'00-00-000','laki-laki',NULL,1,1661927424,NULL,1,'nasabah',1661927424),('0507015',NULL,'0507015','6D+r/0atVnxXX/qhd+gVIQ==','mita',NULL,NULL,NULL,'00-00-000','perempuan',NULL,1,1661927424,NULL,1,'nasabah',1661927424),('0507016',NULL,'0507016','GBSN49EEauVrqZENx2jfkg==','ibu jefri',NULL,NULL,NULL,'00-00-000','perempuan',NULL,1,1661927424,NULL,1,'nasabah',1661927424),('0507017',NULL,'0507017','vPDO+G8dTagUw7s0lTOyag==','bapak dimpo',NULL,NULL,NULL,'21-09-2022','laki-laki',NULL,1,1661927424,NULL,1,'nasabah',1661927424),('0507018',NULL,'0507018','PwNBkA4Lq+aPT2cbLXh8rQ==','ibu iyang bowo',NULL,NULL,NULL,'00-00-000','perempuan',NULL,1,1661927424,NULL,1,'nasabah',1661927424),('0507019',NULL,'0507019','ByGXKiOBeJ5dghqq9CJEeA==','ibu fitrah',NULL,NULL,NULL,'00-00-000','perempuan',NULL,1,1661927424,NULL,1,'nasabah',1661927424),('0508001',NULL,'0508001','L3XEQOOn62vYKiTwhwei4Q==','ibu yuniati',NULL,NULL,NULL,'','perempuan',NULL,1,1661927424,NULL,1,'nasabah',1661927424),('0508002',NULL,'0508002','D/yuekhK6kp5TFkD0T+Rgg==','ibu edi juanda',NULL,NULL,NULL,'00-00-000','perempuan',NULL,1,1661927424,NULL,1,'nasabah',1661927424),('0508003',NULL,'0508003','eSBEQFQZdy3/6hmCkq1KPg==','ibu max',NULL,NULL,NULL,'00-00-000','perempuan',NULL,1,1661927424,NULL,1,'nasabah',1661927424),('0508004',NULL,'0508004','vzW8RTl8Uh9EyFw4rCk9yA==','ibu sofie / joko rukminto',NULL,NULL,NULL,'09-10-2022','perempuan',NULL,1,1665318876,'743883',1,'nasabah',1665318876),('0508005',NULL,'0508005','BzSTawaEgwg8r6rRT+e7lQ==','bu enjun',NULL,NULL,NULL,'10-10-2022','perempuan',NULL,1,1665359272,'353134',1,'nasabah',1665359272),('0508006',NULL,'0508006','qWGLojgVT5AjSoUzfRBgWw==','ibu widia',NULL,NULL,NULL,'','perempuan',NULL,1,1667104460,'740465',1,'nasabah',1667104460),('0508007',NULL,'0508007','0cd3rgR0mn5eiL4cHDco8g==','ibu herdian',NULL,NULL,NULL,'','perempuan',NULL,1,1667107263,'027695',1,'nasabah',1667107263),('0509001',NULL,'0509001','/dqPM2LfpJyphYKY5oiUtQ==','ibu li slamet',NULL,NULL,NULL,'00-00-000','perempuan',NULL,1,1661927424,NULL,1,'nasabah',1661927424),('0509002',NULL,'0509002','7KhZ+XaK26NXir3RPO79ug==','ibu sri rahayu',NULL,NULL,NULL,'00-00-000','perempuan',NULL,1,1661946348,NULL,1,'nasabah',1661927424),('0509003',NULL,'0509003','NG5IBuUO/psALCvnVdfrVQ==','ibu ina',NULL,NULL,NULL,'00-00-000','perempuan',NULL,1,1661927424,NULL,1,'nasabah',1661927424),('0509004',NULL,'0509004','d83MMkdqyeR/KkSSUoNaCQ==','winny imam',NULL,NULL,NULL,'00-00-000','perempuan',NULL,1,1661927424,NULL,1,'nasabah',1661927424),('0509005',NULL,'0509005','ktl/YXoVEIzB9uM9BkMJDA==','ibu dirman',NULL,NULL,NULL,'00-00-000','perempuan',NULL,1,1661927424,NULL,1,'nasabah',1661927424),('0509006',NULL,'0509006','hiT6xGyCN9vFR+UZbhKr+g==','ibu eka sandra',NULL,NULL,NULL,'00-00-000','perempuan',NULL,1,1661927424,NULL,1,'nasabah',1661927424),('0509007',NULL,'0509007','SNGkV7hPxcG5rT0LqIIdRA==','ibu ana',NULL,NULL,NULL,'00-00-000','perempuan',NULL,1,1661927424,NULL,1,'nasabah',1661927424),('0509008',NULL,'0509008','ACob2ZrEosAhqqYJop5Glw==','bapak agung',NULL,NULL,NULL,'00-00-000','laki-laki',NULL,1,1661927424,NULL,1,'nasabah',1661927424),('0509009',NULL,'0509009','z8NwkYqnWnsjNuNBVutoBA==','riska',NULL,NULL,NULL,'00-00-000','perempuan',NULL,1,1661927424,NULL,1,'nasabah',1661927424),('0509010',NULL,'0509010','O+UKdBXcpBuvhgsfsj1QtQ==','kas rt09',NULL,NULL,NULL,'09-10-2022','laki-laki',NULL,1,1665306341,'564103',1,'nasabah',1665306341),('0509011',NULL,'0509011','/ti1XvwIXJGOk7QylNEXuw==','hj. mulyati',NULL,NULL,NULL,'09-10-2022','perempuan',NULL,1,1665307311,'341210',1,'nasabah',1665307311),('0510001',NULL,'0510001','8wVv2yRQlkD0DFUUmd5CTw==','bapak rusiman',NULL,NULL,NULL,'00-00-000','laki-laki',NULL,1,1661927424,NULL,1,'nasabah',1661927424),('0510002',NULL,'0510002','cO1T9gDM+dbXBKnjXzMYug==','ibu wati',NULL,NULL,NULL,'00-00-000','perempuan',NULL,1,1661927424,NULL,1,'nasabah',1661927424),('0510003',NULL,'0510003','HoPbq2qtLkouIsOyF5mobA==','ibu alfian',NULL,NULL,NULL,'31-08-2022','perempuan','eyJ0eXAiOiJKV1QiLCJhbGciOiJIUzI1NiJ9.eyJpZCI6IjA1MTAwMDMiLCJ1bmlxdWVpZCI6IjYzMzYzMzJjOGI0NTkiLCJwYXNzd29yZCI6IkhvUGJxMnF0TGtvdUlzT3lGNW1vYkE9PSIsInByaXZpbGVnZSI6Im5hc2FiYWgiLCJleHBpcmVkIjoxNjY0NTgyODI4fQ.bmJXhYG-nvCDnrcVYOhDD8yqYu3Qz2jUxa0zf0xFTdE',1,1664496428,NULL,1,'nasabah',1661927424),('0510004',NULL,'0510004','Ok4WhOG/NmfjspAhFmbe+w==','ibu hilal',NULL,NULL,NULL,'00-00-000','perempuan',NULL,1,1661927424,NULL,1,'nasabah',1661927424),('0510005',NULL,'0510005','xJt2V701H375jnszfYQYQA==','ibu endah',NULL,NULL,NULL,'31-08-2022','perempuan',NULL,1,1661927424,NULL,1,'nasabah',1661927424),('0510006',NULL,'0510006','51zqoWNVbo2NwPnZUHpEwg==','bapak sulis',NULL,NULL,NULL,'09-10-2022','laki-laki',NULL,1,1665321746,'779433',1,'nasabah',1665321746),('0510007',NULL,'0510007','w8jrm1Q2xfEluRVq1nH+kA==','ibu imah',NULL,NULL,NULL,'09-10-2022','laki-laki',NULL,1,1665321790,'598498',1,'nasabah',1665321790),('0510008',NULL,'0510008','CvOXivoqF88Brtolxa2+dQ==','ibu darwati',NULL,NULL,NULL,'','perempuan',NULL,1,1667100464,'480773',1,'nasabah',1667100464),('0510009',NULL,'0510009','8qzkz/6HpbEoUwUtrx+GmA==','ibu eti',NULL,NULL,NULL,'','perempuan',NULL,1,1667100918,'883123',1,'nasabah',1667100918),('A001','superadmin1@gmail.com','superadmin1','$2y$10$pXX0xsLpVYORnLyXmt7rSu4/xFyibBq91DAAPiJNjh4Ww9rbLCxxi','super admin 1',NULL,'1234567890123456',NULL,'30-06-2022','laki-laki','eyJ0eXAiOiJKV1QiLCJhbGciOiJIUzI1NiJ9.eyJpZCI6IkEwMDEiLCJ1bmlxdWVpZCI6IjY0ODg3M2I5MzQzNjQiLCJwYXNzd29yZCI6IiQyeSQxMCRwWFgweHNMcFZZT1JuTHlYbXQ3clN1NFwveEZ5aWJCcTkxREFBUGlKTmpoNFd3OXJiTEN4eGkiLCJwcml2aWxlZ2UiOiJzdXBlcmFkbWluIiwiZXhwaXJlZCI6MTY4Njc1MDUyMX0.d_gR8YGAVHDMP4KH1zdTjpb3dg0av4_UWH1AAR0Dmf0',1,1686664121,NULL,1,'superadmin',1656643582),('A002',NULL,'superadmin2','$2y$10$.Eh5MLln5RfAVeTyhXr7fuj47BUa6jsdGiKqI2zwZicr1O8bZJjsK','superadmin2','212121',NULL,'tes','31-08-2022','laki-laki',NULL,1,1667096816,NULL,1,'superadmin',1661928108),('A003',NULL,'superadmin3','$2y$10$DpSJtySgsjipGpqby3m65e/vW4ROJ9UvjtET/VvgPljWwS5nxoFem','superadmin3',NULL,NULL,NULL,'31-08-2022','laki-laki','eyJ0eXAiOiJKV1QiLCJhbGciOiJIUzI1NiJ9.eyJpZCI6IkEwMDMiLCJ1bmlxdWVpZCI6IjYzNWUxNzRkZTc0OTIiLCJwYXNzd29yZCI6IiQyeSQxMCREcFNKdHlTZ3NqaXBHcHFieTNtNjVlXC92VzRST0o5VXZqdEVUXC9WdmdQbGpXd1M1bnhvRmVtIiwicHJpdmlsZWdlIjoic3VwZXJhZG1pbiIsImV4cGlyZWQiOjE2NjcxOTcxMzN9.vmd3SlqrSjQDrb-W_DcSCTtApnHPE6SK7p1N22KZUCE',1,1667110733,NULL,1,'superadmin',1661928216),('A004',NULL,'Superadmin4','$2y$10$TG74BSgMXhQzILI6ggsowu3F9TKY8mJMEhL219Grw6h/4t11u08gC','superadmin4',NULL,NULL,NULL,'30-10-2022','perempuan','eyJ0eXAiOiJKV1QiLCJhbGciOiJIUzI1NiJ9.eyJpZCI6IkEwMDQiLCJ1bmlxdWVpZCI6IjYzNWUxMWQyZDFmMzIiLCJwYXNzd29yZCI6IiQyeSQxMCRURzc0QlNnTVhoUXpJTEk2Z2dzb3d1M0Y5VEtZOG1KTUVoTDIxOUdydzZoXC80dDExdTA4Z0MiLCJwcml2aWxlZ2UiOiJzdXBlcmFkbWluIiwiZXhwaXJlZCI6MTY2NzE5NTczMH0.dwE8vMMwXIBc8av2T8PqHIrOLI7iEpH2L-c-18JTBkw',1,1667109330,NULL,1,'superadmin',1667109328);
/*!40000 ALTER TABLE `users` ENABLE KEYS */;
UNLOCK TABLES;

--
-- Table structure for table `wilayah`
--

DROP TABLE IF EXISTS `wilayah`;
/*!40101 SET @saved_cs_client     = @@character_set_client */;
/*!40101 SET character_set_client = utf8 */;
CREATE TABLE `wilayah` (
  `id` int(11) NOT NULL AUTO_INCREMENT,
  `id_user` varchar(200) NOT NULL,
  `kodepos` varchar(10) NOT NULL,
  `kelurahan` varchar(200) NOT NULL,
  `kecamatan` varchar(200) NOT NULL,
  `kota` varchar(200) NOT NULL,
  `provinsi` varchar(200) NOT NULL,
  PRIMARY KEY (`id`),
  KEY `wilayah_id_user_foreign` (`id_user`),
  CONSTRAINT `wilayah_id_user_foreign` FOREIGN KEY (`id_user`) REFERENCES `users` (`id`) ON DELETE CASCADE ON UPDATE CASCADE
) ENGINE=InnoDB AUTO_INCREMENT=406 DEFAULT CHARSET=utf8 COLLATE=utf8_general_ci;
/*!40101 SET character_set_client = @saved_cs_client */;

--
-- Dumping data for table `wilayah`
--

LOCK TABLES `wilayah` WRITE;
/*!40000 ALTER TABLE `wilayah` DISABLE KEYS */;
INSERT INTO `wilayah` VALUES (289,'0205001','15148','cipondoh','cipondoh','tangerang selatan','banten'),(290,'0102001','15148','cipondoh','cipondoh','tangerang selatan','banten'),(291,'0102002','15148','cipondoh','cipondoh','tangerang selatan','banten'),(292,'0501001','15148','cipondoh','cipondoh','tangerang selatan','banten'),(293,'0501002','15148','cipondoh','cipondoh','tangerang selatan','banten'),(294,'0501003','15148','cipondoh','cipondoh','tangerang selatan','banten'),(295,'0501004','15148','cipondoh','cipondoh','tangerang selatan','banten'),(296,'0502001','15148','cipondoh','cipondoh','tangerang selatan','banten'),(297,'0502003','15148','cipondoh','cipondoh','tangerang selatan','banten'),(298,'0503002','15148','cipondoh','cipondoh','tangerang selatan','banten'),(300,'0503003','15148','cipondoh','cipondoh','tangerang selatan','banten'),(301,'0503004','15148','cipondoh','cipondoh','tangerang selatan','banten'),(302,'0503005','15148','cipondoh','cipondoh','tangerang selatan','banten'),(303,'0504001','15148','cipondoh','cipondoh','tangerang selatan','banten'),(304,'0504002','15148','cipondoh','cipondoh','tangerang selatan','banten'),(305,'0504003','15148','cipondoh','cipondoh','tangerang selatan','banten'),(306,'0504004','15148','cipondoh','cipondoh','tangerang selatan','banten'),(307,'0504005','15148','cipondoh','cipondoh','tangerang selatan','banten'),(308,'0504006','15148','cipondoh','cipondoh','tangerang selatan','banten'),(309,'0504007','15148','cipondoh','cipondoh','tangerang selatan','banten'),(310,'0504008','15148','cipondoh','cipondoh','tangerang selatan','banten'),(311,'0505001','15148','cipondoh','cipondoh','tangerang selatan','banten'),(312,'0505002','15148','cipondoh','cipondoh','tangerang selatan','banten'),(313,'0505003','15148','cipondoh','cipondoh','tangerang selatan','banten'),(314,'0505004','15148','cipondoh','cipondoh','tangerang selatan','banten'),(315,'0505005','15148','cipondoh','cipondoh','tangerang selatan','banten'),(316,'0505006','15148','cipondoh','cipondoh','tangerang selatan','banten'),(317,'0505007','15148','cipondoh','cipondoh','tangerang selatan','banten'),(318,'0505008','15148','cipondoh','cipondoh','tangerang selatan','banten'),(319,'0505009','15148','cipondoh','cipondoh','tangerang selatan','banten'),(320,'0505010','15148','cipondoh','cipondoh','tangerang selatan','banten'),(321,'0505011','15148','cipondoh','cipondoh','tangerang selatan','banten'),(322,'0505012','15148','cipondoh','cipondoh','tangerang selatan','banten'),(323,'0505013','15148','cipondoh','cipondoh','tangerang selatan','banten'),(324,'0505014','15148','cipondoh','cipondoh','tangerang selatan','banten'),(325,'0505015','15148','cipondoh','cipondoh','tangerang selatan','banten'),(326,'0505016','15148','cipondoh','cipondoh','tangerang selatan','banten'),(327,'0505017','15148','cipondoh','cipondoh','tangerang selatan','banten'),(328,'0505018','15148','cipondoh','cipondoh','tangerang selatan','banten'),(329,'0505019','15148','cipondoh','cipondoh','tangerang selatan','banten'),(330,'0506001','15148','cipondoh','cipondoh','tangerang selatan','banten'),(331,'0506002','15148','cipondoh','cipondoh','tangerang selatan','banten'),(332,'0506003','15148','cipondoh','cipondoh','tangerang selatan','banten'),(333,'0506004','15148','cipondoh','cipondoh','tangerang selatan','banten'),(334,'0506005','15148','cipondoh','cipondoh','tangerang selatan','banten'),(335,'0506006','15148','cipondoh','cipondoh','tangerang selatan','banten'),(336,'0506008','15148','cipondoh','cipondoh','tangerang selatan','banten'),(337,'0506007','15148','cipondoh','cipondoh','tangerang selatan','banten'),(338,'0506009','15148','cipondoh','cipondoh','tangerang selatan','banten'),(339,'0507001','15148','cipondoh','cipondoh','tangerang selatan','banten'),(340,'0507002','15148','cipondoh','cipondoh','tangerang selatan','banten'),(341,'0507003','15148','cipondoh','cipondoh','tangerang selatan','banten'),(342,'0507004','15148','cipondoh','cipondoh','tangerang selatan','banten'),(343,'0507005','15148','cipondoh','cipondoh','tangerang selatan','banten'),(344,'0507006','15148','cipondoh','cipondoh','tangerang selatan','banten'),(345,'0507007','15148','cipondoh','cipondoh','tangerang selatan','banten'),(346,'0507008','15148','cipondoh','cipondoh','tangerang selatan','banten'),(347,'0507009','15148','cipondoh','cipondoh','tangerang selatan','banten'),(348,'0507010','15148','cipondoh','cipondoh','tangerang selatan','banten'),(349,'0507011','15148','cipondoh','cipondoh','tangerang selatan','banten'),(350,'0507012','15148','cipondoh','cipondoh','tangerang selatan','banten'),(351,'0507013','15148','cipondoh','cipondoh','tangerang selatan','banten'),(352,'0507014','15148','cipondoh','cipondoh','tangerang selatan','banten'),(353,'0507015','15148','cipondoh','cipondoh','tangerang selatan','banten'),(354,'0507016','15148','cipondoh','cipondoh','tangerang selatan','banten'),(355,'0507017','15148','cipondoh','cipondoh','tangerang selatan','banten'),(356,'0507018','15148','cipondoh','cipondoh','tangerang selatan','banten'),(357,'0507019','15148','cipondoh','cipondoh','tangerang selatan','banten'),(358,'0508001','15148','cipondoh','cipondoh','tangerang selatan','banten'),(359,'0508002','15148','cipondoh','cipondoh','tangerang selatan','banten'),(360,'0508003','15148','cipondoh','cipondoh','tangerang selatan','banten'),(361,'0509001','15148','cipondoh','cipondoh','tangerang selatan','banten'),(362,'0509002','15148','cipondoh','cipondoh','tangerang selatan','banten'),(363,'0509003','15148','cipondoh','cipondoh','tangerang selatan','banten'),(364,'0509004','15148','cipondoh','cipondoh','tangerang selatan','banten'),(365,'0509005','15148','cipondoh','cipondoh','tangerang selatan','banten'),(366,'0509006','15148','cipondoh','cipondoh','tangerang selatan','banten'),(367,'0509007','15148','cipondoh','cipondoh','tangerang selatan','banten'),(368,'0509008','15148','cipondoh','cipondoh','tangerang selatan','banten'),(369,'0509009','15148','cipondoh','cipondoh','tangerang selatan','banten'),(370,'0510001','15148','cipondoh','cipondoh','tangerang selatan','banten'),(371,'0510002','15148','cipondoh','cipondoh','tangerang selatan','banten'),(372,'0510003','15148','cipondoh','cipondoh','tangerang selatan','banten'),(373,'0510004','15148','cipondoh','cipondoh','tangerang selatan','banten'),(374,'0510005','15148','cipondoh','cipondoh','tangerang selatan','banten'),(380,'0500001','15145','pinang','pinang (penang)','tangerang','banten'),(381,'0503001','15145','pinang','pinang (penang)','tangerang','banten'),(385,'0509010','15145','pinang','pinang (penang)','tangerang','banten'),(386,'0509011','15145','pinang','pinang (penang)','tangerang','banten'),(387,'0503006','15145','pinang','pinang (penang)','tangerang','banten'),(388,'0508004','15145','pinang','pinang (penang)','tangerang','banten'),(389,'0510006','15145','pinang','pinang (penang)','tangerang','banten'),(390,'0510007','15145','pinang','pinang (penang)','tangerang','banten'),(391,'0508005','15145','pinang','pinang (penang)','tangerang','banten'),(392,'0502004','15145','pinang','pinang (penang)','tangerang','banten'),(396,'0504009','15145','pinang','pinang (penang)','tangerang','banten'),(397,'0510008','15145','pinang','pinang (penang)','tangerang','banten'),(398,'0510009','15145','pinang','pinang (penang)','tangerang','banten'),(399,'0508006','15145','pinang','pinang (penang)','tangerang','banten'),(400,'0508007','15145','pinang','pinang (penang)','tangerang','banten'),(403,'0505020','15145','pinang','pinang (penang)','tangerang','banten');
/*!40000 ALTER TABLE `wilayah` ENABLE KEYS */;
UNLOCK TABLES;
/*!40103 SET TIME_ZONE=@OLD_TIME_ZONE */;

/*!40101 SET SQL_MODE=@OLD_SQL_MODE */;
/*!40014 SET FOREIGN_KEY_CHECKS=@OLD_FOREIGN_KEY_CHECKS */;
/*!40014 SET UNIQUE_CHECKS=@OLD_UNIQUE_CHECKS */;
/*!40101 SET CHARACTER_SET_CLIENT=@OLD_CHARACTER_SET_CLIENT */;
/*!40101 SET CHARACTER_SET_RESULTS=@OLD_CHARACTER_SET_RESULTS */;
/*!40101 SET COLLATION_CONNECTION=@OLD_COLLATION_CONNECTION */;
/*!40111 SET SQL_NOTES=@OLD_SQL_NOTES */;

-- Dump completed on 2023-06-13 21:10:03
