-- phpMyAdmin SQL Dump
-- version 5.2.1
-- https://www.phpmyadmin.net/
--
-- Host: localhost:3306
-- Generation Time: Jun 15, 2023 at 05:12 AM
-- Server version: 10.3.38-MariaDB-cll-lve
-- PHP Version: 8.1.16

SET SQL_MODE = "NO_AUTO_VALUE_ON_ZERO";
START TRANSACTION;
SET time_zone = "+00:00";


/*!40101 SET @OLD_CHARACTER_SET_CLIENT=@@CHARACTER_SET_CLIENT */;
/*!40101 SET @OLD_CHARACTER_SET_RESULTS=@@CHARACTER_SET_RESULTS */;
/*!40101 SET @OLD_COLLATION_CONNECTION=@@COLLATION_CONNECTION */;
/*!40101 SET NAMES utf8mb4 */;

--
-- Database: `bstpinan_main`
--

-- --------------------------------------------------------

--
-- Table structure for table `artikel`
--

CREATE TABLE `artikel` (
  `id` varchar(10) NOT NULL,
  `title` varchar(255) NOT NULL,
  `slug` varchar(300) NOT NULL,
  `thumbnail` varchar(50) NOT NULL,
  `content` longtext NOT NULL,
  `id_kategori` varchar(200) NOT NULL,
  `created_at` bigint(20) NOT NULL,
  `published_at` bigint(20) NOT NULL
) ENGINE=InnoDB DEFAULT CHARSET=utf8 COLLATE=utf8_general_ci;

--
-- Dumping data for table `artikel`
--

INSERT INTO `artikel` (`id`, `title`, `slug`, `thumbnail`, `content`, `id_kategori`, `created_at`, `published_at`) VALUES
('BA001', 'pelatihan ecomerce', 'pelatihan-ecomerce', '633ebf31cbbe0.jpeg', '<p>ini pelatihan aplikasi</p>', 'KA05', 1665056561, 1664989200),
('BA002', 'sosialisasi aplikasi bank sampah teratai', 'sosialisasi-aplikasi-bank-sampah-teratai', '633ebf7247a7a.jpeg', '<p>Sosialisasi Aplikasi Bank Sampah Teratai</p>', 'KA01', 1665056626, 1664989200),
('BA003', 'pelatihan pembuatan kerajinana tangan dari sampah plastik', 'pelatihan-pembuatan-kerajinana-tangan-dari-sampah-plastik', '63cc75f161a19.jpeg', '<p><br></p>', 'KA05', 1674343921, 1656608400),
('BA004', 'pelatihan pembuatan minuman tepache dan ecoenzyme dari sampah organik', 'pelatihan-pembuatan-minuman-tepache-dan-ecoenzyme-dari-sampah-organik', '63cc765911443.jpeg', '<p><br></p>', 'KA05', 1674344025, 1656954000),
('BA005', 'pelatihan pembuatan sabun dan lilin dari minyak jelantah', 'pelatihan-pembuatan-sabun-dan-lilin-dari-minyak-jelantah', '63cc774a9b37b.jpeg', '<p><br></p>', 'KA05', 1674344266, 1671814800),
('BA006', 'kegiatan penimbangan sampah anorganik di bank sampah teratai yang dilakukan setiap bulan sekali pada minggu kedua', 'kegiatan-penimbangan-sampah-anorganik-di-bank-sampah-teratai-yang-dilakukan-setiap-bulan-sekali-pada-minggu-kedua', '63cc77fbc3323.jpeg', '<p><br></p>', 'KA02', 1674344443, 1670605200);

-- --------------------------------------------------------

--
-- Table structure for table `dompet`
--

CREATE TABLE `dompet` (
  `id` int(11) NOT NULL,
  `id_user` varchar(200) DEFAULT NULL,
  `uang` decimal(11,2) NOT NULL DEFAULT 0.00
) ENGINE=InnoDB DEFAULT CHARSET=utf8 COLLATE=utf8_general_ci;

--
-- Dumping data for table `dompet`
--

INSERT INTO `dompet` (`id`, `id_user`, `uang`) VALUES
(1, NULL, 1300831.00),
(290, '0205001', 371209.00),
(291, '0102001', 165602.50),
(292, '0102002', 57516.50),
(293, '0501001', 1299890.00),
(294, '0501002', 970457.85),
(295, '0501003', 949284.00),
(296, '0501004', 107446.50),
(297, '0502001', 653954.00),
(298, '0502003', 213438.50),
(299, '0503002', 377054.75),
(301, '0503003', 0.00),
(302, '0503004', 0.00),
(303, '0503005', 170272.00),
(304, '0504001', 244857.50),
(305, '0504002', 0.00),
(306, '0504003', 84742.00),
(307, '0504004', 46570.50),
(308, '0504005', 16840.00),
(309, '0504006', 28732.50),
(310, '0504007', 53266.50),
(311, '0504008', 131816.75),
(312, '0505001', 0.00),
(313, '0505002', 1512936.00),
(314, '0505003', 265599.00),
(315, '0505004', 246629.25),
(316, '0505005', 266452.10),
(317, '0505006', 141041.45),
(318, '0505007', 0.00),
(319, '0505008', 0.00),
(320, '0505009', 5475.00),
(321, '0505010', 328669.00),
(322, '0505011', 90472.95),
(323, '0505012', 178620.00),
(324, '0505013', 0.00),
(325, '0505014', 0.00),
(326, '0505015', 344707.00),
(327, '0505016', 329.00),
(328, '0505017', 181765.00),
(329, '0505018', 172763.50),
(330, '0505019', 51377.00),
(331, '0506001', 0.00),
(332, '0506002', 0.00),
(333, '0506003', 0.00),
(334, '0506004', 84023.75),
(335, '0506005', 19701.25),
(336, '0506006', 9853.50),
(337, '0506008', 118132.00),
(338, '0506007', 138268.50),
(339, '0506009', 88416.00),
(340, '0507001', 283682.50),
(341, '0507002', 2553921.75),
(342, '0507003', 196119.00),
(343, '0507004', 18741.00),
(344, '0507005', 0.00),
(345, '0507006', 0.00),
(346, '0507007', 254810.00),
(347, '0507008', 495010.30),
(348, '0507009', 560623.75),
(349, '0507010', 193202.00),
(350, '0507011', 348715.25),
(351, '0507012', 628248.50),
(352, '0507013', 0.00),
(353, '0507014', 0.00),
(354, '0507015', 17595.00),
(355, '0507016', 34192.00),
(356, '0507017', 152351.00),
(357, '0507018', 21908.50),
(358, '0507019', 60465.00),
(359, '0508001', 255974.25),
(360, '0508002', 0.00),
(361, '0508003', 0.00),
(362, '0509001', 0.00),
(363, '0509002', 762073.50),
(364, '0509003', 0.00),
(365, '0509004', 631232.25),
(366, '0509005', 604751.75),
(367, '0509006', 207924.00),
(368, '0509007', 685314.00),
(369, '0509008', 186228.00),
(370, '0509009', 391959.90),
(371, '0510001', 0.00),
(372, '0510002', 0.00),
(373, '0510003', 360744.25),
(374, '0510004', 1077.00),
(375, '0510005', 432050.50),
(381, '0500001', 6139.00),
(382, '0503001', 245354.25),
(385, '0201001', 0.00),
(386, '0509010', 61155.00),
(387, '0509011', 244053.00),
(388, '0503006', 185100.75),
(389, '0508004', 362385.00),
(390, '0510006', 5508.00),
(391, '0510007', 173587.50),
(392, '0508005', 123700.50),
(393, '0502004', 234032.75),
(397, '0504009', 18900.00),
(398, '0510008', 119632.50),
(399, '0510009', 3843.00),
(400, '0508006', 825651.00),
(401, '0508007', 197563.50),
(404, '0505020', 98217.00),
(405, '0509012', 81540.00),
(406, '0502005', 51885.00),
(407, '0506010', 2096.75),
(408, '0506011', 164958.75),
(409, '0509013', 0.00),
(410, '0507020', 0.00),
(411, '0510010', 46224.00),
(412, '0507021', 66618.00),
(413, '0505021', 54679.50),
(414, '0501005', 16537.50),
(415, '0506012', 13059.00),
(416, '0505022', 9675.00),
(417, '1019001', 0.00);

-- --------------------------------------------------------

--
-- Table structure for table `jual_sampah`
--

CREATE TABLE `jual_sampah` (
  `no` int(11) NOT NULL,
  `id_transaksi` varchar(200) NOT NULL,
  `id_sampah` varchar(200) NOT NULL,
  `harga_pusat` int(11) NOT NULL DEFAULT 0,
  `harga` int(11) NOT NULL DEFAULT 0,
  `jumlah_kg` decimal(65,2) NOT NULL,
  `harga_nasabah` decimal(11,2) NOT NULL,
  `jumlah_rp` decimal(11,2) NOT NULL
) ENGINE=InnoDB DEFAULT CHARSET=utf8 COLLATE=utf8_general_ci;

--
-- Dumping data for table `jual_sampah`
--

INSERT INTO `jual_sampah` (`no`, `id_transaksi`, `id_sampah`, `harga_pusat`, `harga`, `jumlah_kg`, `harga_nasabah`, `jumlah_rp`) VALUES
(13, 'TJS807254777', 'S001', 0, 0, 30.90, 133488.00, 148320.00),
(14, 'TJS807254777', 'S002', 0, 0, 25.30, 54648.00, 60720.00),
(15, 'TJS807254777', 'S004', 0, 0, 0.90, 4050.00, 4500.00),
(16, 'TJS807254777', 'S003', 0, 0, 4.40, 35640.00, 39600.00),
(17, 'TJS807254777', 'S005', 0, 0, 120.85, 261036.00, 290040.00),
(18, 'TJS807254777', 'S006', 0, 0, 1.10, 594.00, 660.00),
(19, 'TJS807254777', 'S007', 0, 0, 35.15, 42180.00, 52725.00),
(20, 'TJS807254777', 'S008', 0, 0, 4.80, 21600.00, 24000.00),
(21, 'TJS807254777', 'S009', 0, 0, 2.70, 14580.00, 16200.00),
(22, 'TJS807254777', 'S015', 0, 0, 338.65, 914355.00, 1015950.00),
(23, 'TJS807254777', 'S017', 0, 0, 44.00, 79200.00, 88000.00),
(24, 'TJS807254777', 'S020', 0, 0, 49.00, 52920.00, 58800.00),
(25, 'TJS807254777', 'S023', 0, 0, 15.75, 63788.00, 70875.00),
(26, 'TJS807254777', 'S022', 0, 0, 20.55, 92475.00, 102750.00),
(27, 'TJS807254777', 'S024', 0, 0, 2.15, 32895.00, 36550.00),
(28, 'TJS807254777', 'S029', 0, 0, 26.10, 11745.00, 13050.00),
(29, 'TJS807254777', 'S013', 0, 0, 0.50, 1575.00, 1750.00),
(30, 'TJS807254777', 'S028', 0, 0, 44.00, 11880.00, 13200.00),
(31, 'TJS807254777', 'S010', 0, 0, 1.00, 4050.00, 4500.00),
(32, 'TJS807254777', 'S033', 0, 0, 5.70, 23085.00, 25650.00),
(33, 'TJS807254777', 'S012', 0, 0, 3.15, 11907.00, 13230.00),
(34, 'TJS807254777', 'S021', 0, 0, 12.00, 64800.00, 72000.00),
(35, 'TJS770298793', 'S001', 0, 0, 15.00, 67500.00, 75000.00),
(36, 'TJS770298793', 'S003', 0, 0, 6.75, 54675.00, 60750.00),
(37, 'TJS770298793', 'S005', 0, 0, 81.55, 176148.00, 195720.00),
(38, 'TJS770298793', 'S006', 0, 0, 2.80, 1512.00, 1680.00),
(39, 'TJS770298793', 'S007', 0, 0, 1.65, 2228.00, 2475.00),
(40, 'TJS770298793', 'S015', 0, 0, 263.90, 760032.00, 844480.00),
(41, 'TJS770298793', 'S017', 0, 0, 6.40, 11520.00, 12800.00),
(42, 'TJS770298793', 'S004', 0, 0, 6.75, 30375.00, 33750.00),
(43, 'TJS770298793', 'S020', 0, 0, 44.05, 47574.00, 52860.00),
(44, 'TJS770298793', 'S023', 0, 0, 11.20, 45360.00, 50400.00),
(45, 'TJS770298793', 'S021', 0, 0, 39.80, 214920.00, 238800.00),
(46, 'TJS770298793', 'S022', 0, 0, 2.55, 11475.00, 12750.00),
(47, 'TJS770298793', 'S024', 0, 0, 4.70, 71910.00, 79900.00),
(48, 'TJS770298793', 'S029', 0, 0, 3.70, 1665.00, 1850.00),
(49, 'TJS770298793', 'S018', 0, 0, 22.75, 81900.00, 91000.00),
(50, 'TJS770298793', 'S039', 0, 0, 2.00, 30000.00, 30000.00),
(51, 'TJS770298793', 'S011', 0, 0, 1.55, 3209.00, 3565.00),
(52, 'TJS497644285', 'S001', 0, 0, 28.10, 126450.00, 140500.00),
(53, 'TJS497644285', 'S003', 0, 0, 0.70, 5670.00, 6300.00),
(54, 'TJS497644285', 'S005', 0, 0, 83.65, 188213.00, 209125.00),
(55, 'TJS497644285', 'S006', 0, 0, 0.70, 378.00, 420.00),
(56, 'TJS497644285', 'S007', 0, 0, 7.10, 9585.00, 10650.00),
(57, 'TJS497644285', 'S008', 0, 0, 1.85, 8325.00, 9250.00),
(58, 'TJS497644285', 'S009', 0, 0, 5.05, 27270.00, 30300.00),
(59, 'TJS497644285', 'S015', 0, 0, 243.95, 702576.00, 780640.00),
(60, 'TJS497644285', 'S017', 0, 0, 16.20, 29160.00, 32400.00),
(61, 'TJS497644285', 'S020', 0, 0, 34.20, 36936.00, 44460.00),
(62, 'TJS497644285', 'S023', 0, 0, 67.95, 305775.00, 339750.00),
(63, 'TJS497644285', 'S021', 0, 0, 59.75, 333405.00, 370450.00),
(64, 'TJS497644285', 'S022', 0, 0, 12.55, 58734.00, 65260.00),
(65, 'TJS497644285', 'S024', 0, 0, 10.60, 190800.00, 212000.00),
(66, 'TJS497644285', 'S029', 0, 0, 26.75, 9630.00, 10700.00),
(67, 'TJS497644285', 'S013', 0, 0, 0.10, 315.00, 350.00),
(68, 'TJS497644285', 'S028', 0, 0, 7.00, 1890.00, 2100.00),
(69, 'TJS497644285', 'S036', 0, 0, 4.60, 16560.00, 18400.00),
(70, 'TJS497644285', 'S011', 0, 0, 14.60, 30222.00, 33580.00),
(71, 'TJS497644285', 'S025', 0, 0, 12.60, 28350.00, 31500.00),
(72, 'TJS497644285', 'S033', 0, 0, 1.40, 5670.00, 6300.00),
(73, 'TJS751774587', 'S001', 0, 0, 48.35, 239333.00, 265925.00),
(74, 'TJS751774587', 'S002', 0, 0, 23.30, 50328.00, 55920.00),
(75, 'TJS751774587', 'S003', 0, 0, 3.40, 22950.00, 25500.00),
(76, 'TJS751774587', 'S005', 0, 0, 159.70, 316206.00, 351340.00),
(77, 'TJS751774587', 'S006', 0, 0, 6.45, 4064.00, 4515.00),
(78, 'TJS751774587', 'S007', 0, 0, 32.70, 58860.00, 65400.00),
(79, 'TJS751774587', 'S008', 0, 0, 3.75, 10125.00, 11250.00),
(80, 'TJS751774587', 'S009', 0, 0, 1.40, 7560.00, 8400.00),
(81, 'TJS751774587', 'S010', 0, 0, 2.00, 8100.00, 9000.00),
(82, 'TJS751774587', 'S012', 0, 0, 0.90, 3402.00, 3780.00),
(83, 'TJS751774587', 'S013', 0, 0, 1.30, 4095.00, 4550.00),
(84, 'TJS751774587', 'S015', 0, 0, 534.00, 1441800.00, 1602000.00),
(85, 'TJS751774587', 'S017', 0, 0, 9.00, 16200.00, 18000.00),
(86, 'TJS751774587', 'S018', 0, 0, 3.40, 9180.00, 10200.00),
(87, 'TJS751774587', 'S020', 0, 0, 78.50, 84780.00, 94200.00),
(88, 'TJS751774587', 'S021', 0, 0, 45.55, 204975.00, 227750.00),
(89, 'TJS751774587', 'S022', 0, 0, 4.65, 18833.00, 20925.00),
(90, 'TJS751774587', 'S023', 0, 0, 26.90, 84735.00, 94150.00),
(91, 'TJS751774587', 'S024', 0, 0, 7.65, 130815.00, 145350.00),
(92, 'TJS751774587', 'S028', 0, 0, 12.00, 3240.00, 3600.00),
(93, 'TJS751774587', 'S029', 0, 0, 41.75, 15030.00, 16700.00),
(94, 'TJS751774587', 'S033', 0, 0, 18.05, 73103.00, 81225.00),
(95, 'TJS751774587', 'S045', 0, 0, 25.10, 22590.00, 25100.00),
(96, 'TJS022799185', 'S001', 0, 0, 19.40, 96030.00, 106700.00),
(97, 'TJS022799185', 'S002', 0, 0, 4.30, 9288.00, 10320.00),
(98, 'TJS022799185', 'S003', 0, 0, 2.55, 18360.00, 21675.00),
(99, 'TJS022799185', 'S005', 0, 0, 51.25, 101475.00, 123000.00),
(100, 'TJS022799185', 'S037', 0, 0, 0.75, 3375.00, 3750.00),
(101, 'TJS022799185', 'S006', 0, 0, 13.00, 7020.00, 7800.00),
(102, 'TJS022799185', 'S007', 0, 0, 10.30, 13905.00, 15450.00),
(103, 'TJS022799185', 'S008', 0, 0, 1.40, 6930.00, 7000.00),
(104, 'TJS022799185', 'S009', 0, 0, 4.60, 24840.00, 27600.00),
(105, 'TJS022799185', 'S012', 0, 0, 3.60, 13608.00, 15120.00),
(106, 'TJS022799185', 'S011', 0, 0, 6.95, 14387.00, 15985.00),
(107, 'TJS022799185', 'S015', 0, 0, 208.65, 582134.00, 646815.00),
(108, 'TJS022799185', 'S017', 0, 0, 18.05, 38988.00, 36100.00),
(109, 'TJS022799185', 'S020', 0, 0, 36.90, 43173.00, 44280.00),
(110, 'TJS022799185', 'S023', 0, 0, 18.55, 66780.00, 74200.00),
(111, 'TJS022799185', 'S021', 0, 0, 8.20, 40590.00, 46740.00),
(112, 'TJS022799185', 'S022', 0, 0, 27.85, 112793.00, 125325.00),
(113, 'TJS022799185', 'S024', 0, 0, 0.90, 15390.00, 16200.00),
(114, 'TJS022799185', 'S029', 0, 0, 21.35, 7686.00, 8540.00),
(115, 'TJS022799185', 'S033', 0, 0, 2.25, 9113.00, 10125.00),
(116, 'TJS022799185', 'S005', 0, 0, 40.41, 80012.00, 96984.00),
(117, 'TJS022799185', 'S048', 0, 0, 6.20, 31000.00, 34100.00),
(118, 'TJS022799185', 'S025', 0, 0, 10.55, 23738.00, 26375.00),
(119, 'TJS113969608', 'S001', 0, 0, 31.61, 156470.00, 173855.00),
(120, 'TJS113969608', 'S002', 0, 0, 10.45, 22572.00, 25080.00),
(121, 'TJS113969608', 'S003', 0, 0, 4.70, 33840.00, 28200.00),
(122, 'TJS113969608', 'S005', 0, 0, 98.10, 194238.00, 215820.00),
(123, 'TJS113969608', 'S004', 0, 0, 2.20, 9900.00, 8800.00),
(124, 'TJS113969608', 'S006', 0, 0, 8.85, 4779.00, 5310.00),
(125, 'TJS113969608', 'S007', 0, 0, 3.95, 5333.00, 5925.00),
(126, 'TJS113969608', 'S008', 0, 0, 1.00, 4950.00, 5000.00),
(127, 'TJS113969608', 'S009', 0, 0, 6.50, 35100.00, 39000.00),
(128, 'TJS113969608', 'S010', 0, 0, 1.00, 4050.00, 4500.00),
(129, 'TJS113969608', 'S013', 0, 0, 2.10, 6615.00, 7350.00),
(130, 'TJS113969608', 'S015', 0, 0, 262.95, 733631.00, 657375.00),
(131, 'TJS113969608', 'S017', 0, 0, 59.55, 128628.00, 119100.00),
(132, 'TJS113969608', 'S020', 0, 0, 63.50, 74295.00, 76200.00),
(133, 'TJS113969608', 'S023', 0, 0, 22.40, 80640.00, 73920.00),
(134, 'TJS113969608', 'S021', 0, 0, 5.20, 25740.00, 23920.00),
(135, 'TJS113969608', 'S022', 0, 0, 2.75, 11138.00, 9900.00),
(136, 'TJS113969608', 'S024', 0, 0, 5.80, 99180.00, 87000.00),
(137, 'TJS113969608', 'S029', 0, 0, 42.00, 15120.00, 16800.00),
(138, 'TJS113969608', 'S035', 0, 0, 1.90, 6840.00, 7600.00),
(139, 'TJS113969608', 'S005', 0, 0, 25.40, 50292.00, 55880.00),
(140, 'TJS113969608', 'S018', 0, 0, 65.95, 178065.00, 197850.00),
(141, 'TJS848616397', 'S001', 0, 0, 37.55, 185873.00, 206525.00),
(142, 'TJS848616397', 'S002', 0, 0, 2.25, 4860.00, 5400.00),
(143, 'TJS848616397', 'S003', 0, 0, 2.85, 17955.00, 19950.00),
(144, 'TJS848616397', 'S005', 0, 0, 76.80, 165888.00, 184320.00),
(145, 'TJS848616397', 'S004', 0, 0, 1.90, 6840.00, 7600.00),
(146, 'TJS848616397', 'S006', 0, 0, 1.75, 945.00, 1050.00),
(147, 'TJS848616397', 'S007', 0, 0, 1.45, 1958.00, 2175.00),
(148, 'TJS848616397', 'S008', 0, 0, 3.16, 12798.00, 14220.00),
(149, 'TJS848616397', 'S009', 0, 0, 3.15, 17010.00, 18900.00),
(150, 'TJS848616397', 'S037', 0, 0, 0.50, 2250.00, 2500.00),
(151, 'TJS848616397', 'S013', 0, 0, 0.15, 473.00, 525.00),
(152, 'TJS848616397', 'S015', 0, 0, 216.45, 448052.00, 497835.00),
(153, 'TJS848616397', 'S017', 0, 0, 41.35, 55823.00, 62025.00),
(154, 'TJS848616397', 'S020', 0, 0, 48.59, 56850.00, 63167.00),
(155, 'TJS848616397', 'S023', 0, 0, 19.14, 65459.00, 72732.00),
(156, 'TJS848616397', 'S021', 0, 0, 70.89, 331765.00, 368628.00),
(157, 'TJS848616397', 'S011', 0, 0, 13.30, 27531.00, 30590.00),
(158, 'TJS848616397', 'S024', 0, 0, 52.17, 751248.00, 834720.00),
(159, 'TJS848616397', 'S029', 0, 0, 34.00, 12240.00, 13600.00),
(160, 'TJS848616397', 'S036', 0, 0, 3.20, 11520.00, 12800.00),
(161, 'TJS848616397', 'S005', 0, 0, 33.85, 73116.00, 81240.00),
(162, 'TJS848616397', 'S033', 0, 0, 3.45, 13973.00, 15525.00),
(163, 'TJS848616397', 'S012', 0, 0, 0.78, 2948.00, 3276.00);

-- --------------------------------------------------------

--
-- Table structure for table `kategori_artikel`
--

CREATE TABLE `kategori_artikel` (
  `id` varchar(6) NOT NULL,
  `icon` text NOT NULL,
  `name` varchar(100) NOT NULL,
  `description` text NOT NULL,
  `kategori_utama` tinyint(1) NOT NULL,
  `created_at` bigint(20) NOT NULL
) ENGINE=InnoDB DEFAULT CHARSET=utf8 COLLATE=utf8_general_ci;

--
-- Dumping data for table `kategori_artikel`
--

INSERT INTO `kategori_artikel` (`id`, `icon`, `name`, `description`, `kategori_utama`, `created_at`) VALUES
('KA01', '633e678d3682e.jpeg', 'sosialisasi', 'deskripsi tentang kegiatan sosialisasi', 1, 1659345174),
('KA02', '633e6a1817cb8.jpeg', 'penimbangan', 'deskripsi tentang kegiatan penimbangan', 1, 1659345189),
('KA05', '633e66fa82677.jpeg', 'Pelatihan', 'Pelatihan pembuatan Tepache dan Ecoenzym', 1, 1661410608);

-- --------------------------------------------------------

--
-- Table structure for table `kategori_sampah`
--

CREATE TABLE `kategori_sampah` (
  `id` varchar(6) NOT NULL,
  `name` varchar(100) NOT NULL,
  `created_at` bigint(20) NOT NULL
) ENGINE=InnoDB DEFAULT CHARSET=utf8 COLLATE=utf8_general_ci;

--
-- Dumping data for table `kategori_sampah`
--

INSERT INTO `kategori_sampah` (`id`, `name`, `created_at`) VALUES
('KS01', 'kertas', 1656644130),
('KS02', 'plastik', 1656644134),
('KS03', 'logam', 1656644137),
('KS04', 'lain-lain', 1656644141),
('KS05', 'kaca', 1667099986);

-- --------------------------------------------------------

--
-- Table structure for table `migrations`
--

CREATE TABLE `migrations` (
  `id` bigint(20) UNSIGNED NOT NULL,
  `version` varchar(255) NOT NULL,
  `class` varchar(255) NOT NULL,
  `group` varchar(255) NOT NULL,
  `namespace` varchar(255) NOT NULL,
  `time` int(11) NOT NULL,
  `batch` int(11) UNSIGNED NOT NULL
) ENGINE=InnoDB DEFAULT CHARSET=utf8 COLLATE=utf8_general_ci;

--
-- Dumping data for table `migrations`
--

INSERT INTO `migrations` (`id`, `version`, `class`, `group`, `namespace`, `time`, `batch`) VALUES
(27, '2021-11-16-023013', 'App\\Database\\Migrations\\Users', 'default', 'App', 1656643580, 1),
(28, '2021-11-16-023841', 'App\\Database\\Migrations\\KategoriArtikel', 'default', 'App', 1656643580, 1),
(29, '2021-11-16-024046', 'App\\Database\\Migrations\\Artikel', 'default', 'App', 1656643580, 1),
(30, '2021-11-16-031046', 'App\\Database\\Migrations\\KategoriSampah', 'default', 'App', 1656643580, 1),
(31, '2021-11-16-031125', 'App\\Database\\Migrations\\Sampah', 'default', 'App', 1656643580, 1),
(32, '2021-11-16-031158', 'App\\Database\\Migrations\\Transaksi', 'default', 'App', 1656643580, 1),
(33, '2021-11-16-031238', 'App\\Database\\Migrations\\SetorSampah', 'default', 'App', 1656643580, 1),
(34, '2021-11-16-031308', 'App\\Database\\Migrations\\TarikSaldo', 'default', 'App', 1656643580, 1),
(35, '2021-11-16-031428', 'App\\Database\\Migrations\\JualSampah', 'default', 'App', 1656643580, 1),
(36, '2021-11-16-040233', 'App\\Database\\Migrations\\Wilayah', 'default', 'App', 1656643580, 1),
(37, '2021-11-23-225132', 'App\\Database\\Migrations\\Dompet', 'default', 'App', 1656643580, 1),
(38, '2022-04-08-054206', 'App\\Database\\Migrations\\Penghargaan', 'default', 'App', 1656643580, 1),
(39, '2022-04-08-115035', 'App\\Database\\Migrations\\Mitra', 'default', 'App', 1656643580, 1);

-- --------------------------------------------------------

--
-- Table structure for table `mitra`
--

CREATE TABLE `mitra` (
  `id` int(11) NOT NULL,
  `icon` text NOT NULL,
  `name` varchar(255) NOT NULL,
  `description` text NOT NULL
) ENGINE=InnoDB DEFAULT CHARSET=utf8 COLLATE=utf8_general_ci;

--
-- Dumping data for table `mitra`
--

INSERT INTO `mitra` (`id`, `icon`, `name`, `description`) VALUES
(3, '63cc7494b5f1f.jpeg', 'UNIVERSITAS BUDI LUHUR JAKARTA', 'Bank Sampah Teratai (BST) bekerjasama/bermitra dengan Universitas Budi Luhur sejak berdirinya BST pada tahun 2014 hingga sekarang. Kerjasama ini dilakukan dengan menerjunkan dosen dan mahasiswa Universitas Budi Luhur dalam kegiatan Pengabdian Kepada Masyarakat dan Kuliah Kerja Nyata.'),
(4, '63cc751649086.jpeg', 'DINAS LINGKUNGAN HIDUP KOTA TANGERANG', 'Kemitraan Bank Sampah Teratai dengan Dinas Lingkungan Hidup terjalin sejak tahun 2014 hingga sekarang. kemitraan ini dalam bentuk pembinaan dan pelatihan ketrampilan mengelola sampah organik dan anorganik.');

-- --------------------------------------------------------

--
-- Table structure for table `penghargaan`
--

CREATE TABLE `penghargaan` (
  `id` int(11) NOT NULL,
  `icon` text NOT NULL,
  `name` varchar(255) NOT NULL,
  `description` text NOT NULL
) ENGINE=InnoDB DEFAULT CHARSET=utf8 COLLATE=utf8_general_ci;

--
-- Dumping data for table `penghargaan`
--

INSERT INTO `penghargaan` (`id`, `icon`, `name`, `description`) VALUES
(2, '63cc70594f18a.jpeg', 'JUARA KEDUA BANK SAMPAH UTAMA  KOTA TANGERANG TAHUN 2019', 'Kejuaraan mengikuti lomba bank sampah tingkat kota Tangerang pada tahun 2019'),
(3, '63cc715979730.jpeg', 'JUARA KETIGA LOMBA PENGELOLAAAN BANK SAMPAH TINGKAT KECAMATAN PINANG TAHUN 2022', 'Kejuaraan mengikuti lomba Pengelolaan Bank Sampah dalam rangka HUT Kota Tangerang ke 29 tingkat Kecamatan Pinang pada bulan Februari 2022');

-- --------------------------------------------------------

--
-- Table structure for table `sampah`
--

CREATE TABLE `sampah` (
  `id` varchar(6) NOT NULL,
  `id_kategori` varchar(200) NOT NULL,
  `jenis` varchar(200) NOT NULL,
  `harga` int(11) NOT NULL,
  `harga_pusat` int(11) NOT NULL DEFAULT 0,
  `jumlah` decimal(65,2) NOT NULL DEFAULT 0.00
) ENGINE=InnoDB DEFAULT CHARSET=utf8 COLLATE=utf8_general_ci;

--
-- Dumping data for table `sampah`
--

INSERT INTO `sampah` (`id`, `id_kategori`, `jenis`, `harga`, `harga_pusat`, `jumlah`) VALUES
('S001', 'KS02', 'botol plastik bersih / bodong', 4320, 4800, 449.65),
('S002', 'KS02', 'botol plastik kotor', 2160, 2400, 112.10),
('S003', 'KS02', 'gelas aqua bersih', 4320, 4800, 51.64),
('S004', 'KS02', 'gelas aqua kotor', 2700, 3000, 0.65),
('S005', 'KS02', 'emberan/gabruk', 1440, 1600, 990.06),
('S006', 'KS02', 'kantong kresek / asoy', 450, 500, 79.25),
('S007', 'KS02', 'plastik bening pe bersih', 3600, 4000, 64.05),
('S008', 'KS02', 'tutup botol plastik', 2700, 3000, 50.30),
('S009', 'KS02', 'tutup galon', 4500, 5000, 46.92),
('S010', 'KS02', 'galon aqua/ades - per botol', 3600, 4000, 22.00),
('S011', 'KS02', 'paralon', 2250, 2500, 14.70),
('S012', 'KS02', 'galon bukan aqua/ades', 4320, 4800, 38.35),
('S013', 'KS02', 'ale-ale / teh gelas', 2520, 2800, 23.60),
('S014', 'KS02', 'compact disc (cd)', 4500, 5000, 0.70),
('S015', 'KS01', 'kardus', 1440, 1600, 3875.25),
('S016', 'KS01', 'koran', 1800, 2000, 4.95),
('S017', 'KS01', 'majalah/buku pelajaran/buku tulis', 900, 1000, 157.86),
('S018', 'KS01', 'kertas hvs / swl', 1800, 2000, 91.25),
('S019', 'KS01', 'kertas semen', 2250, 2500, 13.85),
('S020', 'KS01', 'boncos / potongan kardus', 540, 600, 305.25),
('S021', 'KS03', 'besi a (padat): baut', 4320, 4800, 568.98),
('S022', 'KS03', 'besi b (bolong) / kabin', 3420, 3800, 140.25),
('S023', 'KS03', 'kaleng', 2700, 3000, 218.85),
('S024', 'KS03', 'aluminium/klg softdrink/rongsok', 16200, 18000, 64.15),
('S025', 'KS03', 'seng', 2250, 2500, 1.65),
('S026', 'KS03', 'besi springbed', 900, 1000, 0.00),
('S027', 'KS03', 'siku (stainless stell/jemuran/rak piring)', 21600, 24000, 0.75),
('S028', 'KS05', 'botol kecap - per botol', 270, 300, 62.00),
('S029', 'KS05', 'botol beling', 270, 300, 296.90),
('S031', 'KS04', 'tetrapak', 900, 1000, 75.89),
('S032', 'KS04', 'minyak jelantah', 3150, 3500, 169.60),
('S033', 'KS04', 'jerigen putih (naso)', 3150, 3500, 81.80),
('S034', 'KS03', 'panci (aluminium)', 16650, 18500, 0.00),
('S035', 'KS04', 'majic jar', 3600, 4000, 10.50),
('S036', 'KS04', 'kompor gas', 3600, 4000, 11.85),
('S037', 'KS04', 'toples nastar (kristal)', 4500, 5000, 7.40),
('S038', 'KS03', 'kipas angin, pompa sepeda(besi  b)', 3420, 3800, 23.06),
('S039', 'KS04', 'tv -  satuan', 13500, 15000, 4.00),
('S040', 'KS04', 'monitor  - satuan', 13500, 15000, 1.00),
('S041', 'KS04', 'printer', 1350, 1500, 0.00),
('S042', 'KS04', 'laptop', 1350, 1500, 2.70),
('S043', 'KS04', 'mesin cuci', 54000, 60000, 1.00),
('S044', 'KS04', 'aki (buang air)', 10800, 12000, 16.25),
('S045', 'KS02', 'plastik terpal', 900, 1000, 19.85),
('S046', 'KS02', 'karpet talang', 900, 1000, 0.00),
('S048', 'KS04', 'stabilizer', 5000, 5500, 0.00),
('S049', 'KS04', 'mijel', 3150, 3500, 6.30),
('S050', 'KS02', 'plastik bening pe campur', 1350, 1500, 114.21),
('S051', 'KS02', 'plastik bening pe warna', 1800, 2000, 4.30),
('S052', 'KS04', 'dispenser', 3600, 4000, 22.00),
('S053', 'KS03', 'tembaga', 76500, 85000, 0.00),
('S054', 'KS03', 'kuningan', 49500, 55000, 0.00),
('S055', 'KS04', 'kulkas', 72000, 80000, 1.00),
('S056', 'KS04', 'mesin jahit', 5400, 6000, 0.00),
('S057', 'KS02', 'karung plastik (eks beras, tepung dll)', 1260, 1400, 3.85),
('S058', 'KS01', 'duplex', 900, 1000, 357.60),
('S059', 'KS02', 'ekobrik', 9000, 10000, 24.26),
('S060', 'KS01', 'kones (karton bekas gulungan kain/benang)', 990, 1100, 0.00),
('S061', 'KS02', 'tali plastik', 900, 1000, 0.85),
('S062', 'KS05', 'botol bir (satuan)', 630, 700, 3.00),
('S063', 'KS03', 'dinamo tembaga', 9000, 10000, 3.15),
('S064', 'KS03', 'dinamo non tembaga = besi a', 4500, 5000, 0.60),
('S065', 'KS03', 'trafo (besi a)', 4500, 5000, 2.55),
('S067', 'KS02', 'injek - kotak es krim (putih)', 3600, 4000, 0.00),
('S068', 'KS03', 'tabung pompa air', 4050, 4500, 4.60),
('S069', 'KS04', 'tv flat -layar datar', 1440, 1600, 9.10);

-- --------------------------------------------------------

--
-- Table structure for table `setor_sampah`
--

CREATE TABLE `setor_sampah` (
  `no` int(11) NOT NULL,
  `id_transaksi` varchar(200) NOT NULL,
  `id_sampah` varchar(200) NOT NULL,
  `harga_pusat` int(11) NOT NULL DEFAULT 0,
  `harga` int(11) NOT NULL DEFAULT 0,
  `jumlah_kg` decimal(65,2) NOT NULL,
  `jumlah_rp` decimal(11,2) NOT NULL
) ENGINE=InnoDB DEFAULT CHARSET=utf8 COLLATE=utf8_general_ci;

--
-- Dumping data for table `setor_sampah`
--

INSERT INTO `setor_sampah` (`no`, `id_transaksi`, `id_sampah`, `harga_pusat`, `harga`, `jumlah_kg`, `jumlah_rp`) VALUES
(133, 'TSS936849977', 'S001', 0, 0, 1.60, 6912.00),
(134, 'TSS936849977', 'S031', 0, 0, 1.95, 1365.00),
(135, 'TSS936849977', 'S015', 0, 0, 14.40, 38880.00),
(136, 'TSS936849977', 'S013', 0, 0, 0.50, 1575.00),
(137, 'TSS936849977', 'S020', 0, 0, 4.10, 4428.00),
(138, 'TSS249032893', 'S007', 0, 0, 34.70, 46845.00),
(139, 'TSS740465043', 'S029', 0, 0, 2.85, 1283.00),
(140, 'TSS740465043', 'S028', 0, 0, 9.00, 2430.00),
(141, 'TSS740465043', 'S005', 0, 0, 10.05, 21708.00),
(142, 'TSS740465043', 'S001', 0, 0, 9.25, 39960.00),
(143, 'TSS740465043', 'S023', 0, 0, 4.10, 16605.00),
(144, 'TSS740465043', 'S020', 0, 0, 16.20, 17496.00),
(145, 'TSS740465043', 'S003', 0, 0, 1.80, 14580.00),
(146, 'TSS740465043', 'S031', 0, 0, 0.85, 595.00),
(147, 'TSS740465043', 'S015', 0, 0, 47.55, 128385.00),
(148, 'TSS985348805', 'S015', 0, 0, 10.10, 27270.00),
(149, 'TSS985348805', 'S005', 0, 0, 2.30, 4968.00),
(150, 'TSS985348805', 'S020', 0, 0, 4.15, 4482.00),
(151, 'TSS985348805', 'S003', 0, 0, 0.75, 6075.00),
(152, 'TSS985348805', 'S001', 0, 0, 1.25, 5400.00),
(153, 'TSS985348805', 'S009', 0, 0, 0.40, 2160.00),
(154, 'TSS985348805', 'S008', 0, 0, 0.60, 2700.00),
(155, 'TSS985348805', 'S029', 0, 0, 5.00, 2250.00),
(156, 'TSS985348805', 'S028', 0, 0, 4.00, 1080.00),
(157, 'TSS985348805', 'S033', 0, 0, 5.70, 23085.00),
(158, 'TSS758785361', 'S010', 0, 0, 1.00, 4050.00),
(159, 'TSS758785361', 'S005', 0, 0, 0.40, 864.00),
(160, 'TSS758785361', 'S002', 0, 0, 0.95, 2052.00),
(161, 'TSS955738548', 'S023', 0, 0, 0.70, 2835.00),
(162, 'TSS955738548', 'S005', 0, 0, 0.55, 1188.00),
(163, 'TSS955738548', 'S015', 0, 0, 11.15, 30105.00),
(164, 'TSS508942747', 'S015', 0, 0, 14.85, 40095.00),
(165, 'TSS508942747', 'S001', 0, 0, 0.80, 3456.00),
(166, 'TSS508942747', 'S020', 0, 0, 1.85, 1998.00),
(167, 'TSS508942747', 'S005', 0, 0, 1.35, 2916.00),
(168, 'TSS508942747', 'S031', 0, 0, 0.25, 175.00),
(173, 'TSS262071879', 'S023', 0, 0, 2.80, 11340.00),
(174, 'TSS262071879', 'S015', 0, 0, 4.30, 11610.00),
(175, 'TSS262071879', 'S005', 0, 0, 9.95, 21492.00),
(176, 'TSS262071879', 'S024', 0, 0, 1.25, 19125.00),
(177, 'TSS262071879', 'S001', 0, 0, 0.80, 3456.00),
(178, 'TSS262071879', 'S031', 0, 0, 1.00, 700.00),
(179, 'TSS262071879', 'S022', 0, 0, 3.45, 15525.00),
(180, 'TSS192256505', 'S005', 0, 0, 0.50, 1080.00),
(181, 'TSS192256505', 'S023', 0, 0, 0.50, 2025.00),
(182, 'TSS192256505', 'S029', 0, 0, 1.30, 585.00),
(183, 'TSS192256505', 'S001', 0, 0, 0.60, 2592.00),
(184, 'TSS192256505', 'S015', 0, 0, 8.55, 23085.00),
(185, 'TSS089144860', 'S022', 0, 0, 10.60, 47700.00),
(186, 'TSS089144860', 'S015', 0, 0, 5.05, 13635.00),
(187, 'TSS041003192', 'S002', 0, 0, 0.55, 1188.00),
(188, 'TSS041003192', 'S031', 0, 0, 0.40, 280.00),
(189, 'TSS041003192', 'S003', 0, 0, 0.45, 3645.00),
(190, 'TSS041003192', 'S001', 0, 0, 1.00, 4320.00),
(191, 'TSS041003192', 'S015', 0, 0, 2.60, 7020.00),
(192, 'TSS640617948', 'S015', 0, 0, 3.30, 8910.00),
(193, 'TSS640617948', 'S005', 0, 0, 7.15, 15444.00),
(194, 'TSS640617948', 'S028', 0, 0, 2.00, 540.00),
(195, 'TSS640617948', 'S029', 0, 0, 9.00, 4050.00),
(196, 'TSS564208560', 'S010', 0, 0, 1.25, 5063.00),
(197, 'TSS564208560', 'S015', 0, 0, 13.90, 37530.00),
(198, 'TSS564208560', 'S005', 0, 0, 5.10, 11016.00),
(199, 'TSS564208560', 'S002', 0, 0, 2.95, 6372.00),
(200, 'TSS093663581', 'S005', 0, 0, 5.40, 11664.00),
(201, 'TSS093663581', 'S015', 0, 0, 8.50, 22950.00),
(202, 'TSS093663581', 'S021', 0, 0, 2.55, 13770.00),
(203, 'TSS875158485', 'S005', 0, 0, 4.20, 9072.00),
(204, 'TSS984593225', 'S032', 0, 0, 5.50, 16500.00),
(205, 'TSS984593225', 'S005', 0, 0, 1.15, 2484.00),
(206, 'TSS984593225', 'S020', 0, 0, 4.25, 4590.00),
(207, 'TSS896337704', 'S022', 0, 0, 5.00, 22500.00),
(208, 'TSS896337704', 'S015', 0, 0, 3.05, 8235.00),
(209, 'TSS896337704', 'S006', 0, 0, 0.70, 378.00),
(210, 'TSS896337704', 'S008', 0, 0, 0.40, 1800.00),
(211, 'TSS896337704', 'S023', 0, 0, 0.70, 2835.00),
(225, 'TSS886059147', 'S007', 0, 0, 0.45, 540.00),
(226, 'TSS886059147', 'S003', 0, 0, 0.95, 7695.00),
(227, 'TSS886059147', 'S008', 0, 0, 0.55, 2475.00),
(228, 'TSS886059147', 'S017', 0, 0, 4.40, 7920.00),
(229, 'TSS886059147', 'S001', 0, 0, 4.40, 19008.00),
(230, 'TSS886059147', 'S006', 0, 0, 0.40, 216.00),
(231, 'TSS886059147', 'S029', 0, 0, 6.50, 2925.00),
(232, 'TSS886059147', 'S031', 0, 0, 0.25, 175.00),
(233, 'TSS886059147', 'S005', 0, 0, 1.15, 2484.00),
(234, 'TSS886059147', 'S003', 0, 0, 0.45, 3645.00),
(235, 'TSS886059147', 'S023', 0, 0, 0.50, 2025.00),
(236, 'TSS886059147', 'S020', 0, 0, 0.85, 893.00),
(237, 'TSS886059147', 'S015', 0, 0, 15.20, 41040.00),
(238, 'TSS301730054', 'S032', 0, 0, 5.00, 15000.00),
(239, 'TSS301730054', 'S031', 0, 0, 2.30, 1610.00),
(240, 'TSS301730054', 'S015', 0, 0, 14.60, 39420.00),
(241, 'TSS301730054', 'S020', 0, 0, 7.50, 8100.00),
(242, 'TSS301730054', 'S004', 0, 0, 0.90, 4050.00),
(243, 'TSS301730054', 'S002', 0, 0, 0.85, 1836.00),
(244, 'TSS301730054', 'S005', 0, 0, 16.40, 35424.00),
(245, 'TSS301730054', 'S009', 0, 0, 0.95, 5130.00),
(246, 'TSS301730054', 'S008', 0, 0, 3.25, 14625.00),
(247, 'TSS301730054', 'S029', 0, 0, 1.45, 653.00),
(248, 'TSS301730054', 'S022', 0, 0, 1.30, 5850.00),
(249, 'TSS301730054', 'S001', 0, 0, 2.20, 9504.00),
(250, 'TSS301730054', 'S024', 0, 0, 0.90, 13770.00),
(251, 'TSS301730054', 'S028', 0, 0, 29.00, 7830.00),
(252, 'TSS129137123', 'S015', 0, 0, 72.05, 213989.00),
(255, 'TSS130131889', 'S015', 0, 0, 27.60, 81972.00),
(256, 'TSS130131889', 'S005', 0, 0, 21.10, 45576.00),
(257, 'TSS999698354', 'S015', 0, 0, 17.75, 47925.00),
(258, 'TSS999698354', 'S002', 0, 0, 9.75, 21060.00),
(259, 'TSS999698354', 'S020', 0, 0, 2.50, 2700.00),
(260, 'TSS999698354', 'S032', 0, 0, 6.00, 18000.00),
(261, 'TSS509039677', 'S001', 0, 0, 7.50, 32400.00),
(262, 'TSS509039677', 'S002', 0, 0, 6.45, 13932.00),
(263, 'TSS509039677', 'S005', 0, 0, 10.60, 22896.00),
(264, 'TSS509039677', 'S020', 0, 0, 6.85, 7398.00),
(265, 'TSS509039677', 'S015', 0, 0, 22.35, 66380.00),
(266, 'TSS509039677', 'S021', 0, 0, 5.35, 28890.00),
(267, 'TSS509039677', 'S023', 0, 0, 5.05, 20453.00),
(268, 'TSS509039677', 'S002', 0, 0, 1.30, 2808.00),
(269, 'TSS509039677', 'S012', 0, 0, 1.90, 7182.00),
(270, 'TSS180700418', 'S002', 0, 0, 3.30, 7128.00),
(271, 'TSS180700418', 'S005', 0, 0, 2.10, 4536.00),
(272, 'TSS180700418', 'S015', 0, 0, 8.45, 25097.00),
(273, 'TSS180700418', 'S005', 0, 0, 2.50, 5400.00),
(279, 'TSS989926318', 'S015', 0, 0, 2.00, 5940.00),
(280, 'TSS989926318', 'S005', 0, 0, 2.55, 2162.00),
(281, 'TSS989926318', 'S021', 0, 0, 4.10, 22140.00),
(282, 'TSS718650958', 'S005', 0, 0, 4.15, 8964.00),
(283, 'TSS718650958', 'S015', 0, 0, 3.75, 11138.00),
(284, 'TSS718650958', 'S020', 0, 0, 0.75, 810.00),
(285, 'TSS582728041', 'S015', 0, 0, 10.20, 27540.00),
(286, 'TSS582728041', 'S001', 0, 0, 1.50, 6480.00),
(287, 'TSS582728041', 'S023', 0, 0, 1.40, 5670.00),
(288, 'TSS582728041', 'S005', 0, 0, 12.20, 26352.00),
(289, 'TSS582728041', 'S009', 0, 0, 0.35, 1890.00),
(290, 'TSS068932161', 'S001', 0, 0, 2.30, 10350.00),
(291, 'TSS068932161', 'S015', 0, 0, 12.35, 35568.00),
(292, 'TSS068932161', 'S007', 0, 0, 0.80, 1080.00),
(293, 'TSS068932161', 'S006', 0, 0, 0.30, 162.00),
(294, 'TSS068932161', 'S005', 0, 0, 5.65, 12204.00),
(295, 'TSS068932161', 'S029', 0, 0, 2.55, 1148.00),
(296, 'TSS068932161', 'S020', 0, 0, 2.25, 2430.00),
(297, 'TSS068932161', 'S023', 0, 0, 1.45, 5873.00),
(308, 'TSS446885932', 'S001', 0, 0, 0.50, 2250.00),
(309, 'TSS446885932', 'S020', 0, 0, 2.05, 2214.00),
(310, 'TSS446885932', 'S015', 0, 0, 5.25, 14978.00),
(311, 'TSS446885932', 'S023', 0, 0, 1.15, 4658.00),
(312, 'TSS446885932', 'S008', 0, 0, 0.15, 675.00),
(313, 'TSS826307290', 'S005', 0, 0, 0.95, 2052.00),
(314, 'TSS826307290', 'S015', 0, 0, 11.20, 32256.00),
(321, 'TSS135659314', 'S021', 0, 0, 2.80, 15120.00),
(322, 'TSS135659314', 'S020', 0, 0, 2.55, 2754.00),
(323, 'TSS135659314', 'S015', 0, 0, 9.25, 26640.00),
(324, 'TSS135659314', 'S023', 0, 0, 0.60, 2430.00),
(325, 'TSS135659314', 'S029', 0, 0, 3.80, 1710.00),
(326, 'TSS135659314', 'S006', 0, 0, 0.35, 189.00),
(327, 'TSS147074892', 'S015', 0, 0, 16.30, 46944.00),
(328, 'TSS147074892', 'S020', 0, 0, 12.30, 13284.00),
(329, 'TSS147074892', 'S017', 0, 0, 6.40, 11520.00),
(330, 'TSS147074892', 'S005', 0, 0, 4.55, 9828.00),
(339, 'TSS291998017', 'S022', 0, 0, 2.55, 11475.00),
(340, 'TSS291998017', 'S015', 0, 0, 37.60, 108288.00),
(341, 'TSS291998017', 'S018', 0, 0, 9.10, 32760.00),
(342, 'TSS291998017', 'S020', 0, 0, 1.95, 2106.00),
(343, 'TSS291998017', 'S005', 0, 0, 11.75, 25380.00),
(344, 'TSS291998017', 'S023', 0, 0, 12.20, 49410.00),
(345, 'TSS291998017', 'S008', 0, 0, 3.30, 14850.00),
(346, 'TSS291998017', 'S001', 0, 0, 3.85, 17325.00),
(347, 'TSS173478862', 'S031', 0, 0, 5.00, 3500.00),
(348, 'TSS173478862', 'S039', 0, 0, 2.00, 30000.00),
(349, 'TSS173478862', 'S011', 0, 0, 1.55, 3209.00),
(350, 'TSS173478862', 'S001', 0, 0, 3.25, 14625.00),
(351, 'TSS173478862', 'S020', 0, 0, 5.50, 5940.00),
(352, 'TSS173478862', 'S015', 0, 0, 14.75, 42480.00),
(353, 'TSS173478862', 'S005', 0, 0, 12.95, 27972.00),
(354, 'TSS173478862', 'S006', 0, 0, 1.60, 864.00),
(355, 'TSS173478862', 'S023', 0, 0, 3.60, 14580.00),
(356, 'TSS173478862', 'S024', 0, 0, 3.15, 48195.00),
(357, 'TSS173478862', 'S021', 0, 0, 8.35, 45090.00),
(358, 'TSS227787300', 'S001', 0, 0, 0.70, 3150.00),
(359, 'TSS227787300', 'S023', 0, 0, 0.95, 3848.00),
(360, 'TSS239137340', 'S021', 0, 0, 24.60, 132840.00),
(361, 'TSS083194637', 'S024', 0, 0, 0.60, 9180.00),
(362, 'TSS083194637', 'S001', 0, 0, 3.80, 17100.00),
(363, 'TSS083194637', 'S003', 0, 0, 0.90, 7290.00),
(364, 'TSS083194637', 'S015', 0, 0, 19.20, 55296.00),
(365, 'TSS083194637', 'S005', 0, 0, 15.85, 34236.00),
(366, 'TSS083194637', 'S020', 0, 0, 4.60, 4968.00),
(367, 'TSS083194637', 'S023', 0, 0, 2.35, 9518.00),
(368, 'TSS121575012', 'S015', 0, 0, 2.95, 8496.00),
(369, 'TSS121575012', 'S001', 0, 0, 1.65, 7425.00),
(370, 'TSS614053466', 'S002', 0, 0, 2.00, 4320.00),
(371, 'TSS614053466', 'S005', 0, 0, 2.05, 4428.00),
(372, 'TSS614053466', 'S005', 0, 0, 1.05, 2268.00),
(373, 'TSS614053466', 'S015', 0, 0, 10.35, 29808.00),
(374, 'TSS904799901', 'S005', 0, 0, 7.00, 15120.00),
(375, 'TSS904799901', 'S020', 0, 0, 2.80, 3024.00),
(376, 'TSS898474305', 'S015', 0, 0, 9.30, 26784.00),
(377, 'TSS898474305', 'S002', 0, 0, 1.70, 3672.00),
(378, 'TSS898474305', 'S005', 0, 0, 2.95, 6372.00),
(379, 'TSS898474305', 'S020', 0, 0, 2.05, 2214.00),
(380, 'TSS251494490', 'S015', 0, 0, 2.25, 6480.00),
(381, 'TSS251494490', 'S005', 0, 0, 4.50, 9720.00),
(382, 'TSS772995866', 'S003', 0, 0, 1.50, 12150.00),
(383, 'TSS772995866', 'S005', 0, 0, 2.60, 5616.00),
(384, 'TSS772995866', 'S017', 0, 0, 13.65, 24570.00),
(385, 'TSS772995866', 'S031', 0, 0, 0.90, 630.00),
(386, 'TSS772995866', 'S009', 0, 0, 0.20, 1080.00),
(387, 'TSS772995866', 'S021', 0, 0, 1.20, 6480.00),
(388, 'TSS772995866', 'S020', 0, 0, 5.25, 5670.00),
(389, 'TSS772995866', 'S023', 0, 0, 1.80, 7290.00),
(390, 'TSS772995866', 'S015', 0, 0, 8.20, 23616.00),
(391, 'TSS653935997', 'S015', 0, 0, 19.10, 55008.00),
(392, 'TSS653935997', 'S002', 0, 0, 0.75, 1620.00),
(393, 'TSS653935997', 'S031', 0, 0, 0.05, 35.00),
(394, 'TSS653935997', 'S005', 0, 0, 5.05, 10908.00),
(395, 'TSS098091470', 'S005', 0, 0, 1.45, 3132.00),
(396, 'TSS098091470', 'S008', 0, 0, 0.10, 450.00),
(397, 'TSS098091470', 'S024', 0, 0, 0.30, 4590.00),
(403, 'TSS278708457', 'S015', 0, 0, 18.80, 54144.00),
(404, 'TSS278708457', 'S006', 0, 0, 0.10, 54.00),
(405, 'TSS278708457', 'S021', 0, 0, 2.85, 15390.00),
(406, 'TSS278708457', 'S001', 0, 0, 0.75, 3375.00),
(407, 'TSS278708457', 'S005', 0, 0, 9.10, 19656.00),
(408, 'TSS278708457', 'S024', 0, 0, 0.65, 9945.00),
(409, 'TSS278708457', 'S003', 0, 0, 0.45, 3645.00),
(410, 'TSS278708457', 'S006', 0, 0, 0.80, 432.00),
(411, 'TSS278708457', 'S008', 0, 0, 0.20, 900.00),
(412, 'TSS278708457', 'S029', 0, 0, 1.15, 518.00),
(413, 'TSS278708457', 'S032', 0, 0, 10.00, 30000.00),
(414, 'TSS461622279', 'S032', 0, 0, 3.30, 9900.00),
(415, 'TSS461622279', 'S015', 0, 0, 1.55, 4464.00),
(416, 'TSS884930516', 'S009', 0, 0, 4.65, 25110.00),
(417, 'TSS884930516', 'S002', 0, 0, 2.30, 4968.00),
(418, 'TSS884930516', 'S015', 0, 0, 36.25, 104400.00),
(419, 'TSS867678074', 'S005', 0, 0, 3.00, 6480.00),
(420, 'TSS867678074', 'S015', 0, 0, 6.65, 19152.00),
(421, 'TSS255463188', 'S005', 0, 0, 2.85, 6156.00),
(422, 'TSS255463188', 'S001', 0, 0, 2.25, 18225.00),
(423, 'TSS255463188', 'S020', 0, 0, 2.75, 2970.00),
(424, 'TSS255463188', 'S015', 0, 0, 21.90, 63072.00),
(425, 'TSS255463188', 'S003', 0, 0, 0.30, 2430.00),
(426, 'TSS255463188', 'S009', 0, 0, 0.45, 2430.00),
(427, 'TSS255463188', 'S008', 0, 0, 0.25, 1125.00),
(428, 'TSS255463188', 'S007', 0, 0, 0.85, 1148.00),
(429, 'TSS515367605', 'S001', 0, 0, 4.50, 20250.00),
(430, 'TSS515367605', 'S023', 0, 0, 2.95, 13275.00),
(431, 'TSS515367605', 'S005', 0, 0, 4.80, 10800.00),
(432, 'TSS515367605', 'S022', 0, 0, 4.65, 21762.00),
(433, 'TSS515367605', 'S020', 0, 0, 0.95, 1026.00),
(434, 'TSS515367605', 'S017', 0, 0, 4.25, 7650.00),
(435, 'TSS515367605', 'S028', 0, 0, 7.00, 1890.00),
(436, 'TSS515367605', 'S021', 0, 0, 5.05, 28179.00),
(437, 'TSS515367605', 'S024', 0, 0, 3.00, 54000.00),
(438, 'TSS515367605', 'S029', 0, 0, 4.15, 1494.00),
(439, 'TSS515367605', 'S015', 0, 0, 33.55, 96624.00),
(440, 'TSS888066220', 'S015', 0, 0, 6.45, 18576.00),
(441, 'TSS888066220', 'S005', 0, 0, 0.80, 1800.00),
(442, 'TSS888066220', 'S020', 0, 0, 1.05, 1134.00),
(443, 'TSS888066220', 'S001', 0, 0, 0.40, 1800.00),
(453, 'TSS456253632', 'S001', 0, 0, 1.60, 7200.00),
(454, 'TSS456253632', 'S015', 0, 0, 14.50, 41760.00),
(455, 'TSS456253632', 'S023', 0, 0, 0.80, 3600.00),
(456, 'TSS456253632', 'S008', 0, 0, 0.30, 1350.00),
(457, 'TSS456253632', 'S005', 0, 0, 1.25, 2813.00),
(458, 'TSS456253632', 'S024', 0, 0, 0.50, 9000.00),
(459, 'TSS456253632', 'S008', 0, 0, 0.30, 1350.00),
(460, 'TSS456253632', 'S020', 0, 0, 1.55, 1674.00),
(461, 'TSS456253632', 'S021', 0, 0, 0.45, 2511.00),
(462, 'TSS969866210', 'S023', 0, 0, 1.20, 5400.00),
(463, 'TSS969866210', 'S015', 0, 0, 9.20, 26496.00),
(464, 'TSS969866210', 'S020', 0, 0, 5.75, 6210.00),
(465, 'TSS969866210', 'S031', 0, 0, 2.20, 1540.00),
(466, 'TSS969866210', 'S005', 0, 0, 5.20, 11700.00),
(467, 'TSS969866210', 'S021', 0, 0, 2.25, 12555.00),
(468, 'TSS969866210', 'S029', 0, 0, 6.30, 2268.00),
(469, 'TSS969866210', 'S001', 0, 0, 3.55, 15975.00),
(470, 'TSS485477996', 'S023', 0, 0, 0.85, 3825.00),
(471, 'TSS485477996', 'S029', 0, 0, 1.45, 522.00),
(472, 'TSS485477996', 'S008', 0, 0, 0.40, 1800.00),
(473, 'TSS485477996', 'S013', 0, 0, 0.10, 315.00),
(474, 'TSS485477996', 'S003', 0, 0, 0.20, 1620.00),
(475, 'TSS485477996', 'S031', 0, 0, 0.50, 350.00),
(476, 'TSS485477996', 'S001', 0, 0, 1.40, 6300.00),
(477, 'TSS485477996', 'S005', 0, 0, 4.00, 9000.00),
(478, 'TSS485477996', 'S015', 0, 0, 18.75, 54000.00),
(479, 'TSS485477996', 'S022', 0, 0, 3.00, 14040.00),
(480, 'TSS485477996', 'S021', 0, 0, 1.66, 9237.00),
(481, 'TSS070535562', 'S015', 0, 0, 16.15, 46512.00),
(482, 'TSS070535562', 'S023', 0, 0, 2.70, 12150.00),
(483, 'TSS070535562', 'S005', 0, 0, 2.10, 4725.00),
(484, 'TSS070535562', 'S022', 0, 0, 1.50, 7020.00),
(485, 'TSS070535562', 'S001', 0, 0, 2.15, 9675.00),
(486, 'TSS070535562', 'S008', 0, 0, 0.20, 900.00),
(487, 'TSS070535562', 'S024', 0, 0, 0.20, 3600.00),
(488, 'TSS070535562', 'S003', 0, 0, 0.20, 1620.00),
(489, 'TSS070535562', 'S006', 0, 0, 0.70, 378.00),
(490, 'TSS070535562', 'S029', 0, 0, 5.35, 1926.00),
(491, 'TSS070535562', 'S031', 0, 0, 0.25, 175.00),
(492, 'TSS070535562', 'S020', 0, 0, 5.65, 6102.00),
(493, 'TSS070535562', 'S017', 0, 0, 10.15, 18270.00),
(494, 'TSS233257909', 'S021', 0, 0, 17.70, 98766.00),
(495, 'TSS233257909', 'S015', 0, 0, 17.80, 51264.00),
(496, 'TSS233257909', 'S001', 0, 0, 3.25, 14625.00),
(497, 'TSS233257909', 'S005', 0, 0, 3.95, 8888.00),
(498, 'TSS233257909', 'S023', 0, 0, 4.85, 21825.00),
(499, 'TSS718748918', 'S032', 0, 0, 5.00, 15000.00),
(500, 'TSS718748918', 'S015', 0, 0, 2.95, 8496.00),
(501, 'TSS718748918', 'S005', 0, 0, 2.05, 4613.00),
(502, 'TSS718748918', 'S020', 0, 0, 0.80, 864.00),
(503, 'TSS718748918', 'S031', 0, 0, 0.10, 70.00),
(504, 'TSS651221594', 'S007', 0, 0, 7.10, 9585.00),
(505, 'TSS152077110', 'S032', 0, 0, 2.00, 6000.00),
(506, 'TSS841830417', 'S011', 0, 0, 14.60, 30222.00),
(507, 'TSS841830417', 'S015', 0, 0, 15.50, 44640.00),
(508, 'TSS841830417', 'S005', 0, 0, 32.70, 73575.00),
(509, 'TSS841830417', 'S001', 0, 0, 5.25, 23625.00),
(510, 'TSS841830417', 'S023', 0, 0, 40.25, 181125.00),
(511, 'TSS841830417', 'S020', 0, 0, 4.10, 4432.00),
(512, 'TSS841830417', 'S021', 0, 0, 17.75, 99045.00),
(513, 'TSS841830417', 'S031', 0, 0, 1.05, 735.00),
(514, 'TSS841830417', 'S024', 0, 0, 7.35, 132300.00),
(515, 'TSS841830417', 'S022', 0, 0, 1.00, 4680.00),
(516, 'TSS458848004', 'S015', 0, 0, 17.45, 50256.00),
(517, 'TSS458848004', 'S005', 0, 0, 1.20, 2700.00),
(518, 'TSS845714408', 'S023', 0, 0, 2.25, 10125.00),
(519, 'TSS845714408', 'S015', 0, 0, 2.40, 6912.00),
(520, 'TSS845714408', 'S005', 0, 0, 2.70, 6075.00),
(521, 'TSS845714408', 'S020', 0, 0, 2.50, 2700.00),
(522, 'TSS270656624', 'S005', 0, 0, 3.60, 8100.00),
(523, 'TSS270656624', 'S015', 0, 0, 1.31, 3780.00),
(524, 'TSS270656624', 'S036', 0, 0, 4.60, 16560.00),
(525, 'TSS918149395', 'S015', 0, 0, 32.85, 94608.00),
(526, 'TSS918149395', 'S009', 0, 0, 1.43, 7695.00),
(527, 'TSS864370706', 'S001', 0, 0, 0.45, 2025.00),
(528, 'TSS864370706', 'S023', 0, 0, 9.55, 42978.00),
(529, 'TSS864370706', 'S021', 0, 0, 4.50, 25110.00),
(530, 'TSS864370706', 'S015', 0, 0, 3.90, 11232.00),
(531, 'TSS864370706', 'S032', 0, 0, 5.00, 15000.00),
(532, 'TSS864370706', 'S029', 0, 0, 2.55, 918.00),
(533, 'TSS864370706', 'S005', 0, 0, 2.95, 6638.00),
(534, 'TSS973285916', 'S005', 0, 0, 0.35, 788.00),
(535, 'TSS973285916', 'S001', 0, 0, 0.45, 2025.00),
(536, 'TSS973285916', 'S015', 0, 0, 8.25, 23760.00),
(537, 'TSS973285916', 'S003', 0, 0, 0.15, 1215.00),
(538, 'TSS635672650', 'S015', 0, 0, 8.45, 24336.00),
(539, 'TSS635672650', 'S023', 0, 0, 0.40, 1800.00),
(540, 'TSS635672650', 'S001', 0, 0, 1.45, 6525.00),
(541, 'TSS635672650', 'S031', 0, 0, 0.25, 175.00),
(542, 'TSS635672650', 'S005', 0, 0, 2.35, 5288.00),
(543, 'TSS635672650', 'S008', 0, 0, 0.25, 1125.00),
(544, 'TSS635672650', 'S009', 0, 0, 0.35, 1890.00),
(545, 'TSS136262732', 'S032', 0, 0, 6.00, 18000.00),
(546, 'TSS136262732', 'S005', 0, 0, 1.90, 4275.00),
(547, 'TSS136262732', 'S001', 0, 0, 0.60, 2700.00),
(548, 'TSS136262732', 'S008', 0, 0, 0.70, 3150.00),
(549, 'TSS136262732', 'S009', 0, 0, 0.19, 1012.00),
(550, 'TSS136262732', 'S015', 0, 0, 1.70, 4896.00),
(551, 'TSS010894261', 'S032', 0, 0, 1.00, 3000.00),
(552, 'TSS010894261', 'S022', 0, 0, 1.70, 7956.00),
(553, 'TSS010894261', 'S017', 0, 0, 1.80, 3240.00),
(554, 'TSS010894261', 'S005', 0, 0, 8.55, 19238.00),
(555, 'TSS010894261', 'S015', 0, 0, 5.45, 15696.00),
(556, 'TSS010894261', 'S025', 0, 0, 12.60, 28350.00),
(557, 'TSS010894261', 'S023', 0, 0, 1.25, 5625.00),
(558, 'TSS010894261', 'S003', 0, 0, 0.10, 810.00),
(559, 'TSS010894261', 'S001', 0, 0, 0.80, 3600.00),
(560, 'TSS010894261', 'S029', 0, 0, 1.10, 396.00),
(561, 'TSS010894261', 'S021', 0, 0, 10.40, 58032.00),
(562, 'TSS287008252', 'S009', 0, 0, 2.25, 12150.00),
(563, 'TSS287008252', 'S029', 0, 0, 3.05, 1098.00),
(564, 'TSS287008252', 'S015', 0, 0, 8.30, 23904.00),
(565, 'TSS287008252', 'S005', 0, 0, 0.80, 1800.00),
(566, 'TSS287008252', 'S023', 0, 0, 0.90, 4050.00),
(567, 'TSS287008252', 'S001', 0, 0, 0.80, 3600.00),
(568, 'TSS447257247', 'S001', 0, 0, 1.45, 6525.00),
(569, 'TSS447257247', 'S015', 0, 0, 19.25, 55440.00),
(570, 'TSS447257247', 'S029', 0, 0, 2.80, 1008.00),
(571, 'TSS447257247', 'S033', 0, 0, 1.41, 5712.00),
(572, 'TSS447257247', 'S020', 0, 0, 0.80, 864.00),
(573, 'TSS447257247', 'S005', 0, 0, 2.40, 5400.00),
(574, 'TSS447257247', 'S032', 0, 0, 7.00, 21000.00),
(575, 'TSS762338766', 'S015', 0, 0, 35.85, 96795.00),
(576, 'TSS582007835', 'S005', 0, 0, 10.10, 19998.00),
(577, 'TSS582007835', 'S015', 0, 0, 13.15, 35505.00),
(578, 'TSS582007835', 'S005', 0, 0, 2.30, 4554.00),
(579, 'TSS582007835', 'S023', 0, 0, 1.10, 3465.00),
(580, 'TSS582007835', 'S001', 0, 0, 1.15, 5693.00),
(581, 'TSS582007835', 'S003', 0, 0, 0.35, 2363.00),
(582, 'TSS582007835', 'S006', 0, 0, 0.80, 504.00),
(583, 'TSS582007835', 'S029', 0, 0, 5.60, 2016.00),
(584, 'TSS582007835', 'S020', 0, 0, 1.05, 1134.00),
(585, 'TSS582007835', 'S031', 0, 0, 0.55, 385.00),
(586, 'TSS582007835', 'S024', 0, 0, 0.20, 3420.00),
(587, 'TSS582007835', 'S008', 0, 0, 0.15, 405.00),
(598, 'TSS308358709', 'S015', 0, 0, 74.75, 201825.00),
(599, 'TSS308358709', 'S033', 0, 0, 1.35, 5468.00),
(600, 'TSS308358709', 'S012', 0, 0, 0.90, 3402.00),
(601, 'TSS308358709', 'S003', 0, 0, 2.00, 13500.00),
(602, 'TSS308358709', 'S007', 0, 0, 1.60, 2880.00),
(603, 'TSS308358709', 'S020', 0, 0, 3.30, 3564.00),
(604, 'TSS308358709', 'S005', 0, 0, 12.45, 24651.00),
(605, 'TSS308358709', 'S029', 0, 0, 5.65, 2034.00),
(606, 'TSS308358709', 'S028', 0, 0, 12.00, 3240.00),
(607, 'TSS308358709', 'S023', 0, 0, 8.00, 25200.00),
(608, 'TSS308358709', 'S001', 0, 0, 8.80, 43560.00),
(609, 'TSS308358709', 'S032', 0, 0, 5.00, 15000.00),
(610, 'TSS034940666', 'S031', 0, 0, 4.65, 3255.00),
(611, 'TSS034940666', 'S015', 0, 0, 49.40, 133380.00),
(612, 'TSS034940666', 'S005', 0, 0, 19.50, 38610.00),
(613, 'TSS034940666', 'S020', 0, 0, 10.85, 11718.00),
(614, 'TSS034940666', 'S001', 0, 0, 9.05, 44798.00),
(615, 'TSS034940666', 'S008', 0, 0, 2.45, 6615.00),
(616, 'TSS034940666', 'S029', 0, 0, 10.90, 3924.00),
(617, 'TSS034940666', 'S023', 0, 0, 2.00, 6300.00),
(618, 'TSS256900952', 'S015', 0, 0, 6.70, 18090.00),
(619, 'TSS542914880', 'S033', 0, 0, 7.65, 30983.00),
(620, 'TSS542914880', 'S005', 0, 0, 4.25, 8415.00),
(621, 'TSS542914880', 'S020', 0, 0, 3.45, 3726.00),
(622, 'TSS542914880', 'S001', 0, 0, 1.25, 6188.00),
(623, 'TSS542914880', 'S024', 0, 0, 0.70, 11970.00),
(624, 'TSS542914880', 'S029', 0, 0, 4.30, 1548.00),
(625, 'TSS109196066', 'S015', 0, 0, 28.05, 75735.00),
(626, 'TSS260490127', 'S021', 0, 0, 10.35, 46575.00),
(627, 'TSS260490127', 'S012', 0, 0, 0.90, 3402.00),
(628, 'TSS260490127', 'S005', 0, 0, 13.43, 26591.00),
(629, 'TSS260490127', 'S023', 0, 0, 1.30, 4095.00),
(630, 'TSS260490127', 'S024', 0, 0, 5.00, 85500.00),
(631, 'TSS260490127', 'S031', 0, 0, 0.85, 595.00),
(632, 'TSS260490127', 'S015', 0, 0, 25.00, 67500.00),
(633, 'TSS260490127', 'S023', 0, 0, 1.13, 3560.00),
(634, 'TSS260490127', 'S005', 0, 0, 5.65, 11187.00),
(635, 'TSS260490127', 'S020', 0, 0, 0.90, 972.00),
(636, 'TSS260490127', 'S001', 0, 0, 1.85, 9158.00),
(637, 'TSS260490127', 'S008', 0, 0, 0.25, 675.00),
(638, 'TSS506911248', 'S015', 0, 0, 7.20, 19440.00),
(639, 'TSS506911248', 'S029', 0, 0, 3.65, 1314.00),
(640, 'TSS506911248', 'S020', 0, 0, 10.15, 10962.00),
(641, 'TSS506911248', 'S003', 0, 0, 1.00, 6750.00),
(642, 'TSS506911248', 'S005', 0, 0, 0.95, 1881.00),
(643, 'TSS506911248', 'S023', 0, 0, 1.15, 3623.00),
(644, 'TSS506911248', 'S008', 0, 0, 0.45, 1215.00),
(645, 'TSS506911248', 'S006', 0, 0, 0.35, 221.00),
(646, 'TSS506911248', 'S032', 0, 0, 1.00, 3000.00),
(647, 'TSS291719242', 'S032', 0, 0, 4.50, 13500.00),
(648, 'TSS291719242', 'S031', 0, 0, 0.25, 175.00),
(649, 'TSS291719242', 'S005', 0, 0, 0.35, 693.00),
(650, 'TSS291719242', 'S009', 0, 0, 0.49, 2632.00),
(651, 'TSS291719242', 'S001', 0, 0, 0.80, 3960.00),
(652, 'TSS291719242', 'S020', 0, 0, 0.95, 1026.00),
(653, 'TSS069040954', 'S005', 0, 0, 4.45, 8811.00),
(654, 'TSS069040954', 'S015', 0, 0, 16.70, 45090.00),
(655, 'TSS021070477', 'S015', 0, 0, 29.70, 80190.00),
(656, 'TSS021070477', 'S005', 0, 0, 4.20, 8316.00),
(657, 'TSS021070477', 'S001', 0, 0, 4.65, 23018.00),
(658, 'TSS021070477', 'S031', 0, 0, 0.45, 315.00),
(659, 'TSS021070477', 'S006', 0, 0, 1.70, 1071.00),
(660, 'TSS021070477', 'S023', 0, 0, 1.75, 5511.00),
(661, 'TSS021070477', 'S033', 0, 0, 1.40, 5670.00),
(662, 'TSS021070477', 'S003', 0, 0, 0.70, 4725.00),
(663, 'TSS021070477', 'S032', 0, 0, 6.00, 18000.00),
(664, 'TSS494826467', 'S005', 0, 0, 2.69, 5326.00),
(665, 'TSS494826467', 'S023', 0, 0, 1.38, 4352.00),
(666, 'TSS494826467', 'S001', 0, 0, 3.45, 17078.00),
(667, 'TSS494826467', 'S015', 0, 0, 11.20, 30240.00),
(668, 'TSS494826467', 'S032', 0, 0, 1.00, 3000.00),
(669, 'TSS092823875', 'S015', 0, 0, 17.25, 46575.00),
(670, 'TSS625247202', 'S005', 0, 0, 1.40, 2772.00),
(671, 'TSS625247202', 'S021', 0, 0, 23.85, 107328.00),
(672, 'TSS801903591', 'S005', 0, 0, 1.25, 2475.00),
(673, 'TSS801903591', 'S021', 0, 0, 1.70, 7650.00),
(674, 'TSS801903591', 'S007', 0, 0, 3.35, 6030.00),
(675, 'TSS801903591', 'S022', 0, 0, 3.00, 12150.00),
(676, 'TSS801903591', 'S031', 0, 0, 0.45, 315.00),
(677, 'TSS979958157', 'S005', 0, 0, 6.70, 13266.00),
(678, 'TSS979958157', 'S015', 0, 0, 3.85, 10395.00),
(679, 'TSS979958157', 'S005', 0, 0, 14.10, 27918.00),
(680, 'TSS979958157', 'S029', 0, 0, 3.15, 1134.00),
(681, 'TSS843251164', 'S015', 0, 0, 3.65, 9855.00),
(682, 'TSS843251164', 'S005', 0, 0, 11.30, 22374.00),
(683, 'TSS843251164', 'S017', 0, 0, 2.75, 4950.00),
(684, 'TSS843251164', 'S020', 0, 0, 0.55, 594.00),
(685, 'TSS843251164', 'S007', 0, 0, 1.00, 1800.00),
(686, 'TSS843251164', 'S023', 0, 0, 1.05, 3308.00),
(687, 'TSS843251164', 'S029', 0, 0, 1.65, 594.00),
(688, 'TSS843251164', 'S001', 0, 0, 1.80, 8910.00),
(689, 'TSS146176693', 'S021', 0, 0, 4.10, 18450.00),
(690, 'TSS146176693', 'S023', 0, 0, 0.65, 2048.00),
(691, 'TSS146176693', 'S005', 0, 0, 5.80, 11484.00),
(692, 'TSS146176693', 'S020', 0, 0, 1.75, 1890.00),
(693, 'TSS146176693', 'S006', 0, 0, 3.00, 1890.00),
(694, 'TSS514539463', 'S001', 0, 0, 7.25, 35888.00),
(695, 'TSS514539463', 'S003', 0, 0, 2.10, 14175.00),
(696, 'TSS514539463', 'S015', 0, 0, 27.95, 75465.00),
(697, 'TSS514539463', 'S020', 0, 0, 15.40, 16632.00),
(698, 'TSS514539463', 'S013', 0, 0, 1.30, 4092.00),
(699, 'TSS514539463', 'S005', 0, 0, 6.30, 12474.00),
(700, 'TSS514539463', 'S024', 0, 0, 0.60, 10260.00),
(701, 'TSS514539463', 'S023', 0, 0, 2.50, 7875.00),
(702, 'TSS514539463', 'S018', 0, 0, 3.40, 9180.00),
(703, 'TSS514539463', 'S017', 0, 0, 6.25, 11250.00),
(704, 'TSS514539463', 'S031', 0, 0, 2.60, 1820.00),
(705, 'TSS514539463', 'S045', 0, 0, 1.05, 945.00),
(706, 'TSS514539463', 'S007', 0, 0, 0.80, 1440.00),
(707, 'TSS514539463', 'S021', 0, 0, 2.30, 10350.00),
(708, 'TSS514539463', 'S009', 0, 0, 0.50, 2700.00),
(709, 'TSS514539463', 'S008', 0, 0, 0.75, 2025.00),
(710, 'TSS180210979', 'S001', 0, 0, 1.10, 5445.00),
(711, 'TSS180210979', 'S003', 0, 0, 0.25, 1687.00),
(712, 'TSS180210979', 'S008', 0, 0, 0.20, 540.00),
(713, 'TSS180210979', 'S009', 0, 0, 0.25, 1350.00),
(714, 'TSS180210979', 'S015', 0, 0, 18.50, 49950.00),
(715, 'TSS180210979', 'S020', 0, 0, 1.20, 1296.00),
(716, 'TSS180210979', 'S005', 0, 0, 2.75, 5445.00),
(717, 'TSS180210979', 'S006', 0, 0, 0.30, 189.00),
(718, 'TSS557319616', 'S015', 0, 0, 14.70, 39690.00),
(719, 'TSS557319616', 'S002', 0, 0, 9.35, 20196.00),
(720, 'TSS557319616', 'S023', 0, 0, 2.65, 8347.00),
(721, 'TSS557319616', 'S001', 0, 0, 2.20, 10890.00),
(722, 'TSS557319616', 'S005', 0, 0, 2.80, 5544.00),
(723, 'TSS557319616', 'S020', 0, 0, 16.85, 18198.00),
(724, 'TSS557319616', 'S046', 0, 0, 24.05, 21645.00),
(725, 'TSS082416647', 'S005', 0, 0, 4.60, 9108.00),
(726, 'TSS082416647', 'S020', 0, 0, 3.70, 3996.00),
(727, 'TSS082416647', 'S002', 0, 0, 3.40, 7344.00),
(728, 'TSS082416647', 'S015', 0, 0, 45.30, 122310.00),
(729, 'TSS943434891', 'S005', 0, 0, 13.80, 27324.00),
(730, 'TSS324244238', 'S015', 0, 0, 1.95, 5265.00),
(731, 'TSS324244238', 'S023', 0, 0, 0.55, 1732.00),
(732, 'TSS324244238', 'S029', 0, 0, 1.40, 504.00),
(733, 'TSS324244238', 'S020', 0, 0, 1.55, 1674.00),
(734, 'TSS324244238', 'S005', 0, 0, 0.70, 1386.00),
(735, 'TSS343754893', 'S015', 0, 0, 6.95, 18765.00),
(736, 'TSS343754893', 'S001', 0, 0, 1.63, 8075.00),
(737, 'TSS343754893', 'S023', 0, 0, 1.25, 3937.00),
(738, 'TSS343754893', 'S029', 0, 0, 5.45, 1962.00),
(739, 'TSS343754893', 'S005', 0, 0, 1.95, 3861.00),
(740, 'TSS089503723', 'S020', 0, 0, 4.25, 4593.00),
(741, 'TSS089503723', 'S021', 0, 0, 3.25, 14625.00),
(742, 'TSS089503723', 'S006', 0, 0, 0.65, 410.00),
(743, 'TSS089503723', 'S023', 0, 0, 1.15, 3623.00),
(744, 'TSS089503723', 'S005', 0, 0, 3.00, 5940.00),
(745, 'TSS089503723', 'S001', 0, 0, 1.30, 6435.00),
(746, 'TSS846127400', 'S002', 0, 0, 6.65, 14364.00),
(747, 'TSS846127400', 'S005', 0, 0, 2.85, 5643.00),
(748, 'TSS846127400', 'S015', 0, 0, 65.80, 177660.00),
(749, 'TSS174209652', 'S001', 0, 0, 1.41, 6982.00),
(750, 'TSS174209652', 'S005', 0, 0, 3.40, 6732.00),
(751, 'TSS174209652', 'S023', 0, 0, 0.55, 1732.00),
(752, 'TSS174209652', 'S029', 0, 0, 1.65, 594.00),
(753, 'TSS174209652', 'S024', 0, 0, 1.15, 19665.00),
(754, 'TSS174209652', 'S015', 0, 0, 3.70, 9990.00),
(755, 'TSS938078032', 'S007', 0, 0, 25.95, 46710.00),
(756, 'TSS162279910', 'S001', 0, 0, 2.65, 13118.00),
(757, 'TSS162279910', 'S005', 0, 0, 2.95, 5832.00),
(758, 'TSS401892051', 'S024', 0, 0, 0.09, 1620.00),
(759, 'TSS401892051', 'S029', 0, 0, 1.95, 702.00),
(760, 'TSS401892051', 'S015', 0, 0, 5.55, 15485.00),
(761, 'TSS401892051', 'S033', 0, 0, 2.25, 9112.00),
(762, 'TSS401892051', 'S037', 0, 0, 0.75, 3375.00),
(763, 'TSS401892051', 'S023', 0, 0, 1.10, 3960.00),
(764, 'TSS401892051', 'S020', 0, 0, 1.80, 2106.00),
(765, 'TSS377764732', 'S001', 0, 0, 3.70, 18315.00),
(766, 'TSS377764732', 'S020', 0, 0, 2.82, 3294.00),
(767, 'TSS377764732', 'S032', 0, 0, 5.00, 15000.00),
(768, 'TSS377764732', 'S031', 0, 0, 1.50, 1050.00),
(769, 'TSS377764732', 'S015', 0, 0, 10.95, 30551.00),
(770, 'TSS377764732', 'S021', 0, 0, 2.28, 11286.00),
(771, 'TSS377764732', 'S029', 0, 0, 3.70, 1332.00),
(772, 'TSS377764732', 'S005', 0, 0, 7.15, 14148.00),
(773, 'TSS377764732', 'S007', 0, 0, 1.60, 2160.00),
(774, 'TSS491435546', 'S015', 0, 0, 19.05, 53150.00),
(775, 'TSS491435546', 'S003', 0, 0, 1.22, 8798.00),
(776, 'TSS491435546', 'S001', 0, 0, 4.25, 21038.00),
(777, 'TSS491435546', 'S023', 0, 0, 7.90, 28440.00),
(778, 'TSS491435546', 'S005', 0, 0, 8.29, 16414.00),
(779, 'TSS491435546', 'S005', 0, 0, 1.91, 3780.00),
(780, 'TSS491435546', 'S020', 0, 0, 2.68, 3132.00),
(781, 'TSS491435546', 'S006', 0, 0, 12.60, 6804.00),
(782, 'TSS491435546', 'S031', 0, 0, 0.65, 455.00),
(783, 'TSS491435546', 'S029', 0, 0, 10.00, 3600.00),
(784, 'TSS491435546', 'S025', 0, 0, 1.80, 4050.00),
(785, 'TSS491435546', 'S032', 0, 0, 5.00, 15000.00),
(786, 'TSS973163187', 'S031', 0, 0, 0.50, 350.00),
(787, 'TSS973163187', 'S020', 0, 0, 0.42, 486.00),
(788, 'TSS973163187', 'S015', 0, 0, 7.55, 21065.00),
(789, 'TSS973163187', 'S001', 0, 0, 0.30, 1485.00),
(790, 'TSS973163187', 'S005', 0, 0, 0.44, 863.00),
(791, 'TSS973163187', 'S048', 0, 0, 6.20, 31000.00),
(792, 'TSS565575648', 'S005', 0, 0, 6.00, 11880.00),
(793, 'TSS565575648', 'S015', 0, 0, 8.40, 23436.00),
(794, 'TSS565575648', 'S017', 0, 0, 4.92, 10620.00),
(795, 'TSS565575648', 'S022', 0, 0, 19.55, 79178.00),
(796, 'TSS740888199', 'S015', 0, 0, 10.15, 28319.00),
(797, 'TSS740888199', 'S029', 0, 0, 2.15, 774.00),
(798, 'TSS740888199', 'S009', 0, 0, 0.50, 2700.00),
(799, 'TSS740888199', 'S005', 0, 0, 0.76, 1512.00),
(800, 'TSS740888199', 'S024', 0, 0, 0.33, 5670.00),
(801, 'TSS740888199', 'S005', 0, 0, 1.85, 3672.00),
(807, 'TSS455635777', 'S008', 0, 0, 0.77, 3825.00),
(808, 'TSS455635777', 'S024', 0, 0, 0.14, 2430.00),
(809, 'TSS455635777', 'S006', 0, 0, 0.40, 216.00),
(810, 'TSS455635777', 'S007', 0, 0, 6.45, 8708.00),
(811, 'TSS455635777', 'S017', 0, 0, 1.29, 2790.00),
(812, 'TSS455635777', 'S003', 0, 0, 0.48, 3442.00),
(813, 'TSS455635777', 'S032', 0, 0, 7.00, 21000.00),
(814, 'TSS455635777', 'S001', 0, 0, 0.80, 3960.00),
(815, 'TSS455635777', 'S015', 0, 0, 7.95, 22181.00),
(816, 'TSS455635777', 'S005', 0, 0, 1.62, 3208.00),
(817, 'TSS121314307', 'S020', 0, 0, 3.74, 4374.00),
(818, 'TSS121314307', 'S015', 0, 0, 7.40, 20646.00),
(819, 'TSS121314307', 'S023', 0, 0, 1.80, 6480.00),
(820, 'TSS121314307', 'S021', 0, 0, 6.22, 30780.00),
(821, 'TSS121314307', 'S005', 0, 0, 2.84, 5616.00),
(822, 'TSS275520038', 'S015', 0, 0, 10.90, 30411.00),
(823, 'TSS721232897', 'S046', 0, 0, 11.50, 10350.00),
(824, 'TSS721232897', 'S025', 0, 0, 8.75, 19688.00),
(825, 'TSS721232897', 'S015', 0, 0, 13.40, 37386.00),
(826, 'TSS721232897', 'S012', 0, 0, 3.00, 11340.00),
(827, 'TSS721232897', 'S005', 0, 0, 11.02, 21816.00),
(828, 'TSS721232897', 'S002', 0, 0, 4.30, 9288.00),
(829, 'TSS721232897', 'S023', 0, 0, 4.45, 16020.00),
(830, 'TSS721232897', 'S020', 0, 0, 3.97, 4644.00),
(831, 'TSS721232897', 'S022', 0, 0, 4.40, 17820.00),
(832, 'TSS721232897', 'S007', 0, 0, 2.25, 3038.00),
(833, 'TSS721232897', 'S003', 0, 0, 0.64, 4590.00),
(834, 'TSS097518459', 'S005', 0, 0, 2.90, 5746.00),
(835, 'TSS097518459', 'S015', 0, 0, 6.30, 17577.00),
(836, 'TSS714547451', 'S005', 0, 0, 9.33, 18468.00),
(837, 'TSS714547451', 'S015', 0, 0, 7.90, 22041.00),
(838, 'TSS714547451', 'S031', 0, 0, 0.25, 175.00),
(839, 'TSS087753453', 'S015', 0, 0, 15.10, 42129.00),
(840, 'TSS087753453', 'S005', 0, 0, 8.40, 16632.00),
(841, 'TSS087753453', 'S020', 0, 0, 2.95, 3456.00),
(842, 'TSS087753453', 'S017', 0, 0, 1.67, 3600.00),
(843, 'TSS100845422', 'S023', 0, 0, 2.10, 7560.00),
(844, 'TSS100845422', 'S015', 0, 0, 0.80, 2232.00),
(845, 'TSS465643392', 'S015', 0, 0, 2.90, 8091.00),
(846, 'TSS465643392', 'S005', 0, 0, 3.55, 7020.00),
(847, 'TSS465643392', 'S031', 0, 0, 1.15, 805.00),
(848, 'TSS821554109', 'S005', 0, 0, 5.02, 9936.00),
(849, 'TSS456021269', 'S001', 0, 0, 3.15, 15593.00),
(850, 'TSS456021269', 'S008', 0, 0, 0.50, 2475.00),
(851, 'TSS456021269', 'S003', 0, 0, 0.37, 2677.00),
(852, 'TSS456021269', 'S015', 0, 0, 11.15, 31109.00),
(853, 'TSS456021269', 'S020', 0, 0, 15.69, 18360.00),
(854, 'TSS456021269', 'S005', 0, 0, 1.80, 3564.00),
(855, 'TSS305826023', 'S015', 0, 0, 40.00, 111600.00),
(856, 'TSS305826023', 'S005', 0, 0, 9.00, 17820.00),
(857, 'TSS305826023', 'S008', 0, 0, 4.47, 22140.00),
(858, 'TSS931578425', 'S001', 0, 0, 0.50, 2475.00),
(859, 'TSS931578425', 'S015', 0, 0, 8.65, 24134.00),
(860, 'TSS832567969', 'S031', 0, 0, 0.15, 105.00),
(861, 'TSS832567969', 'S001', 0, 0, 0.60, 2970.00),
(862, 'TSS832567969', 'S011', 0, 0, 1.95, 4037.00),
(863, 'TSS832567969', 'S015', 0, 0, 3.45, 9625.00),
(864, 'TSS832567969', 'S023', 0, 0, 0.75, 2700.00),
(865, 'TSS832567969', 'S017', 0, 0, 7.17, 15480.00),
(866, 'TSS832567969', 'S005', 0, 0, 3.22, 6372.00),
(867, 'TSS108216428', 'S015', 0, 0, 4.65, 12974.00),
(868, 'TSS108216428', 'S001', 0, 0, 1.55, 7672.00),
(869, 'TSS108216428', 'S031', 0, 0, 1.15, 805.00),
(870, 'TSS108216428', 'S005', 0, 0, 7.69, 15228.00),
(871, 'TSS108216428', 'S022', 0, 0, 3.90, 15795.00),
(872, 'TSS108216428', 'S012', 0, 0, 0.60, 2268.00),
(873, 'TSS940348943', 'S029', 0, 0, 3.55, 1278.00),
(874, 'TSS940348943', 'S024', 0, 0, 0.28, 4860.00),
(875, 'TSS940348943', 'S005', 0, 0, 1.75, 3456.00),
(876, 'TSS940348943', 'S023', 0, 0, 0.45, 1620.00),
(877, 'TSS940348943', 'S032', 0, 0, 6.00, 18000.00),
(878, 'TSS940348943', 'S001', 0, 0, 1.90, 9405.00),
(879, 'TSS940348943', 'S015', 0, 0, 6.45, 17996.00),
(880, 'TSS917302681', 'S001', 0, 0, 6.40, 31680.00),
(881, 'TSS917302681', 'S005', 0, 0, 7.15, 14157.00),
(882, 'TSS917302681', 'S003', 0, 0, 2.44, 17551.00),
(883, 'TSS917302681', 'S023', 0, 0, 3.09, 11137.00),
(884, 'TSS917302681', 'S007', 0, 0, 2.55, 3443.00),
(885, 'TSS917302681', 'S020', 0, 0, 6.65, 7776.00),
(886, 'TSS917302681', 'S031', 0, 0, 1.80, 1260.00),
(887, 'TSS917302681', 'S015', 0, 0, 20.52, 57262.00),
(888, 'TSS060834995', 'S005', 0, 0, 1.20, 2376.00),
(889, 'TSS060834995', 'S020', 0, 0, 0.46, 540.00),
(890, 'TSS060834995', 'S001', 0, 0, 0.85, 4208.00),
(891, 'TSS060834995', 'S023', 0, 0, 1.16, 4158.00),
(892, 'TSS060834995', 'S015', 0, 0, 1.41, 3937.00),
(893, 'TSS060834995', 'S031', 0, 0, 0.25, 175.00),
(894, 'TSS665459366', 'S001', 0, 0, 4.60, 22770.00),
(895, 'TSS665459366', 'S009', 0, 0, 2.65, 14310.00),
(896, 'TSS665459366', 'S029', 0, 0, 4.95, 1782.00),
(897, 'TSS665459366', 'S021', 0, 0, 4.35, 21528.00),
(898, 'TSS665459366', 'S022', 0, 0, 1.28, 5184.00),
(899, 'TSS665459366', 'S005', 0, 0, 18.15, 35937.00),
(900, 'TSS665459366', 'S023', 0, 0, 2.52, 9058.00),
(901, 'TSS665459366', 'S024', 0, 0, 2.09, 35775.00),
(902, 'TSS665459366', 'S015', 0, 0, 26.49, 73912.00),
(903, 'TSS699000304', 'S015', 0, 0, 3.71, 10350.00),
(904, 'TSS699000304', 'S005', 0, 0, 1.65, 3267.00),
(905, 'TSS005286284', 'S015', 0, 0, 14.60, 40725.00),
(906, 'TSS005286284', 'S024', 0, 0, 0.36, 6075.00),
(907, 'TSS005286284', 'S001', 0, 0, 5.95, 29457.00),
(908, 'TSS005286284', 'S031', 0, 0, 2.05, 1435.00),
(909, 'TSS005286284', 'S020', 0, 0, 11.31, 13230.00),
(910, 'TSS005286284', 'S009', 0, 0, 1.20, 6480.00),
(911, 'TSS005286284', 'S013', 0, 0, 2.10, 6615.00),
(912, 'TSS005286284', 'S004', 0, 0, 0.44, 1980.00),
(913, 'TSS005286284', 'S005', 0, 0, 2.70, 5346.00),
(914, 'TSS005286284', 'S005', 0, 0, 7.75, 15345.00),
(915, 'TSS005286284', 'S023', 0, 0, 2.93, 10548.00),
(916, 'TSS005286284', 'S029', 0, 0, 4.45, 1602.00),
(917, 'TSS005286284', 'S006', 0, 0, 1.40, 756.00),
(918, 'TSS005286284', 'S022', 0, 0, 0.40, 1620.00),
(919, 'TSS005286284', 'S049', 0, 0, 5.00, 15000.00),
(920, 'TSS172304371', 'S015', 0, 0, 3.47, 9676.00),
(921, 'TSS172304371', 'S031', 0, 0, 0.20, 140.00),
(922, 'TSS172304371', 'S009', 0, 0, 0.84, 4520.00),
(923, 'TSS172304371', 'S005', 0, 0, 1.15, 2277.00),
(924, 'TSS172304371', 'S001', 0, 0, 0.70, 3465.00),
(925, 'TSS172304371', 'S049', 0, 0, 5.50, 16500.00),
(926, 'TSS172304371', 'S004', 0, 0, 0.24, 1080.00),
(927, 'TSS866502408', 'S015', 0, 0, 8.83, 24636.00),
(928, 'TSS866502408', 'S020', 0, 0, 4.80, 5616.00),
(929, 'TSS866502408', 'S003', 0, 0, 0.64, 4590.00),
(930, 'TSS866502408', 'S029', 0, 0, 3.40, 1224.00),
(931, 'TSS866502408', 'S005', 0, 0, 2.45, 4851.00),
(932, 'TSS866502408', 'S031', 0, 0, 0.50, 350.00),
(933, 'TSS866502408', 'S023', 0, 0, 0.95, 3415.00),
(934, 'TSS866502408', 'S024', 0, 0, 0.16, 2700.00),
(935, 'TSS866502408', 'S008', 0, 0, 0.18, 900.00),
(936, 'TSS866502408', 'S001', 0, 0, 1.85, 9158.00),
(937, 'TSS851501545', 'S020', 0, 0, 0.97, 1134.00),
(938, 'TSS851501545', 'S005', 0, 0, 1.25, 2475.00),
(939, 'TSS851501545', 'S001', 0, 0, 0.45, 2228.00),
(940, 'TSS851501545', 'S023', 0, 0, 0.50, 1782.00),
(941, 'TSS851501545', 'S015', 0, 0, 1.33, 3712.00),
(942, 'TSS350369374', 'S015', 0, 0, 8.83, 24637.00),
(943, 'TSS350369374', 'S023', 0, 0, 0.99, 3564.00),
(944, 'TSS350369374', 'S006', 0, 0, 0.50, 270.00),
(945, 'TSS350369374', 'S007', 0, 0, 1.40, 1890.00),
(946, 'TSS350369374', 'S020', 0, 0, 2.82, 3294.00),
(947, 'TSS350369374', 'S005', 0, 0, 5.05, 9999.00),
(948, 'TSS350369374', 'S001', 0, 0, 0.90, 4455.00),
(949, 'TSS350369374', 'S029', 0, 0, 2.85, 1026.00),
(950, 'TSS350369374', 'S002', 0, 0, 0.15, 324.00),
(951, 'TSS350369374', 'S031', 0, 0, 0.90, 630.00),
(952, 'TSS297715305', 'S001', 0, 0, 3.00, 14850.00),
(953, 'TSS297715305', 'S023', 0, 0, 0.50, 1782.00),
(954, 'TSS297715305', 'S005', 0, 0, 1.65, 3267.00),
(955, 'TSS297715305', 'S003', 0, 0, 0.19, 1350.00),
(956, 'TSS994081005', 'S015', 0, 0, 3.39, 9450.00),
(957, 'TSS994081005', 'S005', 0, 0, 13.95, 27621.00),
(958, 'TSS566166983', 'S023', 0, 0, 1.28, 4603.00),
(959, 'TSS566166983', 'S015', 0, 0, 3.91, 10912.00),
(960, 'TSS124427701', 'S005', 0, 0, 3.60, 7128.00),
(961, 'TSS124427701', 'S015', 0, 0, 4.88, 13612.00),
(962, 'TSS124427701', 'S020', 0, 0, 4.38, 5130.00),
(963, 'TSS124427701', 'S005', 0, 0, 1.20, 2376.00),
(964, 'TSS621066463', 'S005', 0, 0, 2.95, 5841.00),
(965, 'TSS404251656', 'S015', 0, 0, 2.90, 8100.00),
(966, 'TSS404251656', 'S002', 0, 0, 1.65, 3564.00),
(967, 'TSS404251656', 'S031', 0, 0, 0.20, 140.00),
(968, 'TSS067691900', 'S002', 0, 0, 2.45, 5292.00),
(969, 'TSS067691900', 'S015', 0, 0, 10.52, 29362.00),
(970, 'TSS067691900', 'S020', 0, 0, 15.92, 18630.00),
(971, 'TSS067691900', 'S005', 0, 0, 6.00, 11880.00),
(972, 'TSS067691900', 'S004', 0, 0, 1.08, 4860.00),
(973, 'TSS067691900', 'S029', 0, 0, 10.00, 3600.00),
(974, 'TSS067691900', 'S018', 0, 0, 65.95, 178065.00),
(980, 'TSS252906418', 'S020', 0, 0, 1.02, 1188.00),
(981, 'TSS252906418', 'S005', 0, 0, 1.80, 3564.00),
(982, 'TSS252906418', 'S002', 0, 0, 2.45, 5292.00),
(983, 'TSS252906418', 'S015', 0, 0, 2.38, 6637.00),
(984, 'TSS252906418', 'S017', 0, 0, 16.29, 35190.00),
(985, 'TSS259899700', 'S023', 0, 0, 1.57, 5645.00),
(986, 'TSS259899700', 'S005', 0, 0, 1.70, 3366.00),
(987, 'TSS476584045', 'S002', 0, 0, 2.95, 6372.00),
(988, 'TSS476584045', 'S015', 0, 0, 35.12, 97987.00),
(989, 'TSS011422971', 'S005', 0, 0, 5.75, 11385.00),
(990, 'TSS011422971', 'S015', 0, 0, 5.97, 16650.00),
(991, 'TSS011422971', 'S001', 0, 0, 1.15, 5690.00),
(992, 'TSS011422971', 'S023', 0, 0, 1.36, 4900.00),
(993, 'TSS011422971', 'S031', 0, 0, 1.60, 1120.00),
(994, 'TSS011422971', 'S020', 0, 0, 7.85, 9180.00),
(995, 'TSS011422971', 'S005', 0, 0, 3.85, 7623.00),
(996, 'TSS011422971', 'S029', 0, 0, 13.10, 4716.00),
(997, 'TSS052322581', 'S015', 0, 0, 12.06, 33637.00),
(998, 'TSS052322581', 'S020', 0, 0, 1.45, 1702.00),
(999, 'TSS052322581', 'S001', 0, 0, 3.90, 19305.00),
(1000, 'TSS052322581', 'S009', 0, 0, 0.60, 3240.00),
(1001, 'TSS052322581', 'S010', 0, 0, 1.00, 4050.00),
(1002, 'TSS052322581', 'S005', 0, 0, 2.35, 4653.00),
(1003, 'TSS052322581', 'S008', 0, 0, 0.23, 1125.00),
(1004, 'TSS052322581', 'S023', 0, 0, 1.28, 4603.00),
(1005, 'TSS857015723', 'S006', 0, 0, 5.50, 2970.00),
(1006, 'TSS857015723', 'S009', 0, 0, 0.65, 3510.00),
(1007, 'TSS857015723', 'S020', 0, 0, 0.92, 1080.00),
(1008, 'TSS857015723', 'S005', 0, 0, 0.85, 1683.00),
(1009, 'TSS286988194', 'S005', 0, 0, 3.15, 6237.00),
(1010, 'TSS286988194', 'S049', 0, 0, 1.50, 4500.00),
(1011, 'TSS286988194', 'S002', 0, 0, 0.80, 1728.00),
(1012, 'TSS286988194', 'S031', 0, 0, 0.15, 105.00),
(1013, 'TSS286988194', 'S029', 0, 0, 1.30, 468.00),
(1014, 'TSS286988194', 'S015', 0, 0, 1.53, 4275.00),
(1015, 'TSS097562798', 'S001', 0, 0, 1.80, 8910.00),
(1016, 'TSS097562798', 'S005', 0, 0, 11.65, 23067.00),
(1017, 'TSS097562798', 'S023', 0, 0, 0.37, 1336.00),
(1018, 'TSS097562798', 'S024', 0, 0, 1.93, 33075.00),
(1019, 'TSS097562798', 'S022', 0, 0, 0.52, 2106.00),
(1020, 'TSS097562798', 'S015', 0, 0, 14.96, 41737.00),
(1021, 'TSS097562798', 'S035', 0, 0, 1.90, 6840.00),
(1022, 'TSS097562798', 'S003', 0, 0, 0.26, 1890.00),
(1023, 'TSS097562798', 'S009', 0, 0, 0.60, 3240.00),
(1024, 'TSS097562798', 'S008', 0, 0, 0.50, 2475.00),
(1025, 'TSS097562798', 'S006', 0, 0, 1.45, 785.00),
(1026, 'TSS329364019', 'S031', 0, 0, 3.35, 2345.00),
(1027, 'TSS201250784', 'S015', 0, 0, 17.78, 49612.00),
(1028, 'TSS201250784', 'S017', 0, 0, 12.71, 27450.00),
(1029, 'TSS201250784', 'S005', 0, 0, 2.70, 5346.00),
(1030, 'TSS201250784', 'S017', 0, 0, 12.71, 27450.00),
(1031, 'TSS581883004', 'S004', 0, 0, 1.00, 3600.00),
(1032, 'TSS581883004', 'S001', 0, 0, 0.50, 2475.00),
(1033, 'TSS581883004', 'S024', 0, 0, 0.90, 12960.00),
(1034, 'TSS581883004', 'S005', 0, 0, 4.95, 10692.00),
(1035, 'TSS581883004', 'S031', 0, 0, 1.40, 980.00),
(1036, 'TSS581883004', 'S021', 0, 0, 4.15, 19422.00),
(1037, 'TSS246711104', 'S015', 0, 0, 10.45, 21632.00),
(1038, 'TSS246711104', 'S001', 0, 0, 8.65, 42818.00),
(1039, 'TSS246711104', 'S004', 0, 0, 0.90, 3240.00),
(1040, 'TSS246711104', 'S005', 0, 0, 3.10, 6696.00),
(1041, 'TSS246711104', 'S008', 0, 0, 0.75, 3038.00),
(1042, 'TSS246711104', 'S020', 0, 0, 12.40, 14508.00),
(1043, 'TSS246711104', 'S021', 0, 0, 9.00, 42120.00),
(1044, 'TSS631455729', 'S021', 0, 0, 5.80, 27144.00),
(1045, 'TSS831552106', 'S008', 0, 0, 0.55, 2228.00),
(1046, 'TSS831552106', 'S005', 0, 0, 0.35, 756.00),
(1047, 'TSS831552106', 'S032', 0, 0, 2.00, 6000.00),
(1048, 'TSS831552106', 'S005', 0, 0, 4.05, 8748.00),
(1049, 'TSS794963921', 'S015', 0, 0, 7.55, 15629.00),
(1050, 'TSS794963921', 'S005', 0, 0, 6.45, 13932.00),
(1051, 'TSS794963921', 'S021', 0, 0, 18.50, 86580.00),
(1052, 'TSS930149935', 'S001', 0, 0, 3.60, 17820.00),
(1053, 'TSS930149935', 'S015', 0, 0, 10.18, 21073.00),
(1054, 'TSS930149935', 'S020', 0, 0, 7.64, 8939.00),
(1055, 'TSS930149935', 'S005', 0, 0, 6.14, 13262.00),
(1056, 'TSS930149935', 'S021', 0, 0, 5.04, 23587.00),
(1057, 'TSS930149935', 'S024', 0, 0, 0.72, 10368.00),
(1058, 'TSS930149935', 'S008', 0, 0, 1.26, 5103.00),
(1059, 'TSS930149935', 'S023', 0, 0, 1.34, 4583.00),
(1060, 'TSS930149935', 'S029', 0, 0, 3.70, 1332.00),
(1061, 'TSS930149935', 'S031', 0, 0, 2.65, 1855.00),
(1062, 'TSS418131539', 'S017', 0, 0, 15.30, 20655.00),
(1063, 'TSS418131539', 'S015', 0, 0, 31.35, 64895.00),
(1064, 'TSS418131539', 'S029', 0, 0, 5.40, 1944.00),
(1065, 'TSS418131539', 'S020', 0, 0, 3.50, 4095.00),
(1066, 'TSS418131539', 'S023', 0, 0, 2.10, 7182.00),
(1067, 'TSS418131539', 'S007', 0, 0, 0.75, 1013.00),
(1068, 'TSS418131539', 'S005', 0, 0, 14.70, 31752.00),
(1069, 'TSS418131539', 'S001', 0, 0, 4.75, 23513.00),
(1070, 'TSS349946206', 'S007', 0, 0, 0.70, 945.00),
(1071, 'TSS349946206', 'S005', 0, 0, 2.35, 5076.00),
(1072, 'TSS349946206', 'S015', 0, 0, 3.00, 6210.00),
(1073, 'TSS349946206', 'S023', 0, 0, 0.70, 2394.00),
(1074, 'TSS349946206', 'S020', 0, 0, 0.35, 410.00),
(1075, 'TSS227219675', 'S001', 0, 0, 1.25, 6188.00),
(1076, 'TSS872938214', 'S009', 0, 0, 2.20, 11880.00),
(1077, 'TSS872938214', 'S020', 0, 0, 0.20, 234.00),
(1078, 'TSS872938214', 'S005', 0, 0, 0.36, 778.00),
(1079, 'TSS872938214', 'S012', 0, 0, 0.78, 2948.00),
(1080, 'TSS085495814', 'S015', 0, 0, 2.10, 4347.00),
(1081, 'TSS085495814', 'S033', 0, 0, 1.45, 5873.00),
(1082, 'TSS085495814', 'S006', 0, 0, 0.40, 216.00),
(1083, 'TSS085495814', 'S020', 0, 0, 0.80, 936.00),
(1084, 'TSS085495814', 'S005', 0, 0, 3.50, 7560.00),
(1085, 'TSS725166748', 'S001', 0, 0, 0.40, 1980.00),
(1086, 'TSS725166748', 'S017', 0, 0, 8.15, 11003.00),
(1087, 'TSS725166748', 'S029', 0, 0, 1.05, 378.00),
(1088, 'TSS889523498', 'S032', 0, 0, 2.00, 6000.00),
(1089, 'TSS570187418', 'S015', 0, 0, 30.02, 62141.00),
(1090, 'TSS884467107', 'S005', 0, 0, 0.85, 1836.00),
(1091, 'TSS884467107', 'S003', 0, 0, 0.65, 4095.00),
(1092, 'TSS884467107', 'S008', 0, 0, 0.30, 1215.00),
(1093, 'TSS884467107', 'S009', 0, 0, 0.60, 3240.00),
(1094, 'TSS337200858', 'S031', 0, 0, 0.75, 525.00),
(1095, 'TSS337200858', 'S001', 0, 0, 0.35, 1733.00),
(1096, 'TSS337200858', 'S005', 0, 0, 0.60, 1296.00),
(1097, 'TSS337200858', 'S015', 0, 0, 1.25, 2588.00),
(1098, 'TSS244435065', 'S001', 0, 0, 1.45, 7178.00),
(1099, 'TSS244435065', 'S005', 0, 0, 2.45, 5292.00),
(1100, 'TSS244435065', 'S011', 0, 0, 5.35, 11075.00),
(1101, 'TSS244435065', 'S003', 0, 0, 0.80, 5040.00),
(1102, 'TSS244435065', 'S015', 0, 0, 3.55, 7349.00),
(1103, 'TSS244435065', 'S024', 0, 0, 48.85, 703440.00),
(1104, 'TSS244435065', 'S021', 0, 0, 26.05, 121914.00),
(1105, 'TSS244435065', 'S005', 0, 0, 4.85, 10476.00),
(1106, 'TSS244435065', 'S023', 0, 0, 4.25, 14535.00),
(1107, 'TSS244435065', 'S020', 0, 0, 15.85, 18545.00),
(1108, 'TSS057522608', 'S023', 0, 0, 2.20, 7524.00),
(1109, 'TSS057522608', 'S015', 0, 0, 3.55, 7349.00),
(1110, 'TSS057522608', 'S005', 0, 0, 1.80, 3888.00),
(1111, 'TSS914389034', 'S033', 0, 0, 2.00, 8100.00),
(1112, 'TSS914389034', 'S015', 0, 0, 0.10, 207.00),
(1113, 'TSS188052871', 'S017', 0, 0, 3.75, 5063.00),
(1114, 'TSS188052871', 'S029', 0, 0, 4.75, 1710.00),
(1115, 'TSS188052871', 'S005', 0, 0, 4.45, 9612.00),
(1116, 'TSS188052871', 'S015', 0, 0, 9.65, 19976.00),
(1117, 'TSS990565671', 'S029', 0, 0, 4.10, 1476.00),
(1118, 'TSS990565671', 'S005', 0, 0, 0.95, 2052.00),
(1119, 'TSS990565671', 'S001', 0, 0, 0.55, 2723.00),
(1120, 'TSS443779364', 'S015', 0, 0, 1.30, 2691.00),
(1121, 'TSS443779364', 'S020', 0, 0, 1.00, 1170.00),
(1122, 'TSS443779364', 'S005', 0, 0, 1.25, 2700.00),
(1123, 'TSS443779364', 'S001', 0, 0, 1.45, 7178.00),
(1124, 'TSS493401753', 'S005', 0, 0, 5.45, 11772.00),
(1125, 'TSS493401753', 'S001', 0, 0, 2.05, 10148.00),
(1126, 'TSS493401753', 'S036', 0, 0, 3.20, 11520.00),
(1127, 'TSS493401753', 'S023', 0, 0, 4.80, 16416.00),
(1128, 'TSS493401753', 'S015', 0, 0, 11.80, 24426.00),
(1129, 'TSS664111869', 'S023', 0, 0, 1.15, 3933.00),
(1130, 'TSS664111869', 'S031', 0, 0, 0.30, 210.00),
(1131, 'TSS664111869', 'S005', 0, 0, 2.05, 4428.00),
(1132, 'TSS006112439', 'S015', 0, 0, 1.90, 3933.00),
(1133, 'TSS006112439', 'S023', 0, 0, 0.80, 2736.00),
(1134, 'TSS006112439', 'S001', 0, 0, 0.25, 1238.00),
(1135, 'TSS925554411', 'S020', 0, 0, 3.00, 3510.00),
(1136, 'TSS925554411', 'S006', 0, 0, 1.15, 621.00),
(1137, 'TSS925554411', 'S005', 0, 0, 4.75, 10260.00),
(1138, 'TSS914980037', 'S005', 0, 0, 6.60, 14256.00),
(1139, 'TSS914980037', 'S015', 0, 0, 3.95, 8177.00),
(1140, 'TSS914980037', 'S029', 0, 0, 2.65, 954.00),
(1141, 'TSS100866886', 'S001', 0, 0, 0.80, 3960.00),
(1142, 'TSS100866886', 'S023', 0, 0, 0.85, 2907.00),
(1143, 'TSS100866886', 'S037', 0, 0, 0.50, 2250.00),
(1144, 'TSS100866886', 'S015', 0, 0, 3.60, 7452.00),
(1145, 'TSS100866886', 'S029', 0, 0, 8.30, 2988.00),
(1146, 'TSS100866886', 'S024', 0, 0, 1.70, 24480.00),
(1147, 'TSS135344594', 'S015', 0, 0, 12.05, 24944.00),
(1148, 'TSS135344594', 'S005', 0, 0, 13.80, 29808.00),
(1149, 'TSS135344594', 'S031', 0, 0, 0.55, 385.00),
(1150, 'TSS135344594', 'S020', 0, 0, 3.05, 3569.00),
(1151, 'TSS135344594', 'S017', 0, 0, 3.50, 4725.00),
(1152, 'TSS135344594', 'S001', 0, 0, 0.65, 3218.00),
(1153, 'TSS135344594', 'S029', 0, 0, 2.45, 882.00),
(1154, 'TSS135344594', 'S013', 0, 0, 0.15, 473.00),
(1155, 'TSS135344594', 'S008', 0, 0, 0.30, 1215.00),
(1156, 'TSS135344594', 'S003', 0, 0, 0.90, 5670.00),
(1157, 'TSS135344594', 'S023', 0, 0, 0.95, 3249.00),
(1158, 'TSS135344594', 'S009', 0, 0, 0.35, 1890.00),
(1159, 'TSS135344594', 'S021', 0, 0, 2.35, 10998.00),
(1165, 'TSS682804756', 'S015', 0, 0, 26.00, 53820.00),
(1166, 'TSS682804756', 'S002', 0, 0, 2.25, 4860.00),
(1167, 'TSS283501504', 'S015', 0, 0, 9.05, 18734.00),
(1168, 'TSS283501504', 'S001', 0, 0, 1.85, 9158.00),
(1169, 'TSS820173138', 'S015', 0, 0, 7.05, 14594.00),
(1170, 'TSS543745740', 'S015', 0, 0, 20.65, 42746.00),
(1171, 'TSS543745740', 'S001', 0, 0, 7.50, 37125.00),
(1172, 'TSS707859283', 'S005', 0, 0, 0.50, 1080.00),
(1173, 'TSS024837788', 'S005', 0, 0, 3.30, 7128.00),
(1174, 'TSS024837788', 'S017', 0, 0, 10.65, 14378.00),
(1175, 'TSS891968088', 'S005', 0, 0, 6.20, 13392.00),
(1176, 'TSS891968088', 'S029', 0, 0, 1.60, 576.00),
(1177, 'TSS891968088', 'S031', 0, 0, 0.10, 70.00),
(1178, 'TSS891968088', 'S001', 0, 0, 0.75, 3713.00),
(1179, 'TSS891968088', 'S006', 0, 0, 0.20, 108.00),
(1180, 'TSS891968088', 'S011', 0, 0, 7.95, 16457.00),
(1181, 'TSS978571479', 'S015', 0, 0, 6.35, 13145.00),
(1182, 'TSS405498522', 'S032', 0, 0, 3.00, 9000.00),
(1184, 'TSS523258856', 'S005', 0, 0, 4.85, 10476.00),
(1185, 'TSS523258856', 'S031', 0, 0, 0.65, 455.00),
(1186, 'TSS523258856', 'S003', 0, 0, 0.50, 3150.00),
(1187, 'TSS523258856', 'S001', 0, 0, 0.75, 3713.00),
(1188, 'TSS523258856', 'S020', 0, 0, 0.80, 936.00),
(1189, 'TSS382357117', 'S021', 0, 0, 18.16, 85000.00),
(1190, 'TSS489686168', 'S008', 0, 0, 0.70, 1890.00),
(1191, 'TSS489686168', 'S002', 0, 0, 3.90, 8424.00),
(1192, 'TSS489686168', 'S005', 0, 0, 11.10, 21978.00),
(1193, 'TSS489686168', 'S001', 0, 0, 0.45, 2228.00),
(1194, 'TSS489686168', 'S023', 0, 0, 1.05, 3306.00),
(1195, 'TSS489686168', 'S015', 0, 0, 10.00, 27000.00),
(1196, 'TSS441684011', 'S015', 0, 0, 9.50, 21375.00),
(1197, 'TSS441684011', 'S005', 0, 0, 3.75, 7425.00),
(1198, 'TSS441684011', 'S017', 0, 0, 7.92, 17100.00),
(1199, 'TSS441684011', 'S005', 0, 0, 8.20, 16236.00),
(1200, 'TSS441684011', 'S029', 0, 0, 1.95, 702.00),
(1212, 'TSS031006285', 'S006', 0, 0, 1.60, 864.00),
(1213, 'TSS031006285', 'S031', 0, 0, 2.00, 1400.00),
(1214, 'TSS031006285', 'S001', 0, 0, 3.70, 18315.00),
(1215, 'TSS031006285', 'S005', 0, 0, 9.95, 21492.00),
(1216, 'TSS031006285', 'S020', 0, 0, 4.90, 5733.00);
INSERT INTO `setor_sampah` (`no`, `id_transaksi`, `id_sampah`, `harga_pusat`, `harga`, `jumlah_kg`, `jumlah_rp`) VALUES
(1217, 'TSS031006285', 'S015', 0, 0, 6.65, 13167.00),
(1218, 'TSS031006285', 'S008', 0, 0, 0.55, 2227.50),
(1219, 'TSS031006285', 'S023', 0, 0, 0.70, 2520.00),
(1220, 'TSS031006285', 'S009', 0, 0, 0.47, 2515.00),
(1221, 'TSS031006285', 'S024', 0, 0, 0.40, 5760.00),
(1222, 'TSS031006285', 'S013', 0, 0, 0.90, 2835.00),
(1223, 'TSS711737508', 'S001', 0, 0, 0.50, 2475.00),
(1224, 'TSS711737508', 'S006', 0, 0, 1.40, 756.00),
(1225, 'TSS711737508', 'S003', 0, 0, 0.75, 4725.00),
(1226, 'TSS711737508', 'S001', 0, 0, 1.00, 4950.00),
(1227, 'TSS711737508', 'S020', 0, 0, 2.55, 2983.50),
(1228, 'TSS711737508', 'S031', 0, 0, 0.84, 585.00),
(1229, 'TSS711737508', 'S029', 0, 0, 4.35, 1566.00),
(1230, 'TSS711737508', 'S023', 0, 0, 0.40, 1440.00),
(1231, 'TSS711737508', 'S005', 0, 0, 1.50, 3240.00),
(1232, 'TSS711737508', 'S008', 0, 0, 0.15, 607.50),
(1233, 'TSS711737508', 'S024', 0, 0, 0.20, 2880.00),
(1234, 'TSS711737508', 'S015', 0, 0, 5.80, 11484.00),
(1235, 'TSS240565583', 'S005', 0, 0, 15.70, 33912.00),
(1236, 'TSS240565583', 'S001', 0, 0, 5.35, 26482.50),
(1237, 'TSS240565583', 'S020', 0, 0, 3.05, 3568.50),
(1238, 'TSS240565583', 'S015', 0, 0, 36.50, 72270.00),
(1239, 'TSS240565583', 'S017', 0, 0, 39.60, 53460.00),
(1240, 'TSS240565583', 'S006', 0, 0, 2.85, 1539.00),
(1241, 'TSS240565583', 'S003', 0, 0, 1.45, 9135.00),
(1242, 'TSS240565583', 'S031', 0, 0, 1.09, 765.00),
(1243, 'TSS240565583', 'S023', 0, 0, 2.05, 7380.00),
(1244, 'TSS240565583', 'S029', 0, 0, 3.50, 1260.00),
(1245, 'TSS838749339', 'S021', 0, 0, 7.58, 35478.00),
(1246, 'TSS838749339', 'S012', 0, 0, 3.90, 14742.00),
(1247, 'TSS838749339', 'S023', 0, 0, 0.90, 3240.00),
(1248, 'TSS838749339', 'S005', 0, 0, 1.50, 3240.00),
(1249, 'TSS395676021', 'S021', 0, 0, 1.30, 6075.00),
(1250, 'TSS395676021', 'S015', 0, 0, 7.45, 14751.00),
(1251, 'TSS395676021', 'S001', 0, 0, 0.55, 2722.50),
(1252, 'TSS395676021', 'S005', 0, 0, 2.90, 6264.00),
(1253, 'TSS395676021', 'S008', 0, 0, 0.15, 607.50),
(1254, 'TSS395676021', 'S006', 0, 0, 0.90, 486.00),
(1255, 'TSS395676021', 'S020', 0, 0, 0.90, 1053.00),
(1256, 'TSS895882525', 'S052', 0, 0, 18.05, 64980.00),
(1257, 'TSS564621284', 'S005', 0, 0, 5.85, 12636.00),
(1258, 'TSS564621284', 'S006', 0, 0, 6.35, 3429.00),
(1259, 'TSS564621284', 'S001', 0, 0, 3.05, 15097.50),
(1260, 'TSS564621284', 'S015', 0, 0, 17.50, 34650.00),
(1261, 'TSS258257400', 'S005', 0, 0, 5.65, 12204.00),
(1262, 'TSS258257400', 'S029', 0, 0, 2.45, 882.00),
(1263, 'TSS258257400', 'S021', 0, 0, 0.65, 3159.00),
(1264, 'TSS258257400', 'S015', 0, 0, 1.45, 2871.00),
(1265, 'TSS258257400', 'S043', 0, 0, 1.00, 54000.00),
(1266, 'TSS644168180', 'S015', 0, 0, 11.15, 22077.00),
(1267, 'TSS644168180', 'S005', 0, 0, 3.45, 7452.00),
(1268, 'TSS644168180', 'S050', 0, 0, 4.10, 5535.00),
(1269, 'TSS837077950', 'S001', 0, 0, 0.85, 4207.50),
(1270, 'TSS837077950', 'S003', 0, 0, 0.20, 1260.00),
(1271, 'TSS837077950', 'S031', 0, 0, 0.65, 585.00),
(1272, 'TSS837077950', 'S009', 0, 0, 0.25, 1350.00),
(1273, 'TSS837077950', 'S008', 0, 0, 0.50, 2025.00),
(1274, 'TSS837077950', 'S006', 0, 0, 0.55, 297.00),
(1275, 'TSS837077950', 'S023', 0, 0, 0.75, 2700.00),
(1276, 'TSS837077950', 'S029', 0, 0, 5.10, 1836.00),
(1277, 'TSS837077950', 'S020', 0, 0, 2.80, 3276.00),
(1278, 'TSS837077950', 'S005', 0, 0, 6.95, 15012.00),
(1279, 'TSS837077950', 'S015', 0, 0, 16.90, 33462.00),
(1280, 'TSS837077950', 'S032', 0, 0, 8.00, 25200.00),
(1281, 'TSS837077950', 'S044', 0, 0, 2.00, 21600.00),
(1282, 'TSS900184495', 'S020', 0, 0, 1.75, 2047.50),
(1283, 'TSS900184495', 'S005', 0, 0, 0.60, 1296.00),
(1284, 'TSS900184495', 'S001', 0, 0, 2.05, 10147.50),
(1285, 'TSS900184495', 'S032', 0, 0, 4.00, 12600.00),
(1286, 'TSS502427883', 'S001', 0, 0, 2.00, 9900.00),
(1287, 'TSS502427883', 'S006', 0, 0, 0.70, 378.00),
(1288, 'TSS502427883', 'S003', 0, 0, 0.25, 1575.00),
(1289, 'TSS502427883', 'S024', 0, 0, 4.45, 64080.00),
(1290, 'TSS502427883', 'S015', 0, 0, 5.55, 10989.00),
(1291, 'TSS502427883', 'S017', 0, 0, 2.40, 3240.00),
(1292, 'TSS502427883', 'S018', 0, 0, 1.15, 4140.00),
(1293, 'TSS502427883', 'S029', 0, 0, 1.30, 468.00),
(1294, 'TSS502427883', 'S028', 0, 0, 1.00, 270.00),
(1295, 'TSS502427883', 'S022', 0, 0, 3.00, 11340.00),
(1296, 'TSS502427883', 'S005', 0, 0, 5.15, 11124.00),
(1297, 'TSS823932302', 'S015', 0, 0, 3.10, 6138.00),
(1298, 'TSS823932302', 'S013', 0, 0, 0.65, 2047.50),
(1299, 'TSS823932302', 'S005', 0, 0, 5.10, 11016.00),
(1300, 'TSS823932302', 'S005', 0, 0, 5.25, 11340.00),
(1301, 'TSS823932302', 'S001', 0, 0, 2.05, 10147.50),
(1302, 'TSS823932302', 'S021', 0, 0, 10.60, 51516.00),
(1312, 'TSS185635421', 'S033', 0, 0, 4.00, 16200.00),
(1313, 'TSS185635421', 'S001', 0, 0, 2.95, 14602.50),
(1314, 'TSS185635421', 'S050', 0, 0, 1.60, 2160.00),
(1315, 'TSS185635421', 'S023', 0, 0, 1.45, 5220.00),
(1316, 'TSS185635421', 'S037', 0, 0, 1.50, 6750.00),
(1317, 'TSS185635421', 'S005', 0, 0, 2.75, 5940.00),
(1318, 'TSS185635421', 'S020', 0, 0, 0.20, 234.00),
(1319, 'TSS185635421', 'S038', 0, 0, 6.46, 23247.00),
(1320, 'TSS185635421', 'S015', 0, 0, 9.45, 18711.00),
(1321, 'TSS976313499', 'S022', 0, 0, 1.55, 5859.00),
(1322, 'TSS976313499', 'S033', 0, 0, 1.20, 4860.00),
(1323, 'TSS976313499', 'S016', 0, 0, 3.20, 5760.00),
(1324, 'TSS976313499', 'S005', 0, 0, 1.80, 3888.00),
(1325, 'TSS976313499', 'S015', 0, 0, 7.35, 14553.00),
(1326, 'TSS976313499', 'S010', 0, 0, 1.00, 4050.00),
(1327, 'TSS976313499', 'S018', 0, 0, 35.40, 127440.00),
(1328, 'TSS976313499', 'S020', 0, 0, 1.70, 1989.00),
(1329, 'TSS349667178', 'S031', 0, 0, 0.20, 180.00),
(1330, 'TSS349667178', 'S035', 0, 0, 1.70, 6120.00),
(1331, 'TSS349667178', 'S005', 0, 0, 3.50, 7560.00),
(1332, 'TSS349667178', 'S001', 0, 0, 0.85, 4207.50),
(1333, 'TSS349667178', 'S032', 0, 0, 1.00, 3150.00),
(1334, 'TSS349667178', 'S050', 0, 0, 6.05, 8167.50),
(1335, 'TSS799805721', 'S005', 0, 0, 15.20, 32832.00),
(1336, 'TSS799805721', 'S015', 0, 0, 20.15, 39897.00),
(1337, 'TSS799805721', 'S021', 0, 0, 15.85, 77031.00),
(1338, 'TSS799805721', 'S005', 0, 0, 14.60, 31536.00),
(1339, 'TSS799805721', 'S007', 0, 0, 2.70, 9720.00),
(1340, 'TSS799805721', 'S050', 0, 0, 1.10, 1485.00),
(1341, 'TSS799805721', 'S019', 0, 0, 1.05, 2835.00),
(1342, 'TSS799805721', 'S017', 0, 0, 16.95, 22882.50),
(1343, 'TSS799805721', 'S018', 0, 0, 4.70, 16920.00),
(1344, 'TSS799805721', 'S031', 0, 0, 0.45, 405.00),
(1345, 'TSS799805721', 'S020', 0, 0, 8.85, 10354.50),
(1346, 'TSS799805721', 'S023', 0, 0, 0.75, 2700.00),
(1347, 'TSS799805721', 'S001', 0, 0, 0.60, 2970.00),
(1348, 'TSS799805721', 'S015', 0, 0, 1.60, 3168.00),
(1349, 'TSS412914954', 'S005', 0, 0, 1.65, 3564.00),
(1350, 'TSS412914954', 'S001', 0, 0, 2.20, 10890.00),
(1351, 'TSS937903022', 'S052', 0, 0, 0.35, 1260.00),
(1352, 'TSS937903022', 'S020', 0, 0, 1.35, 1579.50),
(1353, 'TSS937903022', 'S005', 0, 0, 7.65, 16524.00),
(1354, 'TSS937903022', 'S031', 0, 0, 0.10, 90.00),
(1355, 'TSS937903022', 'S006', 0, 0, 0.40, 216.00),
(1356, 'TSS937903022', 'S017', 0, 0, 13.31, 17968.50),
(1357, 'TSS672940514', 'S016', 0, 0, 1.75, 3150.00),
(1358, 'TSS672940514', 'S015', 0, 0, 1.85, 3663.00),
(1359, 'TSS672940514', 'S001', 0, 0, 1.55, 7672.50),
(1360, 'TSS672940514', 'S037', 0, 0, 1.45, 6525.00),
(1361, 'TSS672940514', 'S006', 0, 0, 1.65, 891.00),
(1362, 'TSS672940514', 'S020', 0, 0, 2.10, 2457.00),
(1363, 'TSS672940514', 'S038', 0, 0, 5.15, 19467.00),
(1364, 'TSS672940514', 'S009', 0, 0, 1.05, 5670.00),
(1365, 'TSS672940514', 'S008', 0, 0, 0.25, 1012.50),
(1366, 'TSS672940514', 'S005', 0, 0, 8.50, 18360.00),
(1367, 'TSS672940514', 'S023', 0, 0, 1.75, 6300.00),
(1368, 'TSS345384648', 'S031', 0, 0, 0.55, 495.00),
(1369, 'TSS345384648', 'S020', 0, 0, 1.50, 1755.00),
(1370, 'TSS046176231', 'S020', 0, 0, 5.45, 6376.50),
(1371, 'TSS046176231', 'S001', 0, 0, 1.10, 5445.00),
(1372, 'TSS046176231', 'S015', 0, 0, 4.55, 9009.00),
(1373, 'TSS046176231', 'S023', 0, 0, 0.95, 3420.00),
(1374, 'TSS046176231', 'S008', 0, 0, 0.50, 2025.00),
(1375, 'TSS046176231', 'S005', 0, 0, 1.15, 2484.00),
(1376, 'TSS046176231', 'S029', 0, 0, 5.35, 1926.00),
(1377, 'TSS775836537', 'S023', 0, 0, 0.70, 2520.00),
(1378, 'TSS775836537', 'S008', 0, 0, 0.10, 405.00),
(1379, 'TSS775836537', 'S001', 0, 0, 1.15, 5692.50),
(1380, 'TSS775836537', 'S005', 0, 0, 1.15, 2484.00),
(1381, 'TSS775836537', 'S021', 0, 0, 13.75, 66825.00),
(1382, 'TSS011758729', 'S015', 0, 0, 6.05, 11979.00),
(1383, 'TSS011758729', 'S031', 0, 0, 2.40, 2160.00),
(1384, 'TSS011758729', 'S001', 0, 0, 0.80, 3960.00),
(1385, 'TSS011758729', 'S020', 0, 0, 3.10, 3627.00),
(1386, 'TSS011758729', 'S008', 0, 0, 0.25, 1012.50),
(1387, 'TSS011758729', 'S009', 0, 0, 2.02, 10908.00),
(1388, 'TSS497957746', 'S015', 0, 0, 56.45, 111771.00),
(1389, 'TSS497957746', 'S005', 0, 0, 5.05, 10908.00),
(1390, 'TSS497957746', 'S002', 0, 0, 2.85, 6156.00),
(1391, 'TSS497957746', 'S009', 0, 0, 4.45, 24030.00),
(1392, 'TSS324180352', 'S001', 0, 0, 0.45, 2227.50),
(1393, 'TSS324180352', 'S050', 0, 0, 2.95, 3982.50),
(1394, 'TSS324180352', 'S005', 0, 0, 0.90, 1944.00),
(1395, 'TSS324180352', 'S015', 0, 0, 2.50, 4950.00),
(1396, 'TSS324180352', 'S010', 0, 0, 1.00, 4050.00),
(1397, 'TSS907170805', 'S023', 0, 0, 4.80, 17280.00),
(1398, 'TSS907170805', 'S002', 0, 0, 7.80, 16848.00),
(1399, 'TSS907170805', 'S015', 0, 0, 10.20, 20196.00),
(1400, 'TSS907170805', 'S005', 0, 0, 1.05, 2268.00),
(1401, 'TSS070151196', 'S007', 0, 0, 1.90, 6840.00),
(1402, 'TSS070151196', 'S033', 0, 0, 17.20, 69660.00),
(1403, 'TSS070151196', 'S001', 0, 0, 5.45, 26977.50),
(1404, 'TSS070151196', 'S022', 0, 0, 1.10, 4158.00),
(1405, 'TSS070151196', 'S015', 0, 0, 12.15, 24057.00),
(1406, 'TSS070151196', 'S008', 0, 0, 4.05, 16402.50),
(1407, 'TSS070151196', 'S005', 0, 0, 0.95, 2052.00),
(1408, 'TSS070151196', 'S051', 0, 0, 1.00, 1800.00),
(1409, 'TSS073554379', 'S031', 0, 0, 0.25, 225.00),
(1410, 'TSS073554379', 'S021', 0, 0, 16.70, 81162.00),
(1411, 'TSS073554379', 'S024', 0, 0, 0.95, 13680.00),
(1412, 'TSS073554379', 'S020', 0, 0, 1.90, 2223.00),
(1413, 'TSS073554379', 'S015', 0, 0, 5.95, 11781.00),
(1414, 'TSS073554379', 'S005', 0, 0, 9.00, 19440.00),
(1415, 'TSS073554379', 'S001', 0, 0, 1.15, 5692.50),
(1416, 'TSS073554379', 'S050', 0, 0, 0.40, 540.00),
(1417, 'TSS073554379', 'S023', 0, 0, 1.10, 3960.00),
(1418, 'TSS073554379', 'S022', 0, 0, 1.30, 4914.00),
(1419, 'TSS597184791', 'S049', 0, 0, 6.30, 18900.00),
(1420, 'TSS683562244', 'S001', 0, 0, 0.60, 2970.00),
(1421, 'TSS683562244', 'S005', 0, 0, 6.70, 14472.00),
(1422, 'TSS683562244', 'S021', 0, 0, 1.35, 6561.00),
(1423, 'TSS683562244', 'S020', 0, 0, 0.95, 1111.50),
(1424, 'TSS683562244', 'S015', 0, 0, 3.00, 5940.00),
(1425, 'TSS683562244', 'S029', 0, 0, 2.25, 810.00),
(1426, 'TSS683562244', 'S023', 0, 0, 0.30, 1080.00),
(1427, 'TSS683562244', 'S031', 0, 0, 1.91, 1719.00),
(1428, 'TSS683562244', 'S032', 0, 0, 2.00, 6300.00),
(1429, 'TSS351418262', 'S001', 0, 0, 6.95, 34402.50),
(1430, 'TSS351418262', 'S029', 0, 0, 5.20, 1872.00),
(1431, 'TSS405966688', 'S015', 0, 0, 9.20, 18216.00),
(1432, 'TSS405966688', 'S050', 0, 0, 0.50, 675.00),
(1433, 'TSS405966688', 'S003', 0, 0, 0.50, 3150.00),
(1434, 'TSS405966688', 'S001', 0, 0, 0.30, 1485.00),
(1435, 'TSS405966688', 'S020', 0, 0, 2.25, 2632.50),
(1436, 'TSS405966688', 'S033', 0, 0, 1.20, 4860.00),
(1437, 'TSS405966688', 'S023', 0, 0, 0.90, 3240.00),
(1438, 'TSS405966688', 'S029', 0, 0, 1.95, 702.00),
(1439, 'TSS405966688', 'S005', 0, 0, 2.90, 6264.00),
(1440, 'TSS194415838', 'S024', 0, 0, 0.20, 2880.00),
(1441, 'TSS194415838', 'S015', 0, 0, 2.50, 4950.00),
(1442, 'TSS194415838', 'S001', 0, 0, 0.20, 990.00),
(1443, 'TSS194415838', 'S020', 0, 0, 2.55, 2983.50),
(1444, 'TSS194415838', 'S005', 0, 0, 0.80, 1728.00),
(1445, 'TSS194415838', 'S003', 0, 0, 0.75, 4725.00),
(1446, 'TSS194415838', 'S029', 0, 0, 0.85, 306.00),
(1447, 'TSS559184730', 'S005', 0, 0, 4.30, 9288.00),
(1448, 'TSS559184730', 'S020', 0, 0, 1.70, 1989.00),
(1449, 'TSS559184730', 'S015', 0, 0, 9.15, 18117.00),
(1450, 'TSS682064146', 'S015', 0, 0, 19.75, 39105.00),
(1451, 'TSS682064146', 'S031', 0, 0, 1.50, 1350.00),
(1452, 'TSS682064146', 'S005', 0, 0, 2.65, 5724.00),
(1453, 'TSS682064146', 'S020', 0, 0, 4.20, 4914.00),
(1454, 'TSS682064146', 'S002', 0, 0, 0.80, 1728.00),
(1455, 'TSS536718808', 'S015', 0, 0, 7.40, 14652.00),
(1456, 'TSS536718808', 'S005', 0, 0, 0.65, 1404.00),
(1457, 'TSS536718808', 'S005', 0, 0, 2.15, 4644.00),
(1458, 'TSS536718808', 'S002', 0, 0, 3.45, 7452.00),
(1459, 'TSS431964818', 'S015', 0, 0, 5.60, 11088.00),
(1460, 'TSS431964818', 'S029', 0, 0, 4.20, 1512.00),
(1461, 'TSS431964818', 'S006', 0, 0, 1.75, 945.00),
(1462, 'TSS575516956', 'S006', 0, 0, 0.75, 405.00),
(1463, 'TSS575516956', 'S001', 0, 0, 0.80, 3960.00),
(1464, 'TSS575516956', 'S005', 0, 0, 3.40, 7344.00),
(1465, 'TSS575516956', 'S023', 0, 0, 0.60, 2160.00),
(1466, 'TSS575516956', 'S031', 0, 0, 1.20, 1080.00),
(1467, 'TSS575516956', 'S015', 0, 0, 7.50, 14850.00),
(1468, 'TSS439563204', 'S015', 0, 0, 20.65, 40887.00),
(1469, 'TSS439563204', 'S023', 0, 0, 3.15, 11340.00),
(1470, 'TSS439563204', 'S001', 0, 0, 2.40, 11880.00),
(1471, 'TSS439563204', 'S020', 0, 0, 1.35, 1579.50),
(1472, 'TSS439563204', 'S005', 0, 0, 7.50, 16200.00),
(1473, 'TSS439563204', 'S024', 0, 0, 6.20, 89280.00),
(1474, 'TSS439563204', 'S021', 0, 0, 9.75, 47385.00),
(1475, 'TSS268357127', 'S020', 0, 0, 2.60, 3042.00),
(1476, 'TSS268357127', 'S005', 0, 0, 0.50, 1080.00),
(1477, 'TSS268357127', 'S031', 0, 0, 0.30, 270.00),
(1478, 'TSS268357127', 'S015', 0, 0, 2.70, 5346.00),
(1479, 'TSS529779651', 'S015', 0, 0, 17.25, 34155.00),
(1480, 'TSS529779651', 'S029', 0, 0, 3.50, 1260.00),
(1481, 'TSS529779651', 'S001', 0, 0, 1.00, 4950.00),
(1482, 'TSS782915034', 'S002', 0, 0, 2.55, 5508.00),
(1484, 'TSS845947583', 'S021', 0, 0, 3.34, 16213.50),
(1485, 'TSS267586197', 'S015', 0, 0, 192.50, 381150.00),
(1522, 'TSS530233254', 'S005', 2500, 2250, 5.50, 12375.00),
(1523, 'TSS530233254', 'S021', 5500, 4950, 2.25, 11137.50),
(1524, 'TSS530233254', 'S029', 400, 360, 5.05, 1818.00),
(1525, 'TSS594417079', 'S001', 5800, 5220, 1.70, 8874.00),
(1526, 'TSS594417079', 'S005', 2500, 2250, 0.90, 2025.00),
(1527, 'TSS594417079', 'S007', 4000, 3600, 2.20, 7920.00),
(1528, 'TSS594417079', 'S015', 1700, 1530, 4.65, 7114.50),
(1538, 'TSS050703496', 'S001', 5800, 5220, 4.05, 21141.00),
(1539, 'TSS050703496', 'S007', 4000, 3600, 4.35, 15660.00),
(1540, 'TSS050703496', 'S006', 600, 540, 1.50, 810.00),
(1541, 'TSS050703496', 'S020', 1300, 1170, 2.70, 3159.00),
(1542, 'TSS050703496', 'S015', 1700, 1530, 10.30, 15759.00),
(1543, 'TSS050703496', 'S005', 2500, 2250, 1.00, 2250.00),
(1544, 'TSS050703496', 'S008', 4500, 4050, 0.85, 3442.50),
(1545, 'TSS679704038', 'S001', 5800, 5220, 0.50, 2610.00),
(1546, 'TSS679704038', 'S032', 3500, 3150, 5.00, 15750.00),
(1547, 'TSS796811143', 'S003', 6500, 5850, 0.60, 3510.00),
(1548, 'TSS117137711', 'S001', 5800, 5220, 2.20, 11484.00),
(1549, 'TSS117137711', 'S005', 2500, 2250, 3.00, 6750.00),
(1550, 'TSS117137711', 'S023', 4000, 3600, 2.45, 8820.00),
(1551, 'TSS117137711', 'S008', 4500, 4050, 0.45, 1822.50),
(1552, 'TSS117137711', 'S024', 18000, 16200, 0.20, 3240.00),
(1553, 'TSS117137711', 'S021', 5500, 4950, 7.60, 37620.00),
(1554, 'TSS117137711', 'S029', 400, 360, 1.25, 450.00),
(1555, 'TSS117137711', 'S006', 600, 540, 0.45, 243.00),
(1556, 'TSS117137711', 'S032', 3500, 3150, 1.00, 3150.00),
(1557, 'TSS117137711', 'S031', 1000, 900, 0.20, 180.00),
(1558, 'TSS117137711', 'S015', 1700, 1530, 11.50, 17595.00),
(1559, 'TSS117137711', 'S007', 4000, 3600, 0.55, 1980.00),
(1560, 'TSS648080953', 'S021', 5500, 4950, 6.45, 31927.50),
(1561, 'TSS648080953', 'S005', 2500, 2250, 0.85, 1912.50),
(1562, 'TSS648080953', 'S005', 2500, 2250, 3.15, 7087.50),
(1563, 'TSS648080953', 'S023', 4000, 3600, 0.25, 900.00),
(1564, 'TSS648080953', 'S015', 1700, 1530, 18.80, 28764.00),
(1565, 'TSS648080953', 'S007', 4000, 3600, 0.40, 1440.00),
(1566, 'TSS247275891', 'S001', 5800, 5220, 1.55, 8091.00),
(1567, 'TSS716577490', 'S005', 2500, 2250, 1.15, 2587.50),
(1568, 'TSS716577490', 'S015', 1700, 1530, 2.70, 4131.00),
(1569, 'TSS278150672', 'S032', 3500, 3150, 3.00, 9450.00),
(1570, 'TSS670191959', 'S005', 2500, 2250, 3.80, 8550.00),
(1571, 'TSS670191959', 'S023', 4000, 3600, 3.20, 11520.00),
(1572, 'TSS670191959', 'S021', 5500, 4950, 0.95, 4702.50),
(1573, 'TSS805752348', 'S015', 1700, 1530, 23.60, 36108.00),
(1574, 'TSS805752348', 'S005', 2500, 2250, 1.90, 4275.00),
(1575, 'TSS805752348', 'S003', 6500, 5850, 0.45, 2632.50),
(1576, 'TSS805752348', 'S024', 18000, 16200, 0.20, 3240.00),
(1577, 'TSS805752348', 'S008', 4500, 4050, 0.15, 607.50),
(1578, 'TSS805752348', 'S031', 1000, 900, 0.25, 225.00),
(1579, 'TSS805752348', 'S009', 6000, 5400, 0.10, 540.00),
(1580, 'TSS805752348', 'S013', 4000, 3600, 0.40, 1440.00),
(1581, 'TSS576104853', 'S015', 1700, 1530, 0.60, 918.00),
(1582, 'TSS576104853', 'S005', 2500, 2250, 1.30, 2925.00),
(1583, 'TSS674585178', 'S020', 1300, 1170, 1.75, 2047.50),
(1584, 'TSS674585178', 'S015', 1700, 1530, 3.75, 5737.50),
(1585, 'TSS674585178', 'S005', 2500, 2250, 0.90, 2025.00),
(1586, 'TSS674585178', 'S001', 5800, 5220, 0.30, 1566.00),
(1587, 'TSS674585178', 'S008', 4500, 4050, 0.10, 405.00),
(1588, 'TSS674585178', 'S021', 5500, 4950, 1.30, 6435.00),
(1589, 'TSS081600282', 'S001', 5800, 5220, 1.65, 8613.00),
(1590, 'TSS081600282', 'S005', 2500, 2250, 2.15, 4837.50),
(1591, 'TSS081600282', 'S023', 4000, 3600, 0.95, 3420.00),
(1604, 'TSS458963951', 'S001', 5800, 5220, 6.65, 34713.00),
(1605, 'TSS458963951', 'S023', 4000, 3600, 3.70, 13320.00),
(1606, 'TSS458963951', 'S020', 1300, 1170, 3.80, 4446.00),
(1607, 'TSS458963951', 'S007', 4000, 3600, 0.75, 2700.00),
(1608, 'TSS458963951', 'S005', 2500, 2250, 11.25, 25312.50),
(1609, 'TSS458963951', 'S015', 1700, 1530, 50.25, 76882.50),
(1610, 'TSS458963951', 'S029', 400, 360, 4.20, 1512.00),
(1611, 'TSS458963951', 'S024', 18000, 16200, 1.00, 16200.00),
(1612, 'TSS458963951', 'S031', 1000, 900, 0.55, 495.00),
(1613, 'TSS458963951', 'S008', 4500, 4050, 3.00, 12150.00),
(1614, 'TSS322289854', 'S007', 4000, 3600, 1.55, 5580.00),
(1615, 'TSS322289854', 'S005', 2500, 2250, 3.50, 7875.00),
(1616, 'TSS322289854', 'S015', 1700, 1530, 6.00, 9180.00),
(1617, 'TSS322289854', 'S001', 5800, 5220, 0.70, 3654.00),
(1618, 'TSS322289854', 'S020', 1300, 1170, 2.00, 2340.00),
(1619, 'TSS391100116', 'S001', 5800, 5220, 2.30, 12006.00),
(1620, 'TSS391100116', 'S020', 1300, 1170, 1.85, 2164.50),
(1621, 'TSS391100116', 'S009', 6000, 5400, 0.90, 4860.00),
(1622, 'TSS391100116', 'S023', 4000, 3600, 0.70, 2520.00),
(1623, 'TSS391100116', 'S029', 400, 360, 1.85, 666.00),
(1624, 'TSS391100116', 'S015', 1700, 1530, 3.90, 5967.00),
(1661, 'TSS638212889', 'S057', 1800, 1620, 0.55, 891.00),
(1686, 'TSS468960829', 'S005', 2500, 2250, 4.60, 10350.00),
(1687, 'TSS468960829', 'S009', 6000, 5400, 0.55, 2970.00),
(1688, 'TSS468960829', 'S006', 600, 540, 4.10, 2214.00),
(1689, 'TSS043156950', 'S001', 5800, 5220, 2.10, 10962.00),
(1690, 'TSS043156950', 'S015', 1700, 1530, 10.70, 16371.00),
(1691, 'TSS043156950', 'S005', 2500, 2250, 3.65, 8212.50),
(1692, 'TSS043156950', 'S029', 400, 360, 1.95, 702.00),
(1693, 'TSS043156950', 'S020', 1300, 1170, 0.55, 643.50),
(1694, 'TSS043156950', 'S006', 600, 540, 0.20, 108.00),
(1695, 'TSS624984943', 'S023', 4000, 3600, 0.65, 2340.00),
(1696, 'TSS624984943', 'S002', 2400, 2160, 7.20, 15552.00),
(1697, 'TSS624984943', 'S005', 2500, 2250, 3.70, 8325.00),
(1698, 'TSS624984943', 'S055', 80000, 72000, 1.00, 72000.00),
(1699, 'TSS694933534', 'S015', 1700, 1530, 4.80, 7344.00),
(1700, 'TSS311197728', 'S023', 4000, 3600, 2.45, 8820.00),
(1701, 'TSS311197728', 'S020', 1300, 1170, 0.65, 760.50),
(1702, 'TSS311197728', 'S015', 1700, 1530, 6.00, 9180.00),
(1726, 'TSS804415254', 'S015', 1700, 1530, 7.10, 10863.00),
(1727, 'TSS804415254', 'S020', 1300, 1170, 8.45, 9886.50),
(1728, 'TSS804415254', 'S005', 2500, 2250, 2.75, 6187.50),
(1729, 'TSS804415254', 'S001', 5800, 5220, 1.75, 9135.00),
(1730, 'TSS804415254', 'S005', 2500, 2250, 2.00, 4500.00),
(1731, 'TSS804415254', 'S023', 4000, 3600, 2.85, 10260.00),
(1736, 'TSS276593384', 'S005', 2500, 2250, 1.40, 3150.00),
(1737, 'TSS276593384', 'S031', 1000, 900, 1.50, 1350.00),
(1738, 'TSS276593384', 'S002', 2400, 2160, 0.75, 1620.00),
(1739, 'TSS276593384', 'S020', 1300, 1170, 1.70, 1989.00),
(1740, 'TSS467215218', 'S006', 600, 540, 0.45, 243.00),
(1741, 'TSS467215218', 'S023', 4000, 3600, 0.35, 1260.00),
(1742, 'TSS467215218', 'S005', 2500, 2250, 1.20, 2700.00),
(1743, 'TSS467215218', 'S020', 1300, 1170, 2.75, 3217.50),
(1744, 'TSS467215218', 'S015', 1700, 1530, 0.65, 994.50),
(1745, 'TSS775972721', 'S001', 5800, 5220, 2.20, 11484.00),
(1746, 'TSS775972721', 'S023', 4000, 3600, 0.60, 2160.00),
(1747, 'TSS775972721', 'S029', 400, 360, 2.90, 1044.00),
(1748, 'TSS775972721', 'S015', 1700, 1530, 4.55, 6961.50),
(1749, 'TSS451313319', 'S015', 1700, 1530, 111.80, 171054.00),
(1750, 'TSS451313319', 'S020', 1300, 1170, 8.55, 10003.50),
(1751, 'TSS451313319', 'S005', 2500, 2250, 4.65, 10462.50),
(1752, 'TSS392520246', 'S005', 2500, 2250, 9.90, 22275.00),
(1753, 'TSS392520246', 'S021', 5500, 4950, 8.50, 42075.00),
(1756, 'TSS990080686', 'S005', 2500, 2250, 8.85, 19912.50),
(1757, 'TSS990080686', 'S021', 5500, 4950, 13.45, 66577.50),
(1761, 'TSS251010820', 'S015', 1700, 1530, 3.55, 5431.50),
(1762, 'TSS251010820', 'S005', 2500, 2250, 2.45, 5512.50),
(1763, 'TSS251010820', 'S023', 4000, 3600, 1.30, 4680.00),
(1764, 'TSS251010820', 'S020', 1300, 1170, 1.65, 1930.50),
(1765, 'TSS251010820', 'S001', 5800, 5220, 1.05, 5481.00),
(1766, 'TSS251010820', 'S009', 6000, 5400, 0.60, 3240.00),
(1767, 'TSS251010820', 'S006', 600, 540, 0.85, 459.00),
(1768, 'TSS133469094', 'S005', 2500, 2250, 3.20, 7200.00),
(1769, 'TSS133469094', 'S002', 2400, 2160, 0.60, 1296.00),
(1770, 'TSS133469094', 'S020', 1300, 1170, 2.10, 2457.00),
(1771, 'TSS286633061', 'S005', 2500, 2250, 4.45, 10012.50),
(1772, 'TSS286633061', 'S023', 4000, 3600, 0.90, 3240.00),
(1773, 'TSS286633061', 'S002', 2400, 2160, 1.15, 2484.00),
(1774, 'TSS286633061', 'S020', 1300, 1170, 1.35, 1579.50),
(1775, 'TSS286633061', 'S015', 1700, 1530, 0.55, 841.50),
(1807, 'TSS017398181', 'S033', 4000, 3600, 0.85, 3060.00),
(1808, 'TSS017398181', 'S005', 2500, 2250, 9.90, 22275.00),
(1809, 'TSS017398181', 'S020', 1300, 1170, 7.30, 8541.00),
(1810, 'TSS017398181', 'S006', 600, 540, 1.75, 945.00),
(1811, 'TSS017398181', 'S003', 6500, 5850, 0.30, 1755.00),
(1812, 'TSS017398181', 'S015', 1700, 1530, 4.45, 6808.50),
(1813, 'TSS017398181', 'S008', 4500, 4050, 0.25, 1012.50),
(1814, 'TSS017398181', 'S001', 5800, 5220, 1.35, 7047.00),
(1815, 'TSS017398181', 'S029', 400, 360, 2.45, 882.00),
(1816, 'TSS017398181', 'S011', 3000, 2700, 9.75, 26325.00),
(1817, 'TSS017398181', 'S022', 4500, 4050, 8.30, 33615.00),
(1818, 'TSS017398181', 'S021', 5500, 4950, 31.45, 155677.50),
(1851, 'TSS026723061', 'S022', 4500, 4050, 2.45, 9922.50),
(1852, 'TSS026723061', 'S005', 2500, 2250, 7.35, 16537.50),
(1853, 'TSS026723061', 'S015', 1700, 1530, 16.50, 25245.00),
(1854, 'TSS026723061', 'S001', 5800, 5220, 1.75, 9135.00),
(1855, 'TSS026723061', 'S029', 400, 360, 7.85, 2826.00),
(1856, 'TSS026723061', 'S057', 1800, 1620, 0.50, 810.00),
(1857, 'TSS026723061', 'S020', 1300, 1170, 2.65, 3100.50),
(1858, 'TSS026723061', 'S021', 5500, 4950, 2.45, 12127.50),
(1859, 'TSS026723061', 'S003', 6500, 5850, 0.20, 1170.00),
(1860, 'TSS026723061', 'S023', 4000, 3600, 1.30, 4680.00),
(1861, 'TSS026723061', 'S007', 4000, 3600, 0.35, 1260.00),
(1862, 'TSS026723061', 'S006', 600, 540, 0.15, 81.00),
(1863, 'TSS026723061', 'S013', 4000, 3600, 0.35, 1260.00),
(1864, 'TSS026723061', 'S031', 1000, 900, 0.40, 360.00),
(1865, 'TSS026723061', 'S008', 4500, 4050, 0.35, 1417.50),
(1866, 'TSS026723061', 'S009', 6000, 5400, 0.10, 540.00),
(1867, 'TSS448791524', 'S001', 5800, 5220, 3.10, 16182.00),
(1868, 'TSS448791524', 'S024', 18000, 16200, 0.55, 8910.00),
(1869, 'TSS448791524', 'S015', 1700, 1530, 17.60, 26928.00),
(1870, 'TSS448791524', 'S020', 1300, 1170, 4.70, 5499.00),
(1871, 'TSS448791524', 'S005', 2500, 2250, 6.35, 14287.50),
(1872, 'TSS448791524', 'S021', 5500, 4950, 6.35, 31432.50),
(1873, 'TSS448791524', 'S006', 600, 540, 0.75, 405.00),
(1874, 'TSS448791524', 'S029', 400, 360, 8.70, 3132.00),
(1875, 'TSS448791524', 'S023', 4000, 3600, 1.80, 6480.00),
(1876, 'TSS448791524', 'S031', 1000, 900, 2.00, 1800.00),
(1877, 'TSS448791524', 'S005', 2500, 2250, 6.40, 14400.00),
(1878, 'TSS448791524', 'S032', 3500, 3150, 5.00, 15750.00),
(1879, 'TSS621550051', 'S015', 1700, 1530, 5.35, 8185.50),
(1880, 'TSS621550051', 'S010', 4500, 4050, 1.00, 4050.00),
(1881, 'TSS621550051', 'S005', 2500, 2250, 3.05, 6862.50),
(1882, 'TSS373977758', 'S005', 2500, 2250, 3.75, 8437.50),
(1883, 'TSS373977758', 'S001', 5800, 5220, 2.40, 12528.00),
(1884, 'TSS373977758', 'S015', 1700, 1530, 6.35, 9715.50),
(1885, 'TSS623299214', 'S015', 1700, 1530, 3.70, 5661.00),
(1886, 'TSS623299214', 'S020', 1300, 1170, 0.95, 1111.50),
(1887, 'TSS623299214', 'S005', 2500, 2250, 1.05, 2362.50),
(1888, 'TSS623299214', 'S050', 1500, 1350, 2.50, 3375.00),
(1892, 'TSS224859508', 'S001', 5800, 5220, 0.85, 4437.00),
(1893, 'TSS224859508', 'S005', 2500, 2250, 4.35, 9787.50),
(1894, 'TSS224859508', 'S020', 1300, 1170, 1.20, 1404.00),
(1909, 'TSS059004460', 'S039', 15000, 13500, 1.00, 13500.00),
(1910, 'TSS059004460', 'S023', 4000, 3600, 0.60, 2160.00),
(1911, 'TSS059004460', 'S029', 400, 360, 1.40, 504.00),
(1912, 'TSS059004460', 'S024', 18000, 16200, 0.20, 3240.00),
(1913, 'TSS059004460', 'S020', 1300, 1170, 6.20, 7254.00),
(1914, 'TSS059004460', 'S002', 2400, 2160, 0.55, 1188.00),
(1915, 'TSS059004460', 'S015', 1700, 1530, 2.75, 4207.50),
(1916, 'TSS288866655', 'S021', 5500, 4950, 1.70, 8415.00),
(1917, 'TSS288866655', 'S031', 1000, 900, 1.30, 1170.00),
(1918, 'TSS288866655', 'S005', 2500, 2250, 20.45, 46012.50),
(1919, 'TSS288866655', 'S023', 4000, 3600, 1.85, 6660.00),
(1920, 'TSS288866655', 'S015', 1700, 1530, 4.50, 6885.00),
(1921, 'TSS288866655', 'S006', 600, 540, 0.35, 189.00),
(1922, 'TSS288866655', 'S050', 1500, 1350, 0.65, 877.50),
(1923, 'TSS288866655', 'S007', 4000, 3600, 0.45, 1620.00),
(1924, 'TSS288866655', 'S020', 1300, 1170, 2.45, 2866.50),
(1925, 'TSS288866655', 'S017', 1500, 1350, 2.45, 3307.50),
(1926, 'TSS288866655', 'S003', 6500, 5850, 0.70, 4095.00),
(1927, 'TSS288866655', 'S001', 5800, 5220, 0.40, 2088.00),
(1928, 'TSS288866655', 'S029', 400, 360, 4.10, 1476.00),
(1929, 'TSS458720095', 'S001', 5800, 5220, 1.50, 7830.00),
(1930, 'TSS458720095', 'S020', 1300, 1170, 0.85, 994.50),
(1931, 'TSS458720095', 'S003', 6500, 5850, 0.40, 2340.00),
(1932, 'TSS458720095', 'S009', 6000, 5400, 0.45, 2430.00),
(1933, 'TSS458720095', 'S008', 4500, 4050, 0.25, 1012.50),
(1934, 'TSS458720095', 'S023', 4000, 3600, 0.45, 1620.00),
(1935, 'TSS458720095', 'S005', 2500, 2250, 3.20, 7200.00),
(1936, 'TSS458720095', 'S029', 400, 360, 1.80, 648.00),
(1937, 'TSS458720095', 'S021', 5500, 4950, 2.00, 9900.00),
(1938, 'TSS458720095', 'S005', 2500, 2250, 1.20, 2700.00),
(1939, 'TSS458720095', 'S024', 18000, 16200, 0.65, 10530.00),
(1968, 'TSS258489874', 'S001', 5800, 5220, 1.25, 6525.00),
(1969, 'TSS258489874', 'S005', 2500, 2250, 3.10, 6975.00),
(1970, 'TSS258489874', 'S006', 600, 540, 0.65, 351.00),
(1971, 'TSS258489874', 'S008', 4500, 4050, 0.10, 405.00),
(1972, 'TSS258489874', 'S015', 1700, 1530, 6.90, 10557.00),
(1973, 'TSS258489874', 'S024', 18000, 16200, 0.15, 2430.00),
(1974, 'TSS258489874', 'S020', 1300, 1170, 3.20, 3744.00),
(1975, 'TSS258489874', 'S031', 1000, 900, 0.45, 405.00),
(1976, 'TSS258489874', 'S029', 400, 360, 2.00, 720.00),
(1977, 'TSS156289567', 'S001', 5800, 5220, 1.50, 7830.00),
(1978, 'TSS156289567', 'S015', 1700, 1530, 8.30, 12699.00),
(1979, 'TSS156289567', 'S005', 2500, 2250, 7.20, 16200.00),
(1980, 'TSS156289567', 'S009', 6000, 5400, 0.40, 2160.00),
(1981, 'TSS156289567', 'S037', 5000, 4500, 0.55, 2475.00),
(1982, 'TSS156289567', 'S003', 6500, 5850, 0.45, 2632.50),
(1983, 'TSS156289567', 'S006', 600, 540, 0.25, 135.00),
(1984, 'TSS156289567', 'S031', 1000, 900, 0.20, 180.00),
(1985, 'TSS156289567', 'S029', 400, 360, 1.00, 360.00),
(1986, 'TSS156289567', 'S024', 18000, 16200, 1.05, 17010.00),
(1987, 'TSS156289567', 'S008', 4500, 4050, 0.45, 1822.50),
(1988, 'TSS156289567', 'S021', 5500, 4950, 5.75, 28462.50),
(1989, 'TSS156289567', 'S032', 3500, 3150, 2.00, 6300.00),
(2008, 'TSS807468015', 'S021', 5500, 4950, 8.35, 41332.50),
(2009, 'TSS807468015', 'S001', 5800, 5220, 3.20, 16704.00),
(2010, 'TSS807468015', 'S015', 1700, 1530, 5.50, 8415.00),
(2011, 'TSS807468015', 'S020', 1300, 1170, 3.75, 4387.50),
(2012, 'TSS807468015', 'S005', 2500, 2250, 10.95, 24637.50),
(2013, 'TSS807468015', 'S023', 4000, 3600, 4.20, 15120.00),
(2014, 'TSS807468015', 'S003', 6500, 5850, 0.85, 4972.50),
(2015, 'TSS807468015', 'S036', 4000, 3600, 4.30, 15480.00),
(2016, 'TSS807468015', 'S024', 18000, 16200, 4.25, 68850.00),
(2017, 'TSS009098817', 'S002', 2400, 2160, 4.75, 10260.00),
(2018, 'TSS009098817', 'S015', 1700, 1530, 43.00, 65790.00),
(2019, 'TSS113739907', 'S024', 18000, 16200, 1.90, 30780.00),
(2020, 'TSS113739907', 'S005', 2200, 1980, 11.60, 22968.00),
(2021, 'TSS113739907', 'S021', 5500, 4950, 20.60, 101970.00),
(2022, 'TSS113739907', 'S015', 1900, 1710, 28.95, 49504.50),
(2023, 'TSS113739907', 'S001', 5500, 4950, 5.35, 26482.50),
(2024, 'TSS113739907', 'S003', 5300, 4770, 1.65, 7870.50),
(2025, 'TSS113739907', 'S058', 1700, 1530, 1.60, 2448.00),
(2026, 'TSS113739907', 'S006', 600, 540, 0.30, 162.00),
(2027, 'TSS113739907', 'S007', 4000, 3600, 0.25, 900.00),
(2028, 'TSS113739907', 'S023', 4000, 3600, 2.05, 7380.00),
(2029, 'TSS113739907', 'S037', 5000, 4500, 0.65, 2925.00),
(2030, 'TSS113739907', 'S029', 400, 360, 2.95, 1062.00),
(2031, 'TSS401084987', 'S020', 700, 630, 13.10, 8253.00),
(2032, 'TSS401084987', 'S058', 1700, 1530, 2.70, 4131.00),
(2033, 'TSS401084987', 'S015', 1900, 1710, 2.45, 4189.50),
(2034, 'TSS401084987', 'S001', 5500, 4950, 1.40, 6930.00),
(2035, 'TSS401084987', 'S005', 2200, 1980, 1.90, 3762.00),
(2036, 'TSS401084987', 'S023', 4000, 3600, 1.00, 3600.00),
(2037, 'TSS401084987', 'S050', 1500, 1350, 0.65, 877.50),
(2049, 'TSS051292156', 'S058', 1700, 1530, 2.00, 3060.00),
(2050, 'TSS051292156', 'S005', 2200, 1980, 3.65, 7227.00),
(2051, 'TSS051292156', 'S001', 5500, 4950, 4.30, 21285.00),
(2052, 'TSS051292156', 'S031', 1000, 900, 1.75, 1575.00),
(2053, 'TSS051292156', 'S005', 2200, 1980, 4.35, 8613.00),
(2054, 'TSS051292156', 'S006', 600, 540, 0.35, 189.00),
(2055, 'TSS051292156', 'S008', 3500, 3150, 1.10, 3465.00),
(2056, 'TSS051292156', 'S023', 4000, 3600, 1.90, 6840.00),
(2057, 'TSS051292156', 'S029', 400, 360, 2.95, 1062.00),
(2058, 'TSS051292156', 'S015', 1900, 1710, 8.25, 14107.50),
(2059, 'TSS998325770', 'S058', 1700, 1530, 12.95, 19813.50),
(2060, 'TSS998325770', 'S015', 1900, 1710, 12.30, 21033.00),
(2061, 'TSS998325770', 'S008', 3500, 3150, 2.15, 6772.50),
(2062, 'TSS998325770', 'S005', 2200, 1980, 4.05, 8019.00),
(2063, 'TSS998325770', 'S003', 5300, 4770, 1.88, 8967.60),
(2064, 'TSS998325770', 'S009', 6000, 5400, 2.65, 14310.00),
(2065, 'TSS998325770', 'S012', 4200, 3780, 0.55, 2079.00),
(2078, 'TSS466927882', 'S006', 600, 540, 2.00, 1080.00),
(2079, 'TSS466927882', 'S001', 5500, 4950, 0.75, 3712.50),
(2080, 'TSS466927882', 'S005', 2200, 1980, 1.10, 2178.00),
(2081, 'TSS466927882', 'S015', 1900, 1710, 2.80, 4788.00),
(2082, 'TSS466927882', 'S023', 4000, 3600, 1.05, 3780.00),
(2083, 'TSS394428771', 'S001', 5500, 4950, 2.00, 9900.00),
(2084, 'TSS394428771', 'S005', 2200, 1980, 0.70, 1386.00),
(2085, 'TSS394428771', 'S023', 4000, 3600, 0.75, 2700.00),
(2089, 'TSS124962200', 'S022', 4500, 4050, 47.90, 193995.00),
(2090, 'TSS124962200', 'S005', 2200, 1980, 19.45, 38511.00),
(2091, 'TSS124962200', 'S023', 4000, 3600, 4.20, 15120.00),
(2092, 'TSS124962200', 'S015', 1900, 1710, 37.00, 63270.00),
(2093, 'TSS124962200', 'S009', 6000, 5400, 2.85, 15390.00),
(2094, 'TSS124962200', 'S015', 1900, 1710, 6.10, 10431.00),
(2095, 'TSS181429521', 'S021', 5500, 4950, 9.30, 46035.00),
(2096, 'TSS181429521', 'S032', 3500, 3150, 1.00, 3150.00),
(2097, 'TSS510509225', 'S002', 2400, 2160, 9.45, 20412.00),
(2098, 'TSS510509225', 'S015', 1900, 1710, 4.80, 8208.00),
(2099, 'TSS123387059', 'S001', 5500, 4950, 0.60, 2970.00),
(2100, 'TSS123387059', 'S009', 6000, 5400, 0.60, 3240.00),
(2101, 'TSS123387059', 'S008', 3500, 3150, 0.15, 472.50),
(2102, 'TSS123387059', 'S005', 2200, 1980, 0.35, 693.00),
(2103, 'TSS123387059', 'S023', 4000, 3600, 0.40, 1440.00),
(2104, 'TSS123387059', 'S050', 1500, 1350, 0.25, 337.50),
(2105, 'TSS123387059', 'S006', 600, 540, 0.15, 81.00),
(2106, 'TSS123387059', 'S044', 11000, 9900, 1.50, 14850.00),
(2107, 'TSS310595598', 'S058', 1700, 1530, 1.20, 1836.00),
(2108, 'TSS310595598', 'S031', 1000, 900, 0.70, 630.00),
(2109, 'TSS310595598', 'S008', 3500, 3150, 1.45, 4567.50),
(2110, 'TSS310595598', 'S015', 1900, 1710, 1.30, 2223.00),
(2111, 'TSS310595598', 'S001', 5500, 4950, 1.35, 6682.50),
(2112, 'TSS310595598', 'S024', 18000, 16200, 0.60, 9720.00),
(2113, 'TSS310595598', 'S005', 2200, 1980, 2.40, 4752.00),
(2114, 'TSS475606333', 'S051', 2000, 1800, 0.90, 1620.00),
(2115, 'TSS475606333', 'S007', 4000, 3600, 4.75, 17100.00),
(2116, 'TSS475606333', 'S015', 1900, 1710, 11.45, 19579.50),
(2117, 'TSS475606333', 'S033', 4000, 3600, 4.60, 16560.00),
(2118, 'TSS475606333', 'S035', 4000, 3600, 2.10, 7560.00),
(2119, 'TSS475606333', 'S005', 2200, 1980, 3.10, 6138.00),
(2120, 'TSS475606333', 'S044', 11000, 9900, 1.65, 16335.00),
(2121, 'TSS475606333', 'S001', 5500, 4950, 0.90, 4455.00),
(2122, 'TSS475606333', 'S007', 4000, 3600, 2.70, 9720.00),
(2123, 'TSS475606333', 'S029', 400, 360, 5.35, 1926.00),
(2124, 'TSS376166697', 'S001', 5500, 4950, 1.55, 7672.50),
(2125, 'TSS376166697', 'S008', 3500, 3150, 0.25, 787.50),
(2126, 'TSS376166697', 'S005', 2200, 1980, 2.10, 4158.00),
(2127, 'TSS376166697', 'S020', 700, 630, 0.55, 346.50),
(2128, 'TSS376166697', 'S015', 1900, 1710, 7.50, 12825.00),
(2129, 'TSS224637385', 'S001', 5500, 4950, 3.20, 15840.00),
(2130, 'TSS224637385', 'S005', 2200, 1980, 5.05, 9999.00),
(2131, 'TSS224637385', 'S033', 4000, 3600, 1.65, 5940.00),
(2132, 'TSS607298549', 'S023', 4000, 3600, 0.50, 1800.00),
(2133, 'TSS607298549', 'S009', 6000, 5400, 1.00, 5400.00),
(2134, 'TSS607298549', 'S001', 5500, 4950, 0.85, 4207.50),
(2135, 'TSS607298549', 'S015', 1900, 1710, 7.65, 13081.50),
(2136, 'TSS607298549', 'S005', 2200, 1980, 0.75, 1485.00),
(2144, 'TSS286523117', 'S021', 5500, 4950, 13.45, 66577.50),
(2145, 'TSS286523117', 'S006', 600, 540, 0.25, 135.00),
(2146, 'TSS286523117', 'S031', 1000, 900, 0.10, 90.00),
(2147, 'TSS286523117', 'S005', 2200, 1980, 3.00, 5940.00),
(2148, 'TSS286523117', 'S023', 4000, 3600, 0.55, 1980.00),
(2149, 'TSS286523117', 'S001', 5500, 4950, 1.15, 5692.50),
(2150, 'TSS286523117', 'S003', 5300, 4770, 0.30, 1431.00),
(2151, 'TSS286523117', 'S029', 400, 360, 0.60, 216.00),
(2152, 'TSS286523117', 'S028', 300, 270, 3.00, 810.00),
(2166, 'TSS604545306', 'S005', 2200, 1980, 2.15, 4257.00),
(2167, 'TSS580480094', 'S021', 5500, 4950, 42.66, 211189.50),
(2191, 'TSS198766159', 'S001', 5500, 4950, 1.55, 7672.50),
(2192, 'TSS198766159', 'S005', 2200, 1980, 2.20, 4356.00),
(2193, 'TSS198766159', 'S058', 1700, 1530, 0.95, 1453.50),
(2194, 'TSS198766159', 'S015', 1900, 1710, 2.15, 3676.50),
(2195, 'TSS464148672', 'S001', 5500, 4950, 0.65, 3217.50),
(2196, 'TSS464148672', 'S050', 1500, 1350, 1.15, 1552.50),
(2197, 'TSS464148672', 'S006', 600, 540, 1.10, 594.00),
(2198, 'TSS464148672', 'S005', 2200, 1980, 1.90, 3762.00),
(2199, 'TSS464148672', 'S024', 18000, 16200, 0.20, 3240.00),
(2200, 'TSS464148672', 'S023', 4000, 3600, 1.05, 3780.00),
(2205, 'TSS430891613', 'S001', 5500, 4950, 2.00, 9900.00),
(2206, 'TSS430891613', 'S039', 15000, 13500, 1.00, 13500.00),
(2207, 'TSS430891613', 'S002', 2400, 2160, 1.15, 2484.00),
(2208, 'TSS430891613', 'S006', 600, 540, 0.45, 243.00),
(2209, 'TSS430891613', 'S005', 2200, 1980, 1.80, 3564.00),
(2210, 'TSS430891613', 'S015', 1900, 1710, 8.45, 14449.50),
(2211, 'TSS430891613', 'S032', 3500, 3150, 12.00, 37800.00),
(2213, 'TSS225029992', 'S052', 4000, 3600, 3.60, 12960.00),
(2214, 'TSS225029992', 'S005', 2200, 1980, 2.25, 4455.00),
(2215, 'TSS225029992', 'S001', 5500, 4950, 1.20, 5940.00),
(2216, 'TSS225029992', 'S015', 1900, 1710, 1.75, 2992.50),
(2237, 'TSS973516456', 'S015', 1900, 1710, 1.70, 2907.00),
(2238, 'TSS973516456', 'S032', 3500, 3150, 3.00, 9450.00),
(2239, 'TSS973516456', 'S005', 2200, 1980, 1.50, 2970.00),
(2247, 'TSS180948972', 'S002', 2400, 2160, 3.60, 7776.00),
(2248, 'TSS180948972', 'S010', 4500, 4050, 3.00, 12150.00),
(2249, 'TSS180948972', 'S029', 400, 360, 4.80, 1728.00),
(2250, 'TSS180948972', 'S015', 1900, 1710, 11.50, 19665.00),
(2251, 'TSS180948972', 'S031', 1000, 900, 0.60, 540.00),
(2252, 'TSS180948972', 'S003', 5300, 4770, 0.55, 2623.50),
(2253, 'TSS180948972', 'S005', 2200, 1980, 2.60, 5148.00),
(2254, 'TSS180948972', 'S058', 1700, 1530, 3.65, 5584.50),
(2255, 'TSS378000166', 'S058', 1700, 1530, 1.00, 1530.00),
(2256, 'TSS378000166', 'S002', 2400, 2160, 2.20, 4752.00),
(2257, 'TSS378000166', 'S015', 1900, 1710, 3.75, 6412.50),
(2258, 'TSS226696725', 'S015', 1900, 1710, 3.10, 5301.00),
(2259, 'TSS226696725', 'S005', 2200, 1980, 0.65, 1287.00),
(2260, 'TSS895755582', 'S015', 1900, 1710, 3.45, 5899.50),
(2261, 'TSS895755582', 'S020', 700, 630, 12.95, 8158.50),
(2262, 'TSS895755582', 'S005', 2200, 1980, 4.60, 9108.00),
(2263, 'TSS516690536', 'S050', 1500, 1350, 0.10, 135.00),
(2264, 'TSS516690536', 'S020', 700, 630, 1.10, 693.00),
(2265, 'TSS516690536', 'S031', 1000, 900, 0.45, 405.00),
(2266, 'TSS516690536', 'S005', 2200, 1980, 3.10, 6138.00),
(2267, 'TSS516690536', 'S001', 5500, 4950, 1.90, 9405.00),
(2268, 'TSS516690536', 'S009', 6000, 5400, 0.30, 1620.00),
(2269, 'TSS529353466', 'S050', 1500, 1350, 2.40, 3240.00),
(2270, 'TSS529353466', 'S020', 700, 630, 2.60, 1638.00),
(2271, 'TSS529353466', 'S031', 1000, 900, 2.05, 1845.00),
(2272, 'TSS421519526', 'S020', 700, 630, 3.80, 2394.00),
(2273, 'TSS421519526', 'S005', 2200, 1980, 7.35, 14553.00),
(2274, 'TSS421519526', 'S023', 4000, 3600, 1.45, 5220.00),
(2275, 'TSS421519526', 'S015', 1900, 1710, 4.95, 8464.50),
(2276, 'TSS421519526', 'S029', 400, 360, 3.75, 1350.00),
(2277, 'TSS421519526', 'S031', 1000, 900, 1.05, 945.00),
(2278, 'TSS421519526', 'S002', 2400, 2160, 1.40, 3024.00),
(2279, 'TSS320704411', 'S002', 2400, 2160, 1.55, 3348.00),
(2280, 'TSS320704411', 'S005', 2200, 1980, 1.65, 3267.00),
(2281, 'TSS320704411', 'S058', 1700, 1530, 3.85, 5890.50),
(2284, 'TSS300247302', 'S005', 2200, 1980, 2.25, 4455.00),
(2285, 'TSS276800663', 'S018', 4000, 3600, 8.40, 30240.00),
(2286, 'TSS276800663', 'S001', 5500, 4950, 1.30, 6435.00),
(2287, 'TSS276800663', 'S015', 1900, 1710, 9.95, 17014.50),
(2288, 'TSS276800663', 'S020', 700, 630, 6.10, 3843.00),
(2289, 'TSS276800663', 'S058', 1700, 1530, 3.10, 4743.00),
(2290, 'TSS629179752', 'S023', 4000, 3600, 1.75, 6300.00),
(2291, 'TSS629179752', 'S003', 5300, 4770, 1.40, 6678.00),
(2292, 'TSS629179752', 'S029', 400, 360, 2.70, 972.00),
(2293, 'TSS629179752', 'S005', 2200, 1980, 2.65, 5247.00),
(2294, 'TSS629179752', 'S021', 5500, 4950, 0.80, 3960.00),
(2295, 'TSS654182144', 'S005', 2200, 1980, 3.15, 6237.00),
(2296, 'TSS654182144', 'S018', 4000, 3600, 4.95, 17820.00),
(2350, 'TSS356271435', 'S050', 1500, 1350, 0.70, 945.00),
(2351, 'TSS356271435', 'S017', 2000, 1800, 1.65, 2970.00),
(2352, 'TSS356271435', 'S015', 1900, 1710, 4.00, 6840.00),
(2353, 'TSS820567105', 'S001', 5500, 4950, 0.80, 3960.00),
(2354, 'TSS820567105', 'S031', 1000, 900, 1.05, 945.00),
(2355, 'TSS820567105', 'S005', 2200, 1980, 2.50, 4950.00),
(2356, 'TSS820567105', 'S015', 1900, 1710, 2.05, 3505.50),
(2357, 'TSS377471248', 'S021', 5500, 4950, 9.65, 47767.50),
(2358, 'TSS377471248', 'S017', 2000, 1800, 8.05, 14490.00),
(2405, 'TSS795592645', 'S031', 1000, 900, 0.90, 810.00),
(2406, 'TSS795592645', 'S008', 3500, 3150, 0.55, 1732.50),
(2407, 'TSS795592645', 'S058', 1700, 1530, 0.60, 918.00),
(2408, 'TSS795592645', 'S024', 18000, 16200, 0.30, 4860.00),
(2409, 'TSS795592645', 'S023', 4000, 3600, 0.95, 3420.00),
(2410, 'TSS795592645', 'S017', 2000, 1800, 5.85, 10530.00),
(2411, 'TSS795592645', 'S020', 700, 630, 1.60, 1008.00),
(2412, 'TSS795592645', 'S013', 2800, 2520, 2.10, 5292.00),
(2413, 'TSS795592645', 'S003', 5300, 4770, 1.65, 7870.50),
(2414, 'TSS795592645', 'S001', 5500, 4950, 5.35, 26482.50),
(2415, 'TSS795592645', 'S015', 1900, 1710, 4.75, 8122.50),
(2416, 'TSS795592645', 'S045', 1000, 900, 2.90, 2610.00),
(2425, 'TSS456755468', 'S001', 5500, 4950, 2.80, 13860.00),
(2426, 'TSS456755468', 'S005', 2200, 1980, 1.10, 2178.00),
(2427, 'TSS456755468', 'S015', 1900, 1710, 6.50, 11115.00),
(2428, 'TSS456755468', 'S005', 2200, 1980, 1.80, 3564.00),
(2441, 'TSS783022438', 'S005', 2200, 1980, 2.65, 5247.00),
(2442, 'TSS783022438', 'S022', 4500, 4050, 0.20, 810.00),
(2443, 'TSS783022438', 'S058', 1700, 1530, 2.60, 3978.00),
(2444, 'TSS783022438', 'S050', 1500, 1350, 0.40, 540.00),
(2445, 'TSS783022438', 'S006', 600, 540, 0.15, 81.00),
(2446, 'TSS783022438', 'S017', 2000, 1800, 6.20, 11160.00),
(2447, 'TSS783022438', 'S001', 5500, 4950, 1.15, 5692.50),
(2448, 'TSS783022438', 'S023', 4000, 3600, 0.40, 1440.00),
(2449, 'TSS783022438', 'S024', 18000, 16200, 0.20, 3240.00),
(2450, 'TSS783022438', 'S031', 1000, 900, 0.25, 225.00),
(2451, 'TSS783022438', 'S029', 400, 360, 0.85, 306.00),
(2452, 'TSS783022438', 'S015', 1900, 1710, 6.75, 11542.50),
(2453, 'TSS194891916', 'S015', 1900, 1710, 4.25, 7267.50),
(2454, 'TSS194891916', 'S007', 4000, 3600, 1.80, 6480.00),
(2455, 'TSS194891916', 'S020', 700, 630, 0.90, 567.00),
(2456, 'TSS194891916', 'S005', 2200, 1980, 1.65, 3267.00),
(2457, 'TSS550643134', 'S005', 2200, 1980, 16.40, 32472.00),
(2458, 'TSS550643134', 'S001', 5500, 4950, 1.05, 5197.50),
(2459, 'TSS550643134', 'S009', 6000, 5400, 1.50, 8100.00),
(2460, 'TSS550643134', 'S023', 4000, 3600, 3.25, 11700.00),
(2461, 'TSS550643134', 'S031', 1000, 900, 0.60, 540.00),
(2462, 'TSS550643134', 'S029', 400, 360, 1.00, 360.00),
(2463, 'TSS550643134', 'S015', 1900, 1710, 18.35, 31378.50),
(2478, 'TSS721878489', 'S031', 1000, 900, 0.90, 810.00),
(2479, 'TSS721878489', 'S023', 4000, 3600, 1.00, 3600.00),
(2480, 'TSS721878489', 'S058', 1700, 1530, 3.55, 5431.50),
(2481, 'TSS721878489', 'S020', 700, 630, 0.85, 535.50),
(2482, 'TSS721878489', 'S005', 2200, 1980, 1.10, 2178.00),
(2483, 'TSS721878489', 'S050', 1500, 1350, 1.50, 2025.00),
(2484, 'TSS721878489', 'S006', 600, 540, 0.15, 81.00),
(2485, 'TSS721878489', 'S001', 5500, 4950, 0.45, 2227.50),
(2486, 'TSS721878489', 'S003', 5300, 4770, 0.30, 1431.00),
(2487, 'TSS721878489', 'S009', 6000, 5400, 0.40, 2160.00),
(2488, 'TSS721878489', 'S008', 3500, 3150, 0.20, 630.00),
(2489, 'TSS721878489', 'S015', 1900, 1710, 4.70, 8037.00),
(2490, 'TSS721878489', 'S021', 5500, 4950, 2.95, 14602.50),
(2491, 'TSS721878489', 'S032', 3500, 3150, 1.00, 3150.00),
(2526, 'TSS049270784', 'S023', 4000, 3600, 2.80, 10080.00),
(2527, 'TSS049270784', 'S015', 1900, 1710, 2.65, 4531.50),
(2528, 'TSS049270784', 'S005', 2200, 1980, 4.20, 8316.00),
(2529, 'TSS049270784', 'S020', 700, 630, 4.20, 2646.00),
(2530, 'TSS049270784', 'S001', 5500, 4950, 2.50, 12375.00),
(2531, 'TSS049270784', 'S003', 5300, 4770, 0.45, 2146.50),
(2532, 'TSS049270784', 'S008', 3500, 3150, 0.25, 787.50),
(2533, 'TSS049270784', 'S029', 400, 360, 0.55, 198.00),
(2534, 'TSS049270784', 'S006', 600, 540, 0.55, 297.00),
(2535, 'TSS049270784', 'S005', 2200, 1980, 1.25, 2475.00),
(2536, 'TSS049270784', 'S038', 4000, 3600, 2.90, 10440.00),
(2537, 'TSS049270784', 'S021', 5500, 4950, 15.15, 74992.50),
(2552, 'TSS172441394', 'S005', 2000, 1800, 2.30, 4140.00),
(2561, 'TSS613378953', 'S015', 2150, 1935, 4.70, 9094.50),
(2562, 'TSS613378953', 'S020', 700, 630, 1.70, 1071.00),
(2563, 'TSS613378953', 'S001', 5300, 4770, 0.75, 3577.50),
(2564, 'TSS613378953', 'S005', 2000, 1800, 0.95, 1710.00),
(2565, 'TSS613378953', 'S050', 1500, 1350, 1.00, 1350.00),
(2566, 'TSS613378953', 'S058', 1800, 1620, 0.80, 1296.00),
(2567, 'TSS613378953', 'S021', 5500, 4950, 2.60, 12870.00),
(2568, 'TSS671398820', 'S001', 5300, 4770, 2.95, 14071.50),
(2569, 'TSS671398820', 'S023', 4000, 3600, 3.80, 13680.00),
(2570, 'TSS671398820', 'S005', 2000, 1800, 2.75, 4950.00),
(2571, 'TSS671398820', 'S015', 2150, 1935, 4.50, 8707.50),
(2572, 'TSS671398820', 'S006', 600, 540, 0.30, 162.00),
(2589, 'TSS652669339', 'S015', 2150, 1935, 4.15, 8030.25),
(2590, 'TSS652669339', 'S022', 4400, 3960, 1.80, 7128.00),
(2591, 'TSS652669339', 'S050', 1500, 1350, 0.25, 337.50),
(2592, 'TSS652669339', 'S006', 600, 540, 0.35, 189.00),
(2593, 'TSS652669339', 'S031', 1000, 900, 0.55, 495.00),
(2594, 'TSS652669339', 'S001', 5300, 4770, 0.65, 3100.50),
(2600, 'TSS814662591', 'S006', 600, 540, 0.85, 459.00),
(2601, 'TSS814662591', 'S029', 400, 360, 2.05, 738.00),
(2602, 'TSS814662591', 'S005', 2000, 1800, 0.95, 1710.00),
(2603, 'TSS814662591', 'S023', 4000, 3600, 1.15, 4140.00),
(2604, 'TSS814662591', 'S015', 2150, 1935, 3.60, 6966.00),
(2651, 'TSS408486091', 'S005', 2000, 1800, 10.86, 19548.00),
(2652, 'TSS408486091', 'S006', 600, 540, 0.50, 270.00),
(2653, 'TSS408486091', 'S013', 2800, 2520, 0.80, 2016.00),
(2654, 'TSS408486091', 'S024', 18000, 16200, 0.40, 6480.00),
(2655, 'TSS408486091', 'S008', 3500, 3150, 0.90, 2835.00),
(2656, 'TSS408486091', 'S009', 6000, 5400, 0.85, 4590.00),
(2657, 'TSS408486091', 'S058', 1800, 1620, 4.85, 7857.00),
(2658, 'TSS408486091', 'S031', 1000, 900, 1.45, 1305.00),
(2659, 'TSS408486091', 'S001', 5300, 4770, 4.40, 20988.00),
(2660, 'TSS408486091', 'S029', 400, 360, 3.10, 1116.00),
(2661, 'TSS408486091', 'S023', 4000, 3600, 2.70, 9720.00),
(2662, 'TSS408486091', 'S021', 5500, 4950, 5.90, 29205.00),
(2663, 'TSS408486091', 'S007', 4000, 3600, 0.95, 3420.00),
(2664, 'TSS408486091', 'S015', 2150, 1935, 13.20, 25542.00),
(2665, 'TSS837292461', 'S058', 1800, 1620, 5.20, 8424.00),
(2666, 'TSS837292461', 'S008', 3500, 3150, 1.45, 4567.50),
(2667, 'TSS837292461', 'S009', 6000, 5400, 4.40, 23760.00),
(2668, 'TSS837292461', 'S001', 5300, 4770, 1.05, 5008.50),
(2669, 'TSS837292461', 'S015', 2150, 1935, 18.90, 36571.50),
(2670, 'TSS837292461', 'S005', 2000, 1800, 3.30, 5940.00),
(2671, 'TSS837292461', 'S032', 3500, 3150, 1.30, 4095.00),
(2681, 'TSS094957787', 'S005', 2000, 1800, 4.50, 8100.00),
(2682, 'TSS094957787', 'S001', 5300, 4770, 1.05, 5008.50),
(2683, 'TSS094957787', 'S023', 4000, 3600, 0.65, 2340.00),
(2684, 'TSS094957787', 'S003', 5500, 4950, 0.35, 1732.50),
(2685, 'TSS094957787', 'S015', 2150, 1935, 3.40, 6579.00),
(2686, 'TSS094957787', 'S021', 5500, 4950, 5.15, 25492.50),
(2687, 'TSS094957787', 'S022', 4400, 3960, 0.45, 1782.00),
(2688, 'TSS094957787', 'S008', 3500, 3150, 0.50, 1575.00),
(2689, 'TSS094957787', 'S009', 6000, 5400, 0.15, 810.00),
(2698, 'TSS354910047', 'S029', 400, 360, 11.65, 4194.00),
(2699, 'TSS354910047', 'S028', 300, 270, 10.00, 2700.00),
(2700, 'TSS354910047', 'S008', 3500, 3150, 1.35, 4252.50),
(2701, 'TSS354910047', 'S005', 2000, 1800, 7.40, 13320.00),
(2702, 'TSS354910047', 'S001', 5300, 4770, 1.60, 7632.00),
(2703, 'TSS354910047', 'S015', 2150, 1935, 14.25, 27573.75),
(2704, 'TSS354910047', 'S020', 700, 630, 2.10, 1323.00),
(2705, 'TSS354910047', 'S050', 1500, 1350, 6.00, 8100.00),
(2706, 'TSS354910047', 'S005', 2000, 1800, 2.60, 4680.00),
(2707, 'TSS354910047', 'S006', 600, 540, 0.75, 405.00),
(2708, 'TSS680331506', 'S001', 5300, 4770, 0.15, 715.50),
(2709, 'TSS680331506', 'S008', 3500, 3150, 0.10, 315.00),
(2710, 'TSS680331506', 'S005', 2000, 1800, 0.60, 1080.00),
(2711, 'TSS680331506', 'S020', 700, 630, 1.95, 1228.50),
(2712, 'TSS680331506', 'S015', 2150, 1935, 6.70, 12964.50),
(2713, 'TSS171928400', 'S032', 3500, 3150, 2.00, 6300.00),
(2714, 'TSS171928400', 'S001', 5300, 4770, 2.70, 12879.00),
(2715, 'TSS171928400', 'S005', 2000, 1800, 2.60, 4680.00),
(2716, 'TSS171928400', 'S015', 2150, 1935, 12.70, 24574.50),
(2717, 'TSS171928400', 'S051', 2000, 1800, 0.20, 360.00),
(2718, 'TSS171928400', 'S029', 400, 360, 1.30, 468.00),
(2719, 'TSS171928400', 'S003', 5500, 4950, 0.30, 1485.00),
(2720, 'TSS171928400', 'S023', 4000, 3600, 0.35, 1260.00),
(2721, 'TSS171928400', 'S009', 6000, 5400, 0.35, 1890.00),
(2722, 'TSS171928400', 'S031', 1000, 900, 0.15, 135.00),
(2723, 'TSS171928400', 'S008', 3500, 3150, 0.35, 1102.50),
(2724, 'TSS171928400', 'S006', 600, 540, 0.20, 108.00),
(2725, 'TSS171928400', 'S050', 1500, 1350, 0.50, 675.00),
(2726, 'TSS438167310', 'S015', 2150, 1935, 8.10, 15673.50),
(2727, 'TSS438167310', 'S005', 2000, 1800, 0.85, 1530.00),
(2728, 'TSS438167310', 'S023', 4000, 3600, 1.65, 5940.00),
(2729, 'TSS438167310', 'S029', 400, 360, 2.65, 954.00),
(2730, 'TSS438167310', 'S031', 1000, 900, 0.65, 585.00),
(2731, 'TSS438167310', 'S001', 5300, 4770, 0.65, 3100.50),
(2732, 'TSS438167310', 'S012', 5498, 4950, 1.25, 6187.50),
(2733, 'TSS917250823', 'S005', 2000, 1800, 2.30, 4140.00),
(2734, 'TSS917250823', 'S032', 3500, 3150, 3.50, 11025.00),
(2735, 'TSS917250823', 'S022', 4400, 3960, 1.75, 6930.00),
(2736, 'TSS581087174', 'S001', 5300, 4770, 2.30, 10971.00),
(2737, 'TSS581087174', 'S012', 5498, 4950, 0.20, 990.00),
(2738, 'TSS581087174', 'S008', 3500, 3150, 0.25, 787.50),
(2739, 'TSS581087174', 'S009', 6000, 5400, 0.15, 810.00),
(2740, 'TSS581087174', 'S005', 2000, 1800, 0.55, 990.00),
(2741, 'TSS581087174', 'S050', 1500, 1350, 0.16, 216.00),
(2742, 'TSS581087174', 'S058', 1800, 1620, 0.55, 891.00),
(2743, 'TSS581087174', 'S015', 2150, 1935, 4.65, 8997.75),
(2744, 'TSS229715568', 'S015', 2150, 1935, 2.50, 4837.50),
(2745, 'TSS229715568', 'S058', 1800, 1620, 1.00, 1620.00),
(2746, 'TSS229715568', 'S001', 5300, 4770, 0.50, 2385.00),
(2747, 'TSS229715568', 'S006', 600, 540, 0.55, 297.00),
(2748, 'TSS229715568', 'S031', 1000, 900, 0.25, 225.00),
(2749, 'TSS229715568', 'S021', 5500, 4950, 0.90, 4455.00),
(2750, 'TSS229715568', 'S005', 2000, 1800, 3.00, 5400.00),
(2755, 'TSS496382034', 'S005', 2000, 1800, 1.25, 2250.00),
(2756, 'TSS496382034', 'S033', 4000, 3600, 3.75, 13500.00),
(2757, 'TSS496382034', 'S015', 2150, 1935, 2.45, 4740.75),
(2758, 'TSS496382034', 'S001', 5300, 4770, 0.60, 2862.00),
(2759, 'TSS496382034', 'S007', 4000, 3600, 0.95, 3420.00),
(2760, 'TSS961225265', 'S001', 5300, 4770, 0.55, 2623.50),
(2761, 'TSS961225265', 'S050', 1500, 1350, 1.45, 1957.50),
(2762, 'TSS961225265', 'S009', 6000, 5400, 0.20, 1080.00),
(2763, 'TSS961225265', 'S006', 600, 540, 0.15, 81.00),
(2790, 'TSS064395062', 'S015', 2150, 1935, 3.75, 7256.25),
(2791, 'TSS064395062', 'S005', 2000, 1800, 5.65, 10170.00),
(2792, 'TSS064395062', 'S001', 5300, 4770, 2.50, 11925.00),
(2793, 'TSS064395062', 'S032', 3500, 3150, 6.00, 18900.00),
(2794, 'TSS064395062', 'S023', 4000, 3600, 0.45, 1620.00),
(2795, 'TSS064395062', 'S024', 18000, 16200, 0.45, 7290.00),
(2796, 'TSS064395062', 'S003', 5500, 4950, 0.25, 1237.50),
(2797, 'TSS064395062', 'S031', 1000, 900, 0.20, 180.00),
(2798, 'TSS064395062', 'S058', 1800, 1620, 1.20, 1944.00),
(2799, 'TSS064395062', 'S005', 2000, 1800, 1.25, 2250.00),
(2800, 'TSS064395062', 'S018', 4000, 3600, 2.95, 10620.00),
(2801, 'TSS064395062', 'S027', 24000, 21600, 0.40, 8640.00),
(2802, 'TSS064395062', 'S021', 5500, 4950, 7.80, 38610.00),
(2803, 'TSS828175371', 'S024', 18000, 16200, 0.75, 12150.00),
(2804, 'TSS828175371', 'S021', 5500, 4950, 11.10, 54945.00),
(2805, 'TSS828175371', 'S022', 4400, 3960, 0.45, 1782.00),
(2806, 'TSS828175371', 'S005', 2000, 1800, 2.10, 3780.00),
(2807, 'TSS828175371', 'S015', 2150, 1935, 2.90, 5611.50),
(2808, 'TSS828175371', 'S001', 5300, 4770, 2.50, 11925.00);
INSERT INTO `setor_sampah` (`no`, `id_transaksi`, `id_sampah`, `harga_pusat`, `harga`, `jumlah_kg`, `jumlah_rp`) VALUES
(2809, 'TSS828175371', 'S006', 600, 540, 0.30, 162.00),
(2810, 'TSS828175371', 'S003', 5500, 4950, 0.25, 1237.50),
(2811, 'TSS828175371', 'S008', 3500, 3150, 0.20, 630.00),
(2812, 'TSS676858077', 'S015', 2150, 1935, 22.45, 43440.75),
(2813, 'TSS676858077', 'S001', 5300, 4770, 1.10, 5247.00),
(2814, 'TSS676858077', 'S005', 2000, 1800, 4.30, 7740.00),
(2815, 'TSS676858077', 'S031', 1000, 900, 0.30, 270.00),
(2816, 'TSS464760481', 'S005', 2000, 1800, 9.80, 17640.00),
(2817, 'TSS464760481', 'S015', 2150, 1935, 4.25, 8223.75),
(2818, 'TSS464760481', 'S005', 2000, 1800, 5.35, 9630.00),
(2819, 'TSS167824142', 'S009', 6000, 5400, 0.30, 1620.00),
(2820, 'TSS167824142', 'S005', 2000, 1800, 0.70, 1260.00),
(2821, 'TSS167824142', 'S051', 2000, 1800, 0.20, 360.00),
(2822, 'TSS167824142', 'S050', 1500, 1350, 1.85, 2497.50),
(2823, 'TSS167824142', 'S020', 700, 630, 0.45, 283.50),
(2824, 'TSS167824142', 'S015', 2150, 1935, 11.25, 21768.75),
(2825, 'TSS167824142', 'S032', 3500, 3150, 10.50, 33075.00),
(2826, 'TSS018134107', 'S015', 2150, 1935, 3.80, 7353.00),
(2827, 'TSS018134107', 'S020', 700, 630, 0.75, 472.50),
(2828, 'TSS018134107', 'S005', 2000, 1800, 4.50, 8100.00),
(2829, 'TSS018134107', 'S001', 5300, 4770, 1.90, 9063.00),
(2830, 'TSS018134107', 'S032', 3500, 3150, 5.00, 15750.00),
(2831, 'TSS109236541', 'S012', 5498, 4950, 1.20, 5940.00),
(2832, 'TSS109236541', 'S005', 2000, 1800, 2.20, 3960.00),
(2833, 'TSS109236541', 'S023', 4000, 3600, 1.20, 4320.00),
(2834, 'TSS109236541', 'S029', 400, 360, 2.40, 864.00),
(2835, 'TSS109236541', 'S031', 1000, 900, 0.60, 540.00),
(2836, 'TSS109236541', 'S006', 600, 540, 0.50, 270.00),
(2837, 'TSS109236541', 'S024', 18000, 16200, 0.15, 2430.00),
(2838, 'TSS109236541', 'S058', 1800, 1620, 0.80, 1296.00),
(2839, 'TSS109236541', 'S015', 2150, 1935, 2.95, 5708.25),
(2840, 'TSS109236541', 'S003', 5500, 4950, 1.40, 6930.00),
(2841, 'TSS109236541', 'S032', 3500, 3150, 4.00, 12600.00),
(2842, 'TSS109236541', 'S028', 300, 270, 5.00, 1350.00),
(2858, 'TSS114958336', 'S015', 2150, 1935, 62.20, 120357.00),
(2859, 'TSS406831560', 'S015', 2150, 1935, 5.80, 11223.00),
(2860, 'TSS406831560', 'S001', 5300, 4770, 1.15, 5485.50),
(2861, 'TSS406831560', 'S008', 3500, 3150, 0.45, 1417.50),
(2862, 'TSS406831560', 'S023', 4000, 3600, 0.55, 1980.00),
(2866, 'TSS878295051', 'S005', 2000, 1800, 0.90, 1620.00),
(2867, 'TSS878295051', 'S023', 4000, 3600, 0.85, 3060.00),
(2868, 'TSS878295051', 'S001', 5300, 4770, 2.35, 11209.50),
(2874, 'TSS271427867', 'S015', 2150, 1935, 7.85, 15189.75),
(2875, 'TSS271427867', 'S058', 1800, 1620, 5.50, 8910.00),
(2876, 'TSS271427867', 'S001', 5300, 4770, 1.15, 5485.50),
(2877, 'TSS271427867', 'S003', 5500, 4950, 0.90, 4455.00),
(2878, 'TSS271427867', 'S005', 2000, 1800, 1.60, 2880.00),
(2879, 'TSS271427867', 'S023', 4000, 3600, 1.10, 3960.00),
(2883, 'TSS861119544', 'S037', 5000, 4500, 0.40, 1800.00),
(2884, 'TSS861119544', 'S018', 4000, 3600, 1.00, 3600.00),
(2885, 'TSS861119544', 'S002', 2400, 2160, 0.65, 1404.00),
(2886, 'TSS861119544', 'S021', 5500, 4950, 1.15, 5692.50),
(2891, 'TSS532550349', 'S023', 4000, 3600, 1.05, 3780.00),
(2892, 'TSS532550349', 'S017', 1500, 1350, 2.90, 3915.00),
(2893, 'TSS532550349', 'S020', 700, 630, 5.10, 3213.00),
(2894, 'TSS532550349', 'S015', 2150, 1935, 26.95, 52148.25),
(2895, 'TSS532550349', 'S005', 2000, 1800, 18.30, 32940.00),
(2896, 'TSS532550349', 'S029', 400, 360, 5.55, 1998.00),
(2901, 'TSS202195448', 'S001', 5300, 4770, 2.40, 11448.00),
(2902, 'TSS202195448', 'S005', 2000, 1800, 2.50, 4500.00),
(2903, 'TSS202195448', 'S015', 2150, 1935, 5.10, 9868.50),
(2904, 'TSS202195448', 'S058', 1800, 1620, 4.80, 7776.00),
(2905, 'TSS202195448', 'S012', 5498, 4950, 2.55, 12622.50),
(2906, 'TSS250193936', 'S002', 2400, 2160, 1.30, 2808.00),
(2907, 'TSS250193936', 'S005', 2000, 1800, 1.05, 1890.00),
(2908, 'TSS250193936', 'S006', 600, 540, 0.65, 351.00),
(2909, 'TSS250193936', 'S015', 2150, 1935, 5.80, 11223.00),
(2910, 'TSS250193936', 'S008', 3500, 3150, 0.25, 787.50),
(2911, 'TSS053674455', 'S015', 2150, 1935, 3.60, 6966.00),
(2912, 'TSS053674455', 'S024', 18000, 16200, 0.30, 4860.00),
(2913, 'TSS053674455', 'S008', 3500, 3150, 0.35, 1102.50),
(2914, 'TSS053674455', 'S029', 400, 360, 2.60, 936.00),
(2915, 'TSS053674455', 'S022', 4400, 3960, 1.75, 6930.00),
(2916, 'TSS053674455', 'S005', 2000, 1800, 1.40, 2520.00),
(2917, 'TSS553186488', 'S001', 5300, 4770, 1.75, 8347.50),
(2918, 'TSS553186488', 'S015', 2150, 1935, 11.90, 23026.50),
(2919, 'TSS553186488', 'S005', 2000, 1800, 4.35, 7830.00),
(2920, 'TSS553186488', 'S058', 1800, 1620, 21.25, 34425.00),
(2921, 'TSS553186488', 'S006', 600, 540, 0.40, 216.00),
(2922, 'TSS553186488', 'S023', 4000, 3600, 0.75, 2700.00),
(2923, 'TSS553186488', 'S003', 5500, 4950, 0.30, 1485.00),
(2924, 'TSS553186488', 'S020', 700, 630, 3.70, 2331.00),
(2925, 'TSS553186488', 'S031', 1000, 900, 0.40, 360.00),
(2926, 'TSS553186488', 'S029', 400, 360, 1.55, 558.00),
(2927, 'TSS553186488', 'S019', 3000, 2700, 1.30, 3510.00),
(2928, 'TSS553186488', 'S008', 3500, 3150, 0.40, 1260.00),
(2929, 'TSS553186488', 'S033', 4000, 3600, 1.05, 3780.00),
(2930, 'TSS553186488', 'S050', 1500, 1350, 1.05, 1417.50),
(2931, 'TSS162321937', 'S005', 2000, 1800, 7.50, 13500.00),
(2932, 'TSS162321937', 'S020', 700, 630, 2.70, 1701.00),
(2933, 'TSS162321937', 'S002', 2400, 2160, 2.65, 5724.00),
(2934, 'TSS162321937', 'S012', 5498, 4950, 1.20, 5940.00),
(2935, 'TSS162321937', 'S015', 2150, 1935, 4.45, 8610.75),
(2936, 'TSS162321937', 'S009', 6000, 5400, 0.85, 4590.00),
(2937, 'TSS162321937', 'S006', 600, 540, 1.60, 864.00),
(2938, 'TSS637274273', 'S005', 2000, 1800, 1.25, 2250.00),
(2939, 'TSS637274273', 'S031', 1000, 900, 0.25, 225.00),
(2940, 'TSS637274273', 'S013', 2800, 2520, 1.45, 3654.00),
(2941, 'TSS637274273', 'S024', 18000, 16200, 0.40, 6480.00),
(2942, 'TSS637274273', 'S009', 6000, 5400, 0.25, 1350.00),
(2943, 'TSS637274273', 'S008', 3500, 3150, 0.25, 787.50),
(2944, 'TSS637274273', 'S015', 2150, 1935, 23.30, 45085.50),
(2945, 'TSS637274273', 'S058', 1800, 1620, 2.55, 4131.00),
(2946, 'TSS781246835', 'S015', 2150, 1935, 90.35, 174827.25),
(2947, 'TSS781246835', 'S058', 1800, 1620, 5.55, 8991.00),
(2948, 'TSS781246835', 'S023', 4000, 3600, 2.10, 7560.00),
(2949, 'TSS735726144', 'S015', 2150, 1935, 103.30, 199885.50),
(2950, 'TSS735726144', 'S058', 1800, 1620, 15.15, 24543.00),
(2951, 'TSS735726144', 'S005', 2000, 1800, 11.60, 20880.00),
(2952, 'TSS889316329', 'S015', 2150, 1935, 19.40, 37539.00),
(2953, 'TSS889316329', 'S005', 2000, 1800, 7.30, 13140.00),
(2954, 'TSS889316329', 'S001', 5300, 4770, 3.40, 16218.00),
(2955, 'TSS889316329', 'S029', 400, 360, 6.90, 2484.00),
(2956, 'TSS889316329', 'S024', 18000, 16200, 0.80, 12960.00),
(2957, 'TSS889316329', 'S003', 5500, 4950, 1.15, 5692.50),
(2958, 'TSS889316329', 'S023', 4000, 3600, 1.40, 5040.00),
(2959, 'TSS889316329', 'S020', 700, 630, 3.85, 2425.50),
(2960, 'TSS889316329', 'S058', 1800, 1620, 3.70, 5994.00),
(2961, 'TSS889316329', 'S022', 4400, 3960, 1.30, 5148.00),
(2962, 'TSS437785169', 'S015', 2150, 1935, 9.10, 17608.50),
(2963, 'TSS437785169', 'S023', 4000, 3600, 1.30, 4680.00),
(2964, 'TSS546780644', 'S024', 18000, 16200, 3.85, 62370.00),
(2965, 'TSS546780644', 'S015', 2150, 1935, 12.50, 24187.50),
(2966, 'TSS546780644', 'S002', 2400, 2160, 1.55, 3348.00),
(2967, 'TSS546780644', 'S023', 4000, 3600, 1.05, 3780.00),
(2968, 'TSS546780644', 'S031', 1000, 900, 0.50, 450.00),
(2969, 'TSS546780644', 'S058', 1800, 1620, 1.45, 2349.00),
(2970, 'TSS546780644', 'S020', 700, 630, 1.85, 1165.50),
(2971, 'TSS906607766', 'S015', 2150, 1935, 1.90, 3676.50),
(2972, 'TSS906607766', 'S058', 1800, 1620, 0.95, 1539.00),
(2973, 'TSS906607766', 'S005', 2000, 1800, 0.80, 1440.00),
(2974, 'TSS906607766', 'S023', 4000, 3600, 0.45, 1620.00),
(2975, 'TSS424566437', 'S015', 2150, 1935, 7.85, 15189.75),
(2976, 'TSS424566437', 'S001', 5300, 4770, 1.70, 8109.00),
(2977, 'TSS424566437', 'S002', 2400, 2160, 2.50, 5400.00),
(2978, 'TSS424566437', 'S005', 2000, 1800, 1.70, 3060.00),
(2993, 'TSS535271226', 'S005', 2000, 1800, 8.75, 15750.00),
(2994, 'TSS535271226', 'S003', 5500, 4950, 0.90, 4455.00),
(2995, 'TSS535271226', 'S058', 1800, 1620, 1.60, 2592.00),
(2996, 'TSS535271226', 'S006', 600, 540, 2.25, 1215.00),
(2997, 'TSS535271226', 'S050', 1500, 1350, 4.55, 6142.50),
(2998, 'TSS535271226', 'S008', 3500, 3150, 1.40, 4410.00),
(2999, 'TSS535271226', 'S009', 6000, 5400, 0.45, 2430.00),
(3000, 'TSS535271226', 'S036', 4000, 3600, 7.55, 27180.00),
(3001, 'TSS535271226', 'S015', 2150, 1935, 30.55, 59114.25),
(3002, 'TSS535271226', 'S021', 5500, 4950, 12.70, 62865.00),
(3003, 'TSS535271226', 'S024', 18000, 16200, 1.90, 30780.00),
(3004, 'TSS535271226', 'S001', 5300, 4770, 10.50, 50085.00),
(3005, 'TSS535271226', 'S022', 4400, 3960, 16.00, 63360.00),
(3006, 'TSS535271226', 'S017', 1500, 1350, 13.05, 17617.50),
(3007, 'TSS995359699', 'S015', 2150, 1935, 20.40, 39474.00),
(3008, 'TSS995359699', 'S029', 400, 360, 2.35, 846.00),
(3009, 'TSS995359699', 'S005', 2000, 1800, 1.00, 1800.00),
(3010, 'TSS995359699', 'S001', 5300, 4770, 1.25, 5962.50),
(3011, 'TSS995359699', 'S050', 1500, 1350, 0.65, 877.50),
(3012, 'TSS995359699', 'S023', 4000, 3600, 0.65, 2340.00),
(3013, 'TSS995359699', 'S020', 700, 630, 0.65, 409.50),
(3014, 'TSS995359699', 'S031', 1000, 900, 0.10, 90.00),
(3015, 'TSS995359699', 'S003', 5500, 4950, 0.65, 3217.50),
(3040, 'TSS438958647', 'S005', 2000, 1800, 5.50, 9900.00),
(3041, 'TSS438958647', 'S028', 300, 270, 13.00, 3510.00),
(3042, 'TSS438958647', 'S058', 1800, 1620, 4.10, 6642.00),
(3043, 'TSS438958647', 'S001', 5300, 4770, 8.55, 40783.50),
(3044, 'TSS438958647', 'S023', 4000, 3600, 3.50, 12600.00),
(3045, 'TSS438958647', 'S029', 400, 360, 5.65, 2034.00),
(3046, 'TSS438958647', 'S012', 5500, 4950, 1.50, 7425.00),
(3047, 'TSS438958647', 'S020', 700, 630, 0.65, 409.50),
(3048, 'TSS438958647', 'S015', 2150, 1935, 37.95, 73433.25),
(3049, 'TSS438958647', 'S031', 1000, 900, 0.70, 630.00),
(3050, 'TSS438958647', 'S019', 2500, 2250, 6.80, 15300.00),
(3051, 'TSS438958647', 'S050', 1500, 1350, 2.45, 3307.50),
(3062, 'TSS356902734', 'S031', 1000, 900, 1.10, 990.00),
(3063, 'TSS356902734', 'S020', 700, 630, 0.90, 567.00),
(3064, 'TSS356902734', 'S005', 2000, 1800, 2.55, 4590.00),
(3065, 'TSS356902734', 'S023', 4000, 3600, 1.00, 3600.00),
(3066, 'TSS356902734', 'S058', 1800, 1620, 2.40, 3888.00),
(3067, 'TSS356902734', 'S001', 5300, 4770, 0.75, 3577.50),
(3068, 'TSS356902734', 'S003', 5500, 4950, 0.36, 1782.00),
(3069, 'TSS356902734', 'S050', 1500, 1350, 0.45, 607.50),
(3070, 'TSS356902734', 'S006', 600, 540, 0.35, 189.00),
(3071, 'TSS356902734', 'S059', 10000, 9000, 1.08, 9720.00),
(3072, 'TSS356902734', 'S015', 2150, 1935, 6.45, 12480.75),
(3094, 'TSS101191149', 'S001', 5300, 4770, 5.15, 24565.50),
(3095, 'TSS101191149', 'S013', 2800, 2520, 1.75, 4410.00),
(3096, 'TSS101191149', 'S005', 2000, 1800, 3.85, 6930.00),
(3097, 'TSS101191149', 'S058', 1800, 1620, 3.60, 5832.00),
(3098, 'TSS101191149', 'S031', 1000, 900, 2.35, 2115.00),
(3099, 'TSS101191149', 'S015', 2150, 1935, 25.45, 49245.75),
(3100, 'TSS101191149', 'S059', 10000, 9000, 2.58, 23220.00),
(3101, 'TSS923568374', 'S023', 4000, 3600, 2.15, 7740.00),
(3102, 'TSS923568374', 'S024', 18000, 16200, 0.40, 6480.00),
(3103, 'TSS923568374', 'S008', 3500, 3150, 0.90, 2835.00),
(3104, 'TSS923568374', 'S059', 10000, 9000, 2.15, 19350.00),
(3105, 'TSS923568374', 'S031', 1000, 900, 1.15, 1035.00),
(3106, 'TSS923568374', 'S013', 2800, 2520, 2.10, 5292.00),
(3107, 'TSS923568374', 'S003', 5500, 4950, 2.20, 10890.00),
(3108, 'TSS923568374', 'S058', 1800, 1620, 4.20, 6804.00),
(3109, 'TSS923568374', 'S005', 2000, 1800, 3.45, 6210.00),
(3110, 'TSS923568374', 'S001', 5300, 4770, 8.40, 40068.00),
(3111, 'TSS923568374', 'S005', 2000, 1800, 3.20, 5760.00),
(3130, 'TSS098514491', 'S028', 300, 270, 3.00, 810.00),
(3131, 'TSS098514491', 'S029', 400, 360, 3.05, 1098.00),
(3132, 'TSS098514491', 'S015', 2150, 1935, 14.65, 28347.75),
(3133, 'TSS098514491', 'S031', 1000, 900, 1.80, 1620.00),
(3134, 'TSS098514491', 'S008', 3500, 3150, 0.25, 787.50),
(3135, 'TSS098514491', 'S005', 2000, 1800, 1.65, 2970.00),
(3136, 'TSS098514491', 'S002', 2400, 2160, 2.50, 5400.00),
(3137, 'TSS098514491', 'S022', 4400, 3960, 15.00, 59400.00),
(3138, 'TSS098514491', 'S021', 5500, 4950, 4.20, 20790.00),
(3139, 'TSS554178380', 'S012', 5500, 4950, 0.00, 0.00),
(3140, 'TSS554178380', 'S015', 2150, 1935, 0.00, 0.00),
(3141, 'TSS554178380', 'S023', 4000, 3600, 0.00, 0.00),
(3142, 'TSS554178380', 'S005', 2000, 1800, 0.00, 0.00),
(3143, 'TSS554178380', 'S002', 2400, 2160, 0.00, 0.00),
(3144, 'TSS509148844', 'S012', 5500, 4950, 1.50, 7425.00),
(3145, 'TSS509148844', 'S015', 2150, 1935, 8.70, 16834.50),
(3146, 'TSS509148844', 'S023', 4000, 3600, 4.65, 16740.00),
(3147, 'TSS509148844', 'S005', 2000, 1800, 9.50, 17100.00),
(3148, 'TSS509148844', 'S002', 2400, 2160, 2.60, 5616.00),
(3149, 'TSS259085525', 'S015', 1900, 1710, 8.30, 14193.00),
(3150, 'TSS259085525', 'S005', 2000, 1800, 3.10, 5580.00),
(3151, 'TSS259085525', 'S058', 1800, 1620, 2.20, 3564.00),
(3152, 'TSS259085525', 'S001', 5500, 4950, 1.40, 6930.00),
(3153, 'TSS259085525', 'S021', 5700, 5130, 1.20, 6156.00),
(3154, 'TSS259085525', 'S024', 19000, 17100, 2.90, 49590.00),
(3155, 'TSS259085525', 'S025', 2500, 2250, 1.65, 3712.50),
(3156, 'TSS259085525', 'S007', 4000, 3600, 0.35, 1260.00),
(3172, 'TSS770250228', 'S015', 1900, 1710, 6.40, 10944.00),
(3173, 'TSS770250228', 'S007', 4000, 3600, 0.60, 2160.00),
(3174, 'TSS770250228', 'S001', 5500, 4950, 1.05, 5197.50),
(3175, 'TSS770250228', 'S005', 2000, 1800, 8.15, 14670.00),
(3176, 'TSS770250228', 'S023', 4000, 3600, 0.75, 2700.00),
(3177, 'TSS770250228', 'S008', 3500, 3150, 0.15, 472.50),
(3178, 'TSS770250228', 'S024', 19000, 17100, 0.40, 6840.00),
(3179, 'TSS770250228', 'S058', 1800, 1620, 2.00, 3240.00),
(3180, 'TSS376349451', 'S022', 4700, 4230, 2.15, 9094.50),
(3181, 'TSS064546707', 'S058', 1800, 1620, 5.05, 8181.00),
(3182, 'TSS064546707', 'S018', 4000, 3600, 4.30, 15480.00),
(3183, 'TSS064546707', 'S004', 3500, 3150, 0.50, 1575.00),
(3184, 'TSS064546707', 'S001', 5500, 4950, 0.40, 1980.00),
(3185, 'TSS064546707', 'S023', 4000, 3600, 1.25, 4500.00),
(3186, 'TSS064546707', 'S029', 400, 360, 1.60, 576.00),
(3187, 'TSS759871525', 'S005', 2000, 1800, 0.20, 360.00),
(3188, 'TSS759871525', 'S001', 5500, 4950, 0.20, 990.00),
(3189, 'TSS693714354', 'S015', 1900, 1710, 7.85, 13423.50),
(3190, 'TSS693714354', 'S018', 4000, 3600, 14.35, 51660.00),
(3191, 'TSS693714354', 'S021', 5700, 5130, 40.05, 205456.50),
(3192, 'TSS693714354', 'S022', 4700, 4230, 6.20, 26226.00),
(3193, 'TSS693714354', 'S001', 5500, 4950, 2.70, 13365.00),
(3194, 'TSS693714354', 'S050', 1500, 1350, 0.75, 1012.50),
(3195, 'TSS693714354', 'S007', 4000, 3600, 1.05, 3780.00),
(3196, 'TSS693714354', 'S023', 4000, 3600, 1.45, 5220.00),
(3197, 'TSS693714354', 'S003', 6000, 5400, 0.50, 2700.00),
(3198, 'TSS693714354', 'S005', 2000, 1800, 1.30, 2340.00),
(3199, 'TSS693714354', 'S058', 1800, 1620, 0.75, 1215.00),
(3200, 'TSS693714354', 'S029', 400, 360, 1.95, 702.00),
(3201, 'TSS693714354', 'S038', 4700, 4230, 2.70, 11421.00),
(3202, 'TSS693714354', 'S040', 15000, 13500, 1.00, 13500.00),
(3203, 'TSS090293913', 'S031', 1000, 900, 0.80, 720.00),
(3204, 'TSS090293913', 'S021', 5700, 5130, 2.70, 13851.00),
(3205, 'TSS090293913', 'S001', 5500, 4950, 0.25, 1237.50),
(3206, 'TSS090293913', 'S003', 6000, 5400, 0.30, 1620.00),
(3207, 'TSS090293913', 'S024', 19000, 17100, 0.85, 14535.00),
(3208, 'TSS537882275', 'S001', 5500, 4950, 0.65, 3217.50),
(3209, 'TSS537882275', 'S023', 4000, 3600, 0.35, 1260.00),
(3210, 'TSS537882275', 'S007', 4000, 3600, 0.75, 2700.00),
(3211, 'TSS537882275', 'S050', 1500, 1350, 0.25, 337.50),
(3212, 'TSS537882275', 'S006', 600, 540, 0.45, 243.00),
(3213, 'TSS537882275', 'S005', 2000, 1800, 2.05, 3690.00),
(3214, 'TSS537882275', 'S021', 5700, 5130, 3.65, 18724.50),
(3215, 'TSS537882275', 'S028', 300, 270, 9.00, 2430.00),
(3216, 'TSS537882275', 'S031', 1000, 900, 0.10, 90.00),
(3217, 'TSS369664555', 'S020', 700, 630, 5.95, 3748.50),
(3218, 'TSS369664555', 'S015', 1900, 1710, 2.95, 5044.50),
(3219, 'TSS369664555', 'S021', 5700, 5130, 0.35, 1795.50),
(3220, 'TSS369664555', 'S044', 12000, 10800, 1.20, 12960.00),
(3221, 'TSS369664555', 'S022', 4700, 4230, 0.50, 2115.00),
(3222, 'TSS369664555', 'S005', 2000, 1800, 2.15, 3870.00),
(3223, 'TSS369664555', 'S045', 1000, 900, 16.95, 15255.00),
(3224, 'TSS277883433', 'S001', 5500, 4950, 1.70, 8415.00),
(3225, 'TSS277883433', 'S015', 1900, 1710, 7.45, 12739.50),
(3226, 'TSS277883433', 'S005', 2000, 1800, 1.55, 2790.00),
(3227, 'TSS277883433', 'S020', 700, 630, 0.95, 598.50),
(3228, 'TSS277883433', 'S008', 3500, 3150, 0.30, 945.00),
(3229, 'TSS277883433', 'S006', 600, 540, 0.20, 108.00),
(3230, 'TSS277883433', 'S031', 1000, 900, 0.20, 180.00),
(3231, 'TSS552399698', 'S001', 5500, 4950, 1.10, 5445.00),
(3232, 'TSS552399698', 'S008', 3500, 3150, 0.20, 630.00),
(3233, 'TSS552399698', 'S005', 2000, 1800, 4.50, 8100.00),
(3234, 'TSS552399698', 'S035', 4000, 3600, 2.25, 8100.00),
(3235, 'TSS552399698', 'S005', 2000, 1800, 2.95, 5310.00),
(3246, 'TSS316126560', 'S015', 1900, 1710, 3.95, 6754.50),
(3247, 'TSS316126560', 'S033', 4000, 3600, 1.15, 4140.00),
(3248, 'TSS316126560', 'S003', 6000, 5400, 1.10, 5940.00),
(3249, 'TSS316126560', 'S006', 600, 540, 0.20, 108.00),
(3250, 'TSS316126560', 'S058', 1800, 1620, 0.55, 891.00),
(3251, 'TSS316126560', 'S020', 700, 630, 0.30, 189.00),
(3252, 'TSS316126560', 'S009', 6000, 5400, 0.45, 2430.00),
(3253, 'TSS316126560', 'S005', 2000, 1800, 0.95, 1710.00),
(3254, 'TSS316126560', 'S008', 3500, 3150, 0.15, 472.50),
(3255, 'TSS316126560', 'S029', 400, 360, 0.65, 234.00),
(3256, 'TSS316126560', 'S050', 1500, 1350, 0.25, 337.50),
(3257, 'TSS316126560', 'S057', 1500, 1350, 0.40, 540.00),
(3258, 'TSS768198457', 'S002', 2400, 2160, 0.95, 2052.00),
(3259, 'TSS768198457', 'S004', 3500, 3150, 0.15, 472.50),
(3260, 'TSS768198457', 'S020', 700, 630, 0.75, 472.50),
(3261, 'TSS768198457', 'S005', 2000, 1800, 0.05, 90.00),
(3262, 'TSS894521628', 'S031', 1000, 900, 0.85, 765.00),
(3263, 'TSS894521628', 'S002', 2400, 2160, 0.75, 1620.00),
(3264, 'TSS975906362', 'S033', 4000, 3600, 0.60, 2160.00),
(3265, 'TSS975906362', 'S005', 2000, 1800, 0.60, 1080.00),
(3266, 'TSS975906362', 'S005', 2000, 1800, 1.95, 3510.00),
(3267, 'TSS975906362', 'S032', 3500, 3150, 2.00, 6300.00),
(3268, 'TSS011027025', 'S001', 5500, 4950, 2.55, 12622.50),
(3269, 'TSS011027025', 'S005', 2000, 1800, 6.50, 11700.00),
(3270, 'TSS011027025', 'S020', 700, 630, 4.60, 2898.00),
(3271, 'TSS011027025', 'S015', 1900, 1710, 9.10, 15561.00),
(3272, 'TSS011027025', 'S003', 6000, 5400, 1.05, 5670.00),
(3273, 'TSS011027025', 'S006', 600, 540, 1.65, 891.00),
(3274, 'TSS011027025', 'S029', 400, 360, 4.20, 1512.00),
(3275, 'TSS011027025', 'S057', 1500, 1350, 0.25, 337.50),
(3276, 'TSS011027025', 'S058', 1800, 1620, 4.60, 7452.00),
(3277, 'TSS011027025', 'S031', 1000, 900, 0.75, 675.00),
(3278, 'TSS011027025', 'S017', 1500, 1350, 2.15, 2902.50),
(3279, 'TSS011027025', 'S023', 4000, 3600, 2.20, 7920.00),
(3280, 'TSS011027025', 'S008', 3500, 3150, 1.35, 4252.50),
(3281, 'TSS011027025', 'S009', 6000, 5400, 0.30, 1620.00),
(3303, 'TSS507881535', 'S001', 5500, 4950, 1.90, 9405.00),
(3304, 'TSS507881535', 'S005', 2000, 1800, 1.90, 3420.00),
(3305, 'TSS507881535', 'S058', 1800, 1620, 1.70, 2754.00),
(3306, 'TSS507881535', 'S019', 2500, 2250, 0.35, 787.50),
(3307, 'TSS507881535', 'S020', 700, 630, 0.10, 63.00),
(3308, 'TSS507881535', 'S007', 4000, 3600, 0.15, 540.00),
(3309, 'TSS507881535', 'S061', 1000, 900, 0.85, 765.00),
(3310, 'TSS507881535', 'S006', 600, 540, 0.40, 216.00),
(3311, 'TSS507881535', 'S015', 1900, 1710, 11.70, 20007.00),
(3312, 'TSS507881535', 'S003', 6000, 5400, 0.15, 810.00),
(3313, 'TSS507881535', 'S059', 10000, 9000, 2.00, 18000.00),
(3314, 'TSS003128712', 'S005', 2000, 1800, 4.35, 7830.00),
(3315, 'TSS003128712', 'S015', 1900, 1710, 35.05, 59935.50),
(3323, 'TSS362228002', 'S001', 5500, 4950, 1.75, 8662.50),
(3324, 'TSS362228002', 'S024', 19000, 17100, 0.25, 4275.00),
(3325, 'TSS362228002', 'S058', 1800, 1620, 2.90, 4698.00),
(3326, 'TSS362228002', 'S005', 2000, 1800, 1.40, 2520.00),
(3327, 'TSS362228002', 'S015', 1900, 1710, 6.35, 10858.50),
(3328, 'TSS362228002', 'S029', 400, 360, 1.65, 594.00),
(3333, 'TSS590875529', 'S015', 1900, 1710, 65.45, 111919.50),
(3334, 'TSS590875529', 'S005', 2000, 1800, 2.50, 4500.00),
(3335, 'TSS590875529', 'S058', 1800, 1620, 10.55, 17091.00),
(3336, 'TSS094301132', 'S050', 1500, 1350, 4.15, 5602.50),
(3337, 'TSS094301132', 'S015', 1900, 1710, 52.40, 89604.00),
(3338, 'TSS094301132', 'S001', 5500, 4950, 4.40, 21780.00),
(3339, 'TSS094301132', 'S058', 1800, 1620, 3.85, 6237.00),
(3340, 'TSS094301132', 'S005', 2000, 1800, 11.30, 20340.00),
(3341, 'TSS094301132', 'S023', 4000, 3600, 2.40, 8640.00),
(3342, 'TSS094301132', 'S005', 2000, 1800, 3.05, 5490.00),
(3343, 'TSS094301132', 'S037', 5000, 4500, 0.65, 2925.00),
(3344, 'TSS094301132', 'S029', 400, 360, 2.65, 954.00),
(3345, 'TSS094301132', 'S003', 6000, 5400, 1.55, 8370.00),
(3346, 'TSS959154111', 'S002', 2400, 2160, 1.15, 2484.00),
(3347, 'TSS959154111', 'S001', 5500, 4950, 3.90, 19305.00),
(3348, 'TSS959154111', 'S005', 2000, 1800, 2.25, 4050.00),
(3349, 'TSS959154111', 'S005', 2000, 1800, 4.35, 7830.00),
(3350, 'TSS253534404', 'S020', 700, 630, 2.45, 1543.50),
(3351, 'TSS253534404', 'S005', 2000, 1800, 1.95, 3510.00),
(3352, 'TSS253534404', 'S001', 5500, 4950, 0.70, 3465.00),
(3353, 'TSS253534404', 'S007', 4000, 3600, 1.70, 6120.00),
(3354, 'TSS253534404', 'S050', 1500, 1350, 1.80, 2430.00),
(3355, 'TSS253534404', 'S006', 600, 540, 1.20, 648.00),
(3356, 'TSS253534404', 'S013', 2800, 2520, 0.30, 756.00),
(3357, 'TSS253534404', 'S003', 6000, 5400, 0.30, 1620.00),
(3358, 'TSS253534404', 'S015', 1900, 1710, 1.35, 2308.50),
(3359, 'TSS253534404', 'S031', 1000, 900, 0.50, 450.00),
(3360, 'TSS253534404', 'S008', 3500, 3150, 0.20, 630.00),
(3361, 'TSS253534404', 'S033', 4000, 3600, 5.20, 18720.00),
(3369, 'TSS488515630', 'S017', 1500, 1350, 2.10, 2835.00),
(3370, 'TSS488515630', 'S015', 1900, 1710, 5.20, 8892.00),
(3371, 'TSS488515630', 'S020', 700, 630, 2.00, 1260.00),
(3372, 'TSS488515630', 'S031', 1000, 900, 0.55, 495.00),
(3373, 'TSS488515630', 'S023', 4000, 3600, 1.70, 6120.00),
(3374, 'TSS488515630', 'S001', 5500, 4950, 0.85, 4207.50),
(3375, 'TSS488515630', 'S029', 400, 360, 1.15, 414.00),
(3376, 'TSS620313361', 'S015', 1900, 1710, 8.85, 15133.50),
(3377, 'TSS620313361', 'S058', 1800, 1620, 4.05, 6561.00),
(3378, 'TSS620313361', 'S017', 1500, 1350, 3.05, 4117.50),
(3379, 'TSS620313361', 'S024', 19000, 17100, 0.30, 5130.00),
(3380, 'TSS620313361', 'S023', 4000, 3600, 0.85, 3060.00),
(3381, 'TSS620313361', 'S009', 6000, 5400, 0.25, 1350.00),
(3382, 'TSS620313361', 'S008', 3500, 3150, 0.50, 1575.00),
(3383, 'TSS620313361', 'S003', 6000, 5400, 3.30, 17820.00),
(3384, 'TSS620313361', 'S013', 2800, 2520, 1.40, 3528.00),
(3385, 'TSS620313361', 'S031', 1000, 900, 1.05, 945.00),
(3386, 'TSS620313361', 'S001', 5500, 4950, 4.50, 22275.00),
(3387, 'TSS620313361', 'S012', 5500, 4950, 1.50, 7425.00),
(3388, 'TSS620313361', 'S005', 2000, 1800, 4.10, 7380.00),
(3389, 'TSS498147023', 'S031', 1000, 900, 1.60, 1440.00),
(3390, 'TSS498147023', 'S017', 1500, 1350, 5.05, 6817.50),
(3391, 'TSS498147023', 'S008', 3500, 3150, 0.25, 787.50),
(3392, 'TSS498147023', 'S021', 5700, 5130, 3.65, 18724.50),
(3393, 'TSS498147023', 'S022', 4700, 4230, 6.60, 27918.00),
(3394, 'TSS498147023', 'S003', 6000, 5400, 0.25, 1350.00),
(3395, 'TSS498147023', 'S005', 2000, 1800, 1.85, 3330.00),
(3396, 'TSS498147023', 'S002', 2400, 2160, 0.70, 1512.00),
(3397, 'TSS498147023', 'S015', 1900, 1710, 7.55, 12910.50),
(3398, 'TSS498147023', 'S058', 1800, 1620, 1.65, 2673.00),
(3399, 'TSS498147023', 'S032', 3500, 3150, 1.00, 3150.00),
(3400, 'TSS140848216', 'S005', 2000, 1800, 7.30, 13140.00),
(3401, 'TSS140848216', 'S001', 5000, 4500, 2.75, 12375.00),
(3402, 'TSS140848216', 'S015', 2100, 1890, 12.70, 24003.00),
(3403, 'TSS140848216', 'S031', 1000, 900, 1.15, 1035.00),
(3404, 'TSS140848216', 'S032', 3500, 3150, 7.30, 22995.00),
(3405, 'TSS140848216', 'S006', 500, 450, 0.60, 270.00),
(3406, 'TSS140848216', 'S029', 400, 360, 5.10, 1836.00),
(3407, 'TSS140848216', 'S058', 1500, 1350, 6.15, 8302.50),
(3408, 'TSS140848216', 'S023', 4000, 3600, 1.30, 4680.00),
(3409, 'TSS140848216', 'S007', 4000, 3600, 2.20, 7920.00),
(3410, 'TSS485175647', 'S015', 2100, 1890, 15.65, 29578.50),
(3411, 'TSS485175647', 'S017', 1500, 1350, 9.25, 12487.50),
(3412, 'TSS485175647', 'S024', 18000, 16200, 1.45, 23490.00),
(3413, 'TSS485175647', 'S001', 5000, 4500, 9.50, 42750.00),
(3414, 'TSS485175647', 'S020', 700, 630, 1.45, 913.50),
(3415, 'TSS485175647', 'S050', 1500, 1350, 2.10, 2835.00),
(3416, 'TSS485175647', 'S005', 2000, 1800, 2.50, 4500.00),
(3417, 'TSS485175647', 'S006', 500, 450, 0.95, 427.50),
(3418, 'TSS485175647', 'S008', 3500, 3150, 1.20, 3780.00),
(3419, 'TSS485175647', 'S029', 400, 360, 1.00, 360.00),
(3420, 'TSS485175647', 'S003', 5000, 4500, 0.70, 3150.00),
(3421, 'TSS485175647', 'S013', 2800, 2520, 0.40, 1008.00),
(3422, 'TSS256095973', 'S015', 2100, 1890, 27.70, 52353.00),
(3423, 'TSS256095973', 'S001', 5000, 4500, 1.25, 5625.00),
(3424, 'TSS989297833', 'S001', 5000, 4500, 0.55, 2475.00),
(3425, 'TSS989297833', 'S005', 2000, 1800, 0.85, 1530.00),
(3426, 'TSS989297833', 'S023', 4000, 3600, 0.05, 180.00),
(3427, 'TSS989297833', 'S008', 3500, 3150, 0.10, 315.00),
(3428, 'TSS989297833', 'S015', 2100, 1890, 1.05, 1984.50),
(3429, 'TSS989297833', 'S003', 5000, 4500, 0.75, 3375.00),
(3430, 'TSS989297833', 'S006', 500, 450, 1.05, 472.50),
(3432, 'TSS305801804', 'S015', 2100, 1890, 2.10, 3969.00),
(3433, 'TSS305801804', 'S001', 5000, 4500, 3.95, 17775.00),
(3434, 'TSS305801804', 'S023', 4000, 3600, 1.85, 6660.00),
(3435, 'TSS305801804', 'S013', 2800, 2520, 5.60, 14112.00),
(3436, 'TSS305801804', 'S021', 5500, 4950, 1.85, 9157.50),
(3437, 'TSS305801804', 'S003', 5000, 4500, 1.55, 6975.00),
(3438, 'TSS305801804', 'S024', 18000, 16200, 0.25, 4050.00),
(3439, 'TSS305801804', 'S008', 3500, 3150, 0.55, 1732.50),
(3440, 'TSS305801804', 'S058', 1500, 1350, 3.30, 4455.00),
(3441, 'TSS305801804', 'S031', 1000, 900, 1.30, 1170.00),
(3442, 'TSS305801804', 'S017', 1500, 1350, 2.35, 3172.50),
(3443, 'TSS305801804', 'S059', 10000, 9000, 3.25, 29250.00),
(3447, 'TSS889506786', 'S023', 4000, 3600, 1.55, 5580.00),
(3448, 'TSS889506786', 'S001', 5000, 4500, 1.65, 7425.00),
(3449, 'TSS157925749', 'S023', 4000, 3600, 2.05, 7380.00),
(3450, 'TSS157925749', 'S001', 5000, 4500, 1.35, 6075.00),
(3451, 'TSS157925749', 'S006', 500, 450, 1.05, 472.50),
(3452, 'TSS157925749', 'S015', 2100, 1890, 4.25, 8032.50),
(3453, 'TSS698057216', 'S005', 2000, 1800, 1.05, 1890.00),
(3454, 'TSS698057216', 'S029', 400, 360, 2.60, 936.00),
(3455, 'TSS698057216', 'S015', 2100, 1890, 4.85, 9166.50),
(3456, 'TSS698057216', 'S017', 1500, 1350, 1.95, 2632.50),
(3457, 'TSS698057216', 'S012', 5500, 4950, 14.30, 70785.00),
(3458, 'TSS698057216', 'S023', 4000, 3600, 0.15, 540.00),
(3459, 'TSS698057216', 'S058', 1500, 1350, 0.05, 67.50),
(3460, 'TSS698057216', 'S005', 2000, 1800, 0.40, 720.00),
(3461, 'TSS893827383', 'S015', 2100, 1890, 5.45, 10300.50),
(3462, 'TSS893827383', 'S005', 2000, 1800, 0.65, 1170.00),
(3463, 'TSS893827383', 'S023', 4000, 3600, 0.75, 2700.00),
(3464, 'TSS893827383', 'S031', 1000, 900, 0.70, 630.00),
(3465, 'TSS177673478', 'S031', 1000, 900, 0.40, 360.00),
(3466, 'TSS177673478', 'S058', 1500, 1350, 1.10, 1485.00),
(3467, 'TSS177673478', 'S001', 5000, 4500, 1.10, 4950.00),
(3468, 'TSS177673478', 'S032', 3500, 3150, 5.50, 17325.00),
(3469, 'TSS177673478', 'S021', 5500, 4950, 38.05, 188347.50),
(3475, 'TSS319464634', 'S024', 18000, 16200, 0.20, 3240.00),
(3476, 'TSS319464634', 'S001', 5000, 4500, 1.90, 8550.00),
(3477, 'TSS319464634', 'S017', 1500, 1350, 6.50, 8775.00),
(3478, 'TSS319464634', 'S015', 2100, 1890, 5.05, 9544.50),
(3479, 'TSS319464634', 'S018', 3500, 3150, 6.15, 19372.50),
(3480, 'TSS319464634', 'S005', 2000, 1800, 5.60, 10080.00),
(3484, 'TSS101414966', 'S015', 2100, 1890, 76.55, 144679.50),
(3485, 'TSS101414966', 'S058', 1500, 1350, 12.80, 17280.00),
(3486, 'TSS101414966', 'S005', 2000, 1800, 3.90, 7020.00),
(3501, 'TSS580137213', 'S033', 4000, 3600, 4.90, 17640.00),
(3502, 'TSS580137213', 'S007', 4000, 3600, 1.20, 4320.00),
(3503, 'TSS580137213', 'S005', 2000, 1800, 2.00, 3600.00),
(3504, 'TSS580137213', 'S020', 700, 630, 1.90, 1197.00),
(3505, 'TSS580137213', 'S031', 1000, 900, 0.80, 720.00),
(3506, 'TSS580137213', 'S013', 2800, 2520, 0.70, 1764.00),
(3507, 'TSS580137213', 'S001', 5000, 4500, 0.75, 3375.00),
(3508, 'TSS580137213', 'S050', 1500, 1350, 0.45, 607.50),
(3509, 'TSS580137213', 'S003', 5000, 4500, 0.20, 900.00),
(3510, 'TSS580137213', 'S057', 1500, 1350, 2.15, 2902.50),
(3511, 'TSS580137213', 'S008', 3500, 3150, 0.20, 630.00),
(3512, 'TSS580137213', 'S023', 4000, 3600, 0.50, 1800.00),
(3513, 'TSS580137213', 'S015', 2100, 1890, 1.75, 3307.50),
(3514, 'TSS580137213', 'S006', 500, 450, 2.30, 1035.00),
(3521, 'TSS463516329', 'S058', 1500, 1350, 2.95, 3982.50),
(3522, 'TSS463516329', 'S031', 1000, 900, 0.25, 225.00),
(3523, 'TSS463516329', 'S005', 2000, 1800, 0.90, 1620.00),
(3524, 'TSS463516329', 'S001', 5000, 4500, 2.65, 11925.00),
(3525, 'TSS463516329', 'S015', 2100, 1890, 3.45, 6520.50),
(3526, 'TSS866031785', 'S001', 5000, 4500, 0.95, 4275.00),
(3527, 'TSS866031785', 'S009', 6000, 5400, 0.70, 3780.00),
(3528, 'TSS866031785', 'S008', 3500, 3150, 0.20, 630.00),
(3529, 'TSS866031785', 'S005', 2000, 1800, 1.05, 1890.00),
(3530, 'TSS866031785', 'S031', 1000, 900, 0.50, 450.00),
(3531, 'TSS866031785', 'S023', 4000, 3600, 0.90, 3240.00),
(3532, 'TSS866031785', 'S029', 400, 360, 1.10, 396.00),
(3533, 'TSS866031785', 'S015', 2100, 1890, 8.90, 16821.00),
(3547, 'TSS645931123', 'S001', 5000, 4500, 2.00, 9000.00),
(3548, 'TSS645931123', 'S005', 2000, 1800, 3.15, 5670.00),
(3549, 'TSS645931123', 'S012', 5500, 4950, 0.30, 1485.00),
(3550, 'TSS645931123', 'S009', 6000, 5400, 0.25, 1350.00),
(3551, 'TSS645931123', 'S029', 400, 360, 0.55, 198.00),
(3552, 'TSS645931123', 'S031', 1000, 900, 0.05, 45.00),
(3553, 'TSS645931123', 'S023', 4000, 3600, 0.15, 540.00),
(3554, 'TSS645931123', 'S020', 700, 630, 2.80, 1764.00),
(3555, 'TSS645931123', 'S003', 5000, 4500, 0.10, 450.00),
(3556, 'TSS645931123', 'S007', 4000, 3600, 0.15, 540.00),
(3557, 'TSS645931123', 'S006', 500, 450, 0.20, 90.00),
(3558, 'TSS645931123', 'S051', 2000, 1800, 0.10, 180.00),
(3559, 'TSS645931123', 'S059', 10000, 9000, 1.90, 17100.00),
(3560, 'TSS645931123', 'S062', 700, 630, 3.00, 1890.00),
(3562, 'TSS029357975', 'S058', 1500, 1350, 1.25, 1687.50),
(3563, 'TSS029357975', 'S023', 4000, 3600, 0.75, 2700.00),
(3564, 'TSS029357975', 'S051', 2000, 1800, 0.45, 810.00),
(3565, 'TSS029357975', 'S005', 2000, 1800, 0.75, 1350.00),
(3566, 'TSS029357975', 'S006', 500, 450, 0.25, 112.50),
(3567, 'TSS029357975', 'S001', 5000, 4500, 0.15, 675.00),
(3568, 'TSS029357975', 'S009', 6000, 5400, 0.20, 1080.00),
(3569, 'TSS029357975', 'S008', 3500, 3150, 0.05, 157.50),
(3570, 'TSS856962707', 'S023', 4000, 3600, 1.00, 3600.00),
(3571, 'TSS856962707', 'S006', 500, 450, 3.95, 1777.50),
(3572, 'TSS856962707', 'S009', 6000, 5400, 0.25, 1350.00),
(3573, 'TSS856962707', 'S005', 2000, 1800, 3.40, 6120.00),
(3574, 'TSS912137189', 'S015', 2100, 1890, 12.70, 24003.00),
(3575, 'TSS912137189', 'S050', 1500, 1350, 2.65, 3577.50),
(3576, 'TSS912137189', 'S032', 3500, 3150, 10.00, 31500.00),
(3577, 'TSS630729064', 'S015', 2100, 1890, 4.95, 9355.50),
(3578, 'TSS630729064', 'S006', 500, 450, 1.15, 517.50),
(3579, 'TSS630729064', 'S023', 4000, 3600, 0.85, 3060.00),
(3580, 'TSS630729064', 'S005', 2000, 1800, 1.00, 1800.00),
(3581, 'TSS630729064', 'S009', 6000, 5400, 0.40, 2160.00),
(3582, 'TSS630729064', 'S021', 5500, 4950, 3.85, 19057.50),
(3583, 'TSS630729064', 'S058', 1500, 1350, 0.60, 810.00),
(3584, 'TSS630729064', 'S017', 1500, 1350, 3.50, 4725.00),
(3585, 'TSS630729064', 'S032', 3500, 3150, 5.50, 17325.00),
(3586, 'TSS674486059', 'S015', 2100, 1890, 7.95, 15025.50),
(3587, 'TSS674486059', 'S032', 3500, 3150, 1.00, 3150.00),
(3588, 'TSS674486059', 'S029', 400, 360, 1.75, 630.00),
(3589, 'TSS674486059', 'S031', 1000, 900, 1.40, 1260.00),
(3590, 'TSS674486059', 'S059', 10000, 9000, 2.75, 24750.00),
(3591, 'TSS674486059', 'S023', 4000, 3600, 0.90, 3240.00),
(3592, 'TSS674486059', 'S005', 2000, 1800, 3.70, 6660.00),
(3593, 'TSS674486059', 'S001', 5000, 4500, 0.35, 1575.00),
(3594, 'TSS674486059', 'S003', 5000, 4500, 0.40, 1800.00),
(3595, 'TSS674486059', 'S020', 700, 630, 0.80, 504.00),
(3596, 'TSS674486059', 'S058', 1500, 1350, 4.25, 5737.50),
(3597, 'TSS674486059', 'S006', 500, 450, 0.20, 90.00),
(3598, 'TSS674486059', 'S007', 4000, 3600, 0.45, 1620.00),
(3599, 'TSS674486059', 'S050', 1500, 1350, 0.30, 405.00),
(3611, 'TSS874778634', 'S005', 2000, 1800, 1.20, 2160.00),
(3612, 'TSS874778634', 'S020', 700, 630, 0.90, 567.00),
(3613, 'TSS874778634', 'S050', 1500, 1350, 0.75, 1012.50),
(3614, 'TSS874778634', 'S015', 2100, 1890, 19.30, 36477.00),
(3615, 'TSS874778634', 'S058', 1500, 1350, 1.85, 2497.50),
(3621, 'TSS116392283', 'S005', 2000, 1800, 1.85, 3330.00),
(3622, 'TSS116392283', 'S023', 4000, 3600, 1.00, 3600.00),
(3623, 'TSS116392283', 'S001', 5000, 4500, 1.10, 4950.00),
(3624, 'TSS116392283', 'S003', 5000, 4500, 0.50, 2250.00),
(3625, 'TSS116392283', 'S015', 2100, 1890, 5.25, 9922.50),
(3626, 'TSS116392283', 'S058', 1500, 1350, 2.40, 3240.00),
(3632, 'TSS428777904', 'S005', 2000, 1800, 2.15, 3870.00),
(3633, 'TSS428777904', 'S001', 5000, 4500, 0.50, 2250.00),
(3634, 'TSS428777904', 'S050', 1500, 1350, 0.65, 877.50),
(3635, 'TSS428777904', 'S020', 700, 630, 1.70, 1071.00),
(3636, 'TSS428777904', 'S015', 2100, 1890, 0.65, 1228.50),
(3637, 'TSS428777904', 'S023', 4000, 3600, 0.85, 3060.00),
(3638, 'TSS428777904', 'S058', 1500, 1350, 1.80, 2430.00),
(3649, 'TSS909081805', 'S001', 5000, 4500, 1.20, 5400.00),
(3650, 'TSS909081805', 'S005', 2000, 1800, 3.75, 6750.00),
(3651, 'TSS909081805', 'S015', 2100, 1890, 8.50, 16065.00),
(3652, 'TSS029432305', 'S015', 2100, 1890, 17.00, 32130.00),
(3653, 'TSS336715967', 'S015', 2100, 1890, 12.45, 23530.50),
(3654, 'TSS336715967', 'S031', 1000, 900, 0.55, 495.00),
(3655, 'TSS336715967', 'S005', 2000, 1800, 2.50, 4500.00),
(3656, 'TSS336715967', 'S005', 2000, 1800, 2.05, 3690.00),
(3657, 'TSS336715967', 'S002', 2400, 2160, 1.45, 3132.00),
(3658, 'TSS336715967', 'S032', 3500, 3150, 2.00, 6300.00),
(3659, 'TSS763036770', 'S015', 2100, 1890, 6.40, 12096.00),
(3660, 'TSS763036770', 'S050', 1500, 1350, 1.80, 2430.00),
(3661, 'TSS763036770', 'S005', 2000, 1800, 3.30, 5940.00),
(3662, 'TSS763036770', 'S007', 4000, 3600, 3.90, 14040.00),
(3663, 'TSS763036770', 'S033', 4000, 3600, 1.95, 7020.00),
(3664, 'TSS763036770', 'S008', 3500, 3150, 0.50, 1575.00),
(3665, 'TSS763036770', 'S024', 18000, 16200, 1.70, 27540.00),
(3666, 'TSS763036770', 'S029', 400, 360, 4.65, 1674.00),
(3667, 'TSS763036770', 'S028', 300, 270, 2.00, 540.00),
(3668, 'TSS763036770', 'S059', 10000, 9000, 2.15, 19350.00),
(3669, 'TSS872621178', 'S058', 1500, 1350, 6.75, 9112.50),
(3670, 'TSS872621178', 'S039', 15000, 13500, 1.00, 13500.00),
(3671, 'TSS872621178', 'S015', 2100, 1890, 22.80, 43092.00),
(3672, 'TSS872621178', 'S023', 4000, 3600, 1.60, 5760.00),
(3721, 'TSS716701688', 'S033', 4000, 3600, 1.65, 5940.00),
(3722, 'TSS716701688', 'S015', 2100, 1890, 4.85, 9166.50),
(3723, 'TSS716701688', 'S001', 5000, 4500, 0.50, 2250.00),
(3724, 'TSS716701688', 'S050', 1500, 1350, 0.15, 202.50),
(3725, 'TSS716701688', 'S023', 4000, 3600, 0.35, 1260.00),
(3726, 'TSS716701688', 'S006', 500, 450, 0.05, 22.50),
(3727, 'TSS716701688', 'S031', 1000, 900, 0.15, 135.00),
(3728, 'TSS716701688', 'S058', 1500, 1350, 0.50, 675.00),
(3729, 'TSS716701688', 'S020', 700, 630, 0.20, 126.00),
(3730, 'TSS716701688', 'S024', 18000, 16200, 0.05, 810.00),
(3731, 'TSS716701688', 'S005', 2000, 1800, 4.00, 7200.00),
(3732, 'TSS716701688', 'S029', 400, 360, 1.05, 378.00),
(3733, 'TSS991884114', 'S015', 2100, 1890, 4.80, 9072.00),
(3734, 'TSS991884114', 'S001', 5000, 4500, 0.35, 1575.00),
(3735, 'TSS991884114', 'S005', 2000, 1800, 0.60, 1080.00),
(3736, 'TSS991884114', 'S020', 700, 630, 0.15, 94.50),
(3737, 'TSS991884114', 'S058', 1500, 1350, 1.45, 1957.50),
(3738, 'TSS357405549', 'S005', 2000, 1800, 3.80, 6840.00),
(3739, 'TSS357405549', 'S015', 2100, 1890, 1.40, 2646.00),
(3740, 'TSS357405549', 'S058', 1500, 1350, 2.45, 3307.50),
(3741, 'TSS357405549', 'S024', 18000, 16200, 0.20, 3240.00),
(3742, 'TSS357405549', 'S009', 6000, 5400, 0.20, 1080.00),
(3743, 'TSS357405549', 'S001', 5000, 4500, 0.15, 675.00),
(3744, 'TSS357405549', 'S029', 400, 360, 1.45, 522.00),
(3745, 'TSS893128036', 'S015', 2100, 1890, 4.90, 9261.00),
(3746, 'TSS893128036', 'S002', 2400, 2160, 2.45, 5292.00),
(3747, 'TSS893128036', 'S023', 4000, 3600, 4.50, 16200.00),
(3748, 'TSS679052525', 'S058', 1500, 1350, 9.05, 12217.50),
(3749, 'TSS679052525', 'S015', 2100, 1890, 10.60, 20034.00),
(3750, 'TSS679052525', 'S001', 5000, 4500, 8.10, 36450.00),
(3751, 'TSS679052525', 'S005', 2000, 1800, 7.35, 13230.00),
(3752, 'TSS679052525', 'S033', 4000, 3600, 0.65, 2340.00),
(3753, 'TSS679052525', 'S009', 6000, 5400, 0.60, 3240.00),
(3754, 'TSS679052525', 'S008', 3500, 3150, 0.45, 1417.50),
(3755, 'TSS679052525', 'S024', 18000, 16200, 0.25, 4050.00),
(3756, 'TSS679052525', 'S006', 500, 450, 1.20, 540.00),
(3757, 'TSS679052525', 'S023', 4000, 3600, 0.45, 1620.00),
(3758, 'TSS441579900', 'S010', 6000, 5400, 3.00, 16200.00),
(3759, 'TSS441579900', 'S015', 2100, 1890, 25.90, 48951.00),
(3760, 'TSS441579900', 'S005', 2000, 1800, 1.80, 3240.00),
(3761, 'TSS441579900', 'S009', 6000, 5400, 4.60, 24840.00),
(3762, 'TSS627735530', 'S021', 5500, 4950, 7.90, 39105.00),
(3763, 'TSS627735530', 'S005', 2000, 1800, 8.60, 15480.00),
(3764, 'TSS627735530', 'S015', 2100, 1890, 6.90, 13041.00),
(3765, 'TSS627735530', 'S058', 1500, 1350, 0.65, 877.50),
(3766, 'TSS627735530', 'S020', 700, 630, 3.90, 2457.00),
(3767, 'TSS627735530', 'S001', 5000, 4500, 1.55, 6975.00),
(3768, 'TSS152768142', 'S015', 2100, 1890, 0.95, 1795.50),
(3769, 'TSS152768142', 'S020', 700, 630, 0.70, 441.00),
(3770, 'TSS152768142', 'S031', 1000, 900, 0.45, 405.00),
(3771, 'TSS152768142', 'S002', 2400, 2160, 0.50, 1080.00),
(3772, 'TSS271461873', 'S015', 2100, 1890, 4.00, 7560.00),
(3773, 'TSS271461873', 'S020', 700, 630, 1.50, 945.00),
(3774, 'TSS271461873', 'S031', 1000, 900, 0.30, 270.00),
(3775, 'TSS271461873', 'S005', 2000, 1800, 1.30, 2340.00),
(3776, 'TSS271461873', 'S002', 2400, 2160, 1.90, 4104.00),
(3777, 'TSS389323416', 'S002', 2400, 2160, 1.80, 3888.00),
(3778, 'TSS389323416', 'S020', 700, 630, 4.95, 3118.50),
(3779, 'TSS389323416', 'S015', 2100, 1890, 4.35, 8221.50),
(3780, 'TSS389323416', 'S005', 2000, 1800, 1.45, 2610.00),
(3791, 'TSS971618629', 'S031', 1000, 900, 1.85, 1665.00),
(3792, 'TSS971618629', 'S023', 4000, 3600, 0.75, 2700.00),
(3793, 'TSS971618629', 'S024', 18000, 16200, 0.45, 7290.00),
(3794, 'TSS971618629', 'S002', 2400, 2160, 2.20, 4752.00),
(3795, 'TSS971618629', 'S005', 2000, 1800, 3.35, 6030.00),
(3796, 'TSS971618629', 'S015', 2100, 1890, 1.90, 3591.00),
(3797, 'TSS928116284', 'S015', 2100, 1890, 3.60, 6804.00),
(3798, 'TSS928116284', 'S058', 1500, 1350, 1.50, 2025.00),
(3799, 'TSS928116284', 'S002', 2400, 2160, 0.25, 540.00),
(3800, 'TSS928116284', 'S005', 2000, 1800, 0.55, 990.00),
(3801, 'TSS736503057', 'S015', 2100, 1890, 1.65, 3118.50),
(3802, 'TSS736503057', 'S024', 18000, 16200, 0.25, 4050.00),
(3803, 'TSS736503057', 'S001', 5000, 4500, 0.65, 2925.00),
(3804, 'TSS736503057', 'S031', 1000, 900, 0.25, 225.00),
(3805, 'TSS736503057', 'S005', 2000, 1800, 1.00, 1800.00),
(3806, 'TSS736503057', 'S009', 6000, 5400, 0.15, 810.00),
(3807, 'TSS736503057', 'S003', 5000, 4500, 0.30, 1350.00),
(3824, 'TSS216715298', 'S015', 2100, 1890, 43.35, 81931.50),
(3825, 'TSS216715298', 'S050', 1500, 1350, 2.20, 2970.00),
(3826, 'TSS216715298', 'S001', 5000, 4500, 5.40, 24300.00),
(3827, 'TSS216715298', 'S005', 2000, 1800, 6.25, 11250.00),
(3828, 'TSS216715298', 'S022', 4500, 4050, 2.35, 9517.50),
(3829, 'TSS216715298', 'S058', 1500, 1350, 3.95, 5332.50),
(3830, 'TSS216715298', 'S039', 15000, 13500, 1.00, 13500.00),
(3831, 'TSS216715298', 'S032', 3500, 3150, 8.00, 25200.00),
(3832, 'TSS216715298', 'S005', 2000, 1800, 10.95, 19710.00),
(3833, 'TSS216715298', 'S031', 1000, 900, 1.20, 1080.00),
(3834, 'TSS216715298', 'S020', 700, 630, 2.05, 1291.50),
(3835, 'TSS216715298', 'S017', 1500, 1350, 9.55, 12892.50),
(3836, 'TSS216715298', 'S023', 4000, 3600, 1.55, 5580.00),
(3837, 'TSS216715298', 'S011', 2500, 2250, 4.95, 11137.50),
(3838, 'TSS216715298', 'S021', 5500, 4950, 6.10, 30195.00),
(3839, 'TSS216715298', 'S029', 400, 360, 2.75, 990.00),
(3862, 'TSS975287132', 'S023', 4000, 3600, 0.70, 2520.00),
(3863, 'TSS975287132', 'S006', 500, 450, 0.55, 247.50),
(3864, 'TSS975287132', 'S031', 1000, 900, 0.10, 90.00),
(3865, 'TSS975287132', 'S005', 2000, 1800, 0.25, 450.00),
(3866, 'TSS975287132', 'S009', 6000, 5400, 0.35, 1890.00),
(3867, 'TSS975287132', 'S003', 5000, 4500, 0.25, 1125.00),
(3868, 'TSS975287132', 'S001', 5000, 4500, 1.25, 5625.00),
(3869, 'TSS975287132', 'S020', 700, 630, 1.75, 1102.50),
(3870, 'TSS975287132', 'S006', 500, 450, 0.15, 67.50),
(3871, 'TSS975287132', 'S015', 2100, 1890, 2.75, 5197.50),
(3872, 'TSS975287132', 'S065', 5500, 4950, 2.55, 12622.50),
(3880, 'TSS951048373', 'S058', 1500, 1350, 0.70, 945.00),
(3881, 'TSS951048373', 'S031', 1000, 900, 0.10, 90.00),
(3882, 'TSS951048373', 'S009', 6000, 5400, 0.23, 1242.00),
(3883, 'TSS951048373', 'S002', 2400, 2160, 0.35, 756.00),
(3884, 'TSS951048373', 'S058', 1500, 1350, 2.05, 2767.50),
(3885, 'TSS951048373', 'S023', 4000, 3600, 1.95, 7020.00),
(3886, 'TSS951048373', 'S032', 3500, 3150, 1.00, 3150.00),
(3889, 'TSS580319061', 'S015', 2100, 1890, 21.75, 41107.50),
(3890, 'TSS580319061', 'S020', 700, 630, 2.85, 1795.50),
(3893, 'TSS832428545', 'S015', 2100, 1890, 18.05, 34114.50),
(3894, 'TSS832428545', 'S002', 2400, 2160, 0.65, 1404.00),
(3905, 'TSS866361745', 'S035', 4000, 3600, 4.45, 16020.00),
(3906, 'TSS866361745', 'S001', 5000, 4500, 0.50, 2250.00),
(3907, 'TSS866361745', 'S005', 2000, 1800, 0.60, 1080.00),
(3908, 'TSS866361745', 'S029', 400, 360, 1.60, 576.00),
(3909, 'TSS866361745', 'S024', 18000, 16200, 0.25, 4050.00),
(3910, 'TSS866361745', 'S009', 6000, 5400, 0.20, 1080.00),
(3911, 'TSS866361745', 'S008', 3500, 3150, 0.15, 472.50),
(3912, 'TSS866361745', 'S018', 3500, 3150, 2.05, 6457.50),
(3913, 'TSS866361745', 'S058', 1500, 1350, 3.95, 5332.50),
(3914, 'TSS866361745', 'S015', 2100, 1890, 3.05, 5764.50),
(3915, 'TSS721498896', 'S015', 2200, 1980, 31.40, 62172.00),
(3916, 'TSS721498896', 'S058', 1800, 1620, 2.60, 4212.00),
(3917, 'TSS721498896', 'S024', 18000, 16200, 2.75, 44550.00),
(3918, 'TSS721498896', 'S029', 400, 360, 2.30, 828.00),
(3919, 'TSS721498896', 'S001', 5500, 4950, 4.25, 21037.50),
(3920, 'TSS721498896', 'S005', 2000, 1800, 3.75, 6750.00),
(3921, 'TSS721498896', 'S007', 4000, 3600, 2.15, 7740.00),
(3922, 'TSS721498896', 'S033', 4000, 3600, 4.65, 16740.00),
(3923, 'TSS355521681', 'S005', 2000, 1800, 7.10, 12780.00),
(3924, 'TSS355521681', 'S001', 5500, 4950, 2.20, 10890.00),
(3925, 'TSS355521681', 'S058', 1800, 1620, 1.70, 2754.00),
(3926, 'TSS355521681', 'S021', 5000, 4500, 4.05, 18225.00),
(3927, 'TSS355521681', 'S031', 1000, 900, 1.80, 1620.00),
(3928, 'TSS355521681', 'S029', 400, 360, 3.65, 1314.00),
(3929, 'TSS355521681', 'S015', 2200, 1980, 4.95, 9801.00),
(3932, 'TSS502335966', 'S020', 700, 630, 0.60, 378.00),
(3933, 'TSS502335966', 'S021', 5000, 4500, 4.35, 19575.00),
(3934, 'TSS502335966', 'S005', 2000, 1800, 2.05, 3690.00),
(3960, 'TSS752924980', 'S005', 2000, 1800, 4.75, 8550.00),
(3961, 'TSS752924980', 'S015', 2200, 1980, 5.10, 10098.00),
(3962, 'TSS752924980', 'S020', 700, 630, 0.95, 598.50),
(3963, 'TSS752924980', 'S031', 1000, 900, 0.95, 855.00),
(3964, 'TSS752924980', 'S013', 2800, 2520, 2.40, 6048.00),
(3965, 'TSS752924980', 'S005', 2000, 1800, 1.10, 1980.00),
(3966, 'TSS752924980', 'S003', 6000, 5400, 1.05, 5670.00),
(3967, 'TSS752924980', 'S001', 5500, 4950, 4.90, 24255.00),
(3968, 'TSS752924980', 'S023', 3800, 3420, 0.45, 1539.00),
(3969, 'TSS752924980', 'S009', 6000, 5400, 0.15, 810.00),
(3970, 'TSS752924980', 'S008', 3500, 3150, 0.55, 1732.50),
(3971, 'TSS752924980', 'S024', 18000, 16200, 0.25, 4050.00),
(3972, 'TSS752924980', 'S022', 4000, 3600, 6.00, 21600.00),
(3973, 'TSS795487144', 'S024', 18000, 16200, 1.80, 29160.00),
(3974, 'TSS795487144', 'S001', 5500, 4950, 11.20, 55440.00),
(3975, 'TSS795487144', 'S005', 2000, 1800, 8.80, 15840.00),
(3976, 'TSS715523624', 'S007', 4000, 3600, 5.95, 21420.00),
(3977, 'TSS715523624', 'S001', 5500, 4950, 4.90, 24255.00),
(3978, 'TSS715523624', 'S021', 5000, 4500, 4.10, 18450.00),
(3979, 'TSS715523624', 'S015', 2200, 1980, 14.90, 29502.00),
(3980, 'TSS715523624', 'S020', 700, 630, 2.85, 1795.50),
(3981, 'TSS715523624', 'S005', 2000, 1800, 5.80, 10440.00),
(3987, 'TSS801973780', 'S031', 1000, 900, 0.35, 315.00),
(3988, 'TSS801973780', 'S032', 3500, 3150, 5.00, 15750.00),
(3989, 'TSS801973780', 'S015', 2200, 1980, 2.30, 4554.00),
(3990, 'TSS801973780', 'S044', 12000, 10800, 9.25, 99900.00),
(4003, 'TSS479420521', 'S038', 4000, 3600, 5.85, 21060.00),
(4004, 'TSS479420521', 'S015', 2200, 1980, 3.75, 7425.00),
(4005, 'TSS479420521', 'S001', 5500, 4950, 0.35, 1732.50),
(4006, 'TSS479420521', 'S006', 600, 540, 0.30, 162.00),
(4007, 'TSS479420521', 'S005', 2000, 1800, 2.80, 5040.00),
(4008, 'TSS479420521', 'S022', 4000, 3600, 0.35, 1260.00),
(4009, 'TSS479420521', 'S023', 3800, 3420, 1.95, 6669.00),
(4010, 'TSS568364905', 'S058', 1800, 1620, 5.45, 8829.00),
(4011, 'TSS568364905', 'S015', 2200, 1980, 6.00, 11880.00),
(4012, 'TSS568364905', 'S009', 6000, 5400, 0.20, 1080.00),
(4013, 'TSS568364905', 'S008', 3500, 3150, 0.15, 472.50),
(4014, 'TSS568364905', 'S001', 5500, 4950, 1.05, 5197.50),
(4015, 'TSS568364905', 'S029', 400, 360, 2.45, 882.00),
(4016, 'TSS568364905', 'S005', 2000, 1800, 1.30, 2340.00),
(4017, 'TSS568364905', 'S023', 3800, 3420, 0.15, 513.00),
(4018, 'TSS568364905', 'S006', 600, 540, 0.20, 108.00),
(4019, 'TSS568364905', 'S021', 5000, 4500, 1.00, 4500.00),
(4030, 'TSS928069612', 'S001', 5500, 4950, 2.95, 14602.50),
(4031, 'TSS928069612', 'S033', 4000, 3600, 0.50, 1800.00),
(4032, 'TSS928069612', 'S006', 600, 540, 0.15, 81.00),
(4033, 'TSS928069612', 'S003', 6000, 5400, 0.35, 1890.00),
(4034, 'TSS928069612', 'S008', 3500, 3150, 0.25, 787.50),
(4035, 'TSS928069612', 'S009', 6000, 5400, 0.45, 2430.00),
(4036, 'TSS928069612', 'S020', 700, 630, 0.75, 472.50),
(4037, 'TSS928069612', 'S021', 5000, 4500, 7.55, 33975.00),
(4038, 'TSS928069612', 'S005', 2000, 1800, 2.45, 4410.00),
(4039, 'TSS928069612', 'S024', 18000, 16200, 0.40, 6480.00),
(4040, 'TSS928069612', 'S015', 2200, 1980, 5.30, 10494.00),
(4044, 'TSS604520179', 'S001', 5500, 4950, 2.60, 12870.00),
(4045, 'TSS604520179', 'S020', 700, 630, 8.55, 5386.50),
(4046, 'TSS604520179', 'S015', 2200, 1980, 129.65, 256707.00),
(4047, 'TSS191188630', 'S001', 5500, 4950, 3.60, 17820.00),
(4048, 'TSS191188630', 'S015', 2200, 1980, 84.30, 166914.00),
(4049, 'TSS191188630', 'S058', 1800, 1620, 6.35, 10287.00),
(4053, 'TSS581272205', 'S020', 700, 630, 1.40, 882.00),
(4054, 'TSS581272205', 'S001', 5500, 4950, 0.60, 2970.00),
(4055, 'TSS581272205', 'S023', 3800, 3420, 5.45, 18639.00),
(4094, 'TSS647181622', 'S015', 2200, 1980, 3.70, 7326.00),
(4095, 'TSS647181622', 'S021', 5000, 4500, 14.70, 66150.00),
(4096, 'TSS647181622', 'S020', 700, 630, 0.80, 504.00),
(4097, 'TSS647181622', 'S031', 1000, 900, 0.70, 630.00),
(4098, 'TSS647181622', 'S022', 4000, 3600, 1.25, 4500.00),
(4099, 'TSS647181622', 'S001', 5500, 4950, 0.15, 742.50),
(4100, 'TSS647181622', 'S050', 1500, 1350, 0.25, 337.50),
(4101, 'TSS647181622', 'S007', 4000, 3600, 0.45, 1620.00),
(4102, 'TSS647181622', 'S006', 600, 540, 0.10, 54.00),
(4103, 'TSS647181622', 'S005', 2000, 1800, 1.65, 2970.00),
(4104, 'TSS647181622', 'S003', 6000, 5400, 0.15, 810.00),
(4105, 'TSS647181622', 'S013', 2800, 2520, 0.15, 378.00),
(4106, 'TSS647181622', 'S023', 3800, 3420, 0.55, 1881.00),
(4107, 'TSS647181622', 'S058', 1800, 1620, 3.35, 5427.00),
(4108, 'TSS647181622', 'S005', 2000, 1800, 3.55, 6390.00),
(4109, 'TSS647181622', 'S064', 5000, 4500, 1.60, 7200.00),
(4110, 'TSS378891323', 'S015', 2200, 1980, 44.70, 88506.00),
(4111, 'TSS378891323', 'S005', 2000, 1800, 4.35, 7830.00),
(4112, 'TSS378891323', 'S050', 1500, 1350, 8.65, 11677.50),
(4113, 'TSS495792143', 'S001', 5500, 4950, 1.80, 8910.00),
(4114, 'TSS495792143', 'S005', 2000, 1800, 1.40, 2520.00),
(4123, 'TSS973194456', 'S015', 2200, 1980, 1.70, 3366.00),
(4124, 'TSS973194456', 'S020', 700, 630, 0.50, 315.00),
(4125, 'TSS973194456', 'S022', 4000, 3600, 0.55, 1980.00),
(4126, 'TSS973194456', 'S018', 4000, 3600, 5.85, 21060.00),
(4127, 'TSS973194456', 'S001', 5500, 4950, 1.25, 6187.50),
(4128, 'TSS973194456', 'S005', 2000, 1800, 2.55, 4590.00),
(4129, 'TSS973194456', 'S023', 3800, 3420, 0.40, 1368.00),
(4130, 'TSS973194456', 'S032', 3500, 3150, 5.00, 15750.00),
(4131, 'TSS745673637', 'S015', 2200, 1980, 16.20, 32076.00),
(4132, 'TSS745673637', 'S001', 5500, 4950, 0.60, 2970.00),
(4133, 'TSS745673637', 'S029', 400, 360, 1.50, 540.00),
(4134, 'TSS745673637', 'S003', 6000, 5400, 0.25, 1350.00),
(4135, 'TSS745673637', 'S020', 700, 630, 0.75, 472.50),
(4136, 'TSS745673637', 'S005', 2000, 1800, 3.00, 5400.00),
(4137, 'TSS745673637', 'S006', 600, 540, 0.60, 324.00),
(4138, 'TSS745673637', 'S009', 6000, 5400, 0.10, 540.00),
(4139, 'TSS745673637', 'S008', 3500, 3150, 0.25, 787.50),
(4160, 'TSS850637157', 'S015', 2200, 1980, 6.40, 12672.00),
(4161, 'TSS850637157', 'S021', 5000, 4500, 4.35, 19575.00),
(4162, 'TSS850637157', 'S058', 1800, 1620, 2.40, 3888.00),
(4163, 'TSS850637157', 'S001', 5500, 4950, 0.75, 3712.50),
(4164, 'TSS850637157', 'S003', 6000, 5400, 0.30, 1620.00),
(4165, 'TSS850637157', 'S008', 3500, 3150, 0.10, 315.00),
(4166, 'TSS850637157', 'S009', 6000, 5400, 0.40, 2160.00),
(4167, 'TSS850637157', 'S005', 2000, 1800, 5.85, 10530.00),
(4168, 'TSS850637157', 'S050', 1500, 1350, 0.60, 810.00),
(4169, 'TSS850637157', 'S024', 18000, 16200, 0.20, 3240.00),
(4171, 'TSS874435515', 'S005', 2000, 1800, 4.65, 8370.00),
(4172, 'TSS181049326', 'S050', 1500, 1350, 2.30, 3105.00),
(4173, 'TSS181049326', 'S015', 2200, 1980, 36.90, 73062.00),
(4174, 'TSS181049326', 'S005', 2000, 1800, 2.50, 4500.00),
(4175, 'TSS181049326', 'S058', 1800, 1620, 4.65, 7533.00),
(4176, 'TSS181049326', 'S005', 2000, 1800, 7.75, 13950.00),
(4177, 'TSS181049326', 'S022', 4000, 3600, 1.45, 5220.00),
(4178, 'TSS181049326', 'S012', 5500, 4950, 0.25, 1237.50),
(4185, 'TSS557910610', 'S042', 1500, 1350, 2.70, 3645.00),
(4186, 'TSS557910610', 'S022', 4000, 3600, 5.65, 20340.00),
(4187, 'TSS557910610', 'S009', 6000, 5400, 0.60, 3240.00),
(4188, 'TSS557910610', 'S020', 700, 630, 0.60, 378.00),
(4189, 'TSS557910610', 'S005', 2000, 1800, 1.55, 2790.00),
(4190, 'TSS557910610', 'S006', 600, 540, 0.30, 162.00),
(4191, 'TSS481692490', 'S015', 2200, 1980, 11.50, 22770.00),
(4192, 'TSS481692490', 'S058', 1800, 1620, 1.60, 2592.00),
(4193, 'TSS481692490', 'S002', 2400, 2160, 9.65, 20844.00),
(4194, 'TSS481692490', 'S029', 400, 360, 3.20, 1152.00),
(4195, 'TSS481692490', 'S031', 1000, 900, 0.60, 540.00),
(4196, 'TSS481692490', 'S008', 3500, 3150, 0.75, 2362.50),
(4197, 'TSS846262641', 'S006', 600, 540, 0.70, 378.00);
INSERT INTO `setor_sampah` (`no`, `id_transaksi`, `id_sampah`, `harga_pusat`, `harga`, `jumlah_kg`, `jumlah_rp`) VALUES
(4198, 'TSS846262641', 'S002', 2400, 2160, 0.90, 1944.00),
(4199, 'TSS846262641', 'S058', 1800, 1620, 1.10, 1782.00),
(4200, 'TSS846262641', 'S019', 2500, 2250, 0.15, 337.50),
(4201, 'TSS846262641', 'S015', 2200, 1980, 1.00, 1980.00),
(4208, 'TSS036148578', 'S031', 1000, 900, 0.10, 90.00),
(4209, 'TSS036148578', 'S008', 3500, 3150, 0.60, 1890.00),
(4210, 'TSS036148578', 'S006', 600, 540, 0.25, 135.00),
(4211, 'TSS036148578', 'S029', 400, 360, 2.55, 918.00),
(4212, 'TSS036148578', 'S020', 700, 630, 0.75, 472.50),
(4213, 'TSS036148578', 'S005', 2000, 1800, 1.15, 2070.00),
(4214, 'TSS036148578', 'S032', 3500, 3150, 4.00, 12600.00),
(4216, 'TSS789723756', 'S015', 2200, 1980, 14.25, 28215.00),
(4217, 'TSS719314500', 'S058', 1800, 1620, 1.05, 1701.00),
(4218, 'TSS719314500', 'S002', 2400, 2160, 0.40, 864.00),
(4219, 'TSS719314500', 'S015', 2200, 1980, 4.25, 8415.00),
(4220, 'TSS442581101', 'S015', 2200, 1980, 1.60, 3168.00),
(4221, 'TSS442581101', 'S058', 1800, 1620, 0.80, 1296.00),
(4222, 'TSS442581101', 'S001', 5500, 4950, 0.20, 990.00),
(4223, 'TSS442581101', 'S029', 400, 360, 2.50, 900.00),
(4224, 'TSS850617164', 'S015', 2200, 1980, 8.90, 17622.00),
(4225, 'TSS850617164', 'S022', 4000, 3600, 0.90, 3240.00),
(4226, 'TSS850617164', 'S005', 2000, 1800, 1.75, 3150.00),
(4227, 'TSS850617164', 'S032', 3500, 3150, 2.50, 7875.00),
(4228, 'TSS446381796', 'S001', 5500, 4950, 1.35, 6682.50),
(4229, 'TSS446381796', 'S005', 2000, 1800, 4.45, 8010.00),
(4230, 'TSS446381796', 'S015', 2200, 1980, 3.20, 6336.00),
(4231, 'TSS446381796', 'S010', 7000, 6300, 11.00, 69300.00),
(4232, 'TSS446381796', 'S021', 5000, 4500, 6.40, 28800.00),
(4233, 'TSS446381796', 'S020', 700, 630, 1.25, 787.50),
(4234, 'TSS446381796', 'S023', 3800, 3420, 1.30, 4446.00),
(4235, 'TSS744354197', 'S020', 700, 630, 0.75, 472.50),
(4236, 'TSS744354197', 'S005', 2000, 1800, 1.60, 2880.00),
(4237, 'TSS744354197', 'S015', 2200, 1980, 0.65, 1287.00),
(4238, 'TSS744354197', 'S032', 3500, 3150, 2.50, 7875.00),
(4239, 'TSS301143323', 'S005', 2000, 1800, 3.20, 5760.00),
(4240, 'TSS301143323', 'S020', 700, 630, 0.70, 441.00),
(4241, 'TSS460434259', 'S015', 2200, 1980, 5.40, 10692.00),
(4242, 'TSS460434259', 'S050', 1500, 1350, 0.35, 472.50),
(4243, 'TSS460434259', 'S020', 700, 630, 0.40, 252.00),
(4244, 'TSS460434259', 'S005', 2000, 1800, 0.95, 1710.00),
(4245, 'TSS460434259', 'S058', 1800, 1620, 2.75, 4455.00),
(4261, 'TSS724414885', 'S015', 2200, 1980, 7.75, 15345.00),
(4262, 'TSS724414885', 'S020', 700, 630, 0.85, 535.50),
(4263, 'TSS724414885', 'S006', 600, 540, 0.20, 108.00),
(4264, 'TSS724414885', 'S005', 2000, 1800, 0.85, 1530.00),
(4265, 'TSS724414885', 'S058', 1800, 1620, 2.80, 4536.00),
(4266, 'TSS724414885', 'S050', 1500, 1350, 0.35, 472.50),
(4267, 'TSS335938720', 'S023', 3800, 3420, 1.45, 4959.00),
(4268, 'TSS335938720', 'S005', 2000, 1800, 1.60, 2880.00),
(4269, 'TSS335938720', 'S050', 1500, 1350, 1.60, 2160.00),
(4270, 'TSS335938720', 'S015', 2200, 1980, 2.50, 4950.00),
(4271, 'TSS335938720', 'S019', 2500, 2250, 1.60, 3600.00),
(4272, 'TSS335938720', 'S031', 1000, 900, 0.25, 225.00),
(4273, 'TSS335938720', 'S001', 5500, 4950, 2.30, 11385.00),
(4274, 'TSS817607914', 'S050', 1500, 1350, 3.65, 4927.50),
(4275, 'TSS817607914', 'S005', 2000, 1800, 5.80, 10440.00),
(4276, 'TSS817607914', 'S015', 2200, 1980, 3.55, 7029.00),
(4277, 'TSS817607914', 'S020', 700, 630, 0.70, 441.00),
(4278, 'TSS817607914', 'S044', 12000, 10800, 0.65, 7020.00),
(4279, 'TSS817607914', 'S029', 400, 360, 2.70, 972.00),
(4280, 'TSS817607914', 'S033', 4000, 3600, 1.55, 5580.00),
(4281, 'TSS817607914', 'S001', 5500, 4950, 0.85, 4207.50),
(4282, 'TSS817607914', 'S006', 600, 540, 0.40, 216.00),
(4283, 'TSS817607914', 'S003', 6000, 5400, 0.25, 1350.00),
(4284, 'TSS703142985', 'S015', 2200, 1980, 1.90, 3762.00),
(4285, 'TSS703142985', 'S005', 2000, 1800, 1.10, 1980.00),
(4286, 'TSS703142985', 'S020', 700, 630, 4.10, 2583.00),
(4287, 'TSS703142985', 'S050', 1500, 1350, 1.25, 1687.50),
(4288, 'TSS094792980', 'S002', 2400, 2160, 2.45, 5292.00),
(4289, 'TSS094792980', 'S050', 1500, 1350, 5.05, 6817.50),
(4290, 'TSS044864183', 'S015', 2200, 1980, 10.25, 20295.00),
(4291, 'TSS044864183', 'S024', 18000, 16200, 8.15, 132030.00),
(4292, 'TSS044864183', 'S005', 2000, 1800, 1.85, 3330.00),
(4293, 'TSS044864183', 'S001', 5500, 4950, 0.60, 2970.00),
(4294, 'TSS044864183', 'S031', 1000, 900, 0.40, 360.00),
(4295, 'TSS044864183', 'S020', 700, 630, 1.45, 913.50),
(4296, 'TSS044864183', 'S008', 3500, 3150, 0.35, 1102.50),
(4297, 'TSS044864183', 'S050', 1500, 1350, 0.30, 405.00),
(4298, 'TSS044864183', 'S024', 18000, 16200, 0.20, 3240.00),
(4299, 'TSS634207408', 'S015', 1600, 1440, 12.45, 17928.00),
(4300, 'TSS634207408', 'S001', 4800, 4320, 1.15, 4968.00),
(4301, 'TSS634207408', 'S005', 1600, 1440, 1.20, 1728.00),
(4302, 'TSS634207408', 'S023', 3000, 2700, 0.85, 2295.00),
(4303, 'TSS634207408', 'S031', 1000, 900, 0.70, 630.00),
(4304, 'TSS634207408', 'S012', 4800, 4320, 3.30, 14256.00),
(4305, 'TSS274348756', 'S001', 4800, 4320, 3.15, 13608.00),
(4306, 'TSS274348756', 'S024', 18000, 16200, 0.25, 4050.00),
(4307, 'TSS274348756', 'S023', 3000, 2700, 0.75, 2025.00),
(4308, 'TSS274348756', 'S015', 1600, 1440, 8.15, 11736.00),
(4309, 'TSS274348756', 'S058', 1000, 900, 1.95, 1755.00),
(4310, 'TSS274348756', 'S005', 1600, 1440, 5.30, 7632.00),
(4311, 'TSS274348756', 'S021', 4800, 4320, 0.50, 2160.00),
(4312, 'TSS274348756', 'S027', 24000, 21600, 0.35, 7560.00),
(4313, 'TSS274348756', 'S009', 5000, 4500, 0.45, 2025.00),
(4314, 'TSS274348756', 'S008', 3000, 2700, 1.45, 3915.00),
(5234, 'TSS182031516', 'S015', 1600, 1440, 1.20, 1728.00),
(5235, 'TSS182031516', 'S005', 1600, 1440, 1.85, 2664.00),
(5236, 'TSS182031516', 'S012', 4800, 4320, 1.80, 7776.00),
(5237, 'TSS059506399', 'S015', 1600, 1440, 41.60, 59904.00),
(5238, 'TSS059506399', 'S031', 1000, 900, 1.10, 990.00),
(5239, 'TSS059506399', 'S006', 500, 450, 0.45, 202.50),
(5240, 'TSS059506399', 'S007', 4000, 3600, 2.20, 7920.00),
(5241, 'TSS059506399', 'S023', 3000, 2700, 5.00, 13500.00),
(5242, 'TSS059506399', 'S058', 1000, 900, 9.65, 8685.00),
(5243, 'TSS059506399', 'S024', 18000, 16200, 0.45, 7290.00),
(5244, 'TSS059506399', 'S029', 300, 270, 6.05, 1633.50),
(5245, 'TSS059506399', 'S005', 1600, 1440, 17.65, 25416.00),
(5246, 'TSS059506399', 'S008', 3000, 2700, 0.85, 2295.00),
(5247, 'TSS059506399', 'S009', 5000, 4500, 0.60, 2700.00),
(5248, 'TSS059506399', 'S001', 4800, 4320, 3.40, 14688.00),
(5249, 'TSS059506399', 'S032', 3500, 3150, 5.00, 15750.00),
(5250, 'TSS306484950', 'S032', 3500, 3150, 3.00, 9450.00),
(5251, 'TSS836992317', 'S001', 4800, 4320, 4.35, 18792.00),
(5252, 'TSS836992317', 'S005', 1600, 1440, 1.70, 2448.00),
(5253, 'TSS836992317', 'S023', 3000, 2700, 1.20, 3240.00),
(5263, 'TSS601871635', 'S015', 1600, 1440, 8.90, 12816.00),
(5264, 'TSS601871635', 'S058', 1000, 900, 1.95, 1755.00),
(5265, 'TSS601871635', 'S005', 1600, 1440, 3.25, 4680.00),
(5266, 'TSS601871635', 'S002', 2400, 2160, 1.50, 3240.00),
(5267, 'TSS601871635', 'S032', 3500, 3150, 5.00, 15750.00),
(5268, 'TSS883544719', 'S050', 1500, 1350, 2.95, 3982.50),
(5269, 'TSS883544719', 'S001', 4800, 4320, 7.30, 31536.00),
(5270, 'TSS883544719', 'S003', 4800, 4320, 2.20, 9504.00),
(5271, 'TSS883544719', 'S013', 2800, 2520, 1.50, 3780.00),
(5272, 'TSS883544719', 'S023', 3000, 2700, 5.45, 14715.00),
(5273, 'TSS883544719', 'S005', 1600, 1440, 7.55, 10872.00),
(5274, 'TSS883544719', 'S020', 600, 540, 3.15, 1701.00),
(5275, 'TSS883544719', 'S058', 1000, 900, 5.80, 5220.00),
(5276, 'TSS883544719', 'S021', 4800, 4320, 5.25, 22680.00),
(5277, 'TSS262647602', 'S015', 1600, 1440, 33.60, 48384.00),
(5278, 'TSS262647602', 'S058', 1000, 900, 12.20, 10980.00),
(5279, 'TSS262647602', 'S008', 3000, 2700, 0.95, 2565.00),
(5280, 'TSS262647602', 'S009', 5000, 4500, 1.15, 5175.00),
(5281, 'TSS262647602', 'S001', 4800, 4320, 6.85, 29592.00),
(5282, 'TSS262647602', 'S003', 4800, 4320, 0.65, 2808.00),
(5283, 'TSS262647602', 'S021', 4800, 4320, 14.75, 63720.00),
(5284, 'TSS262647602', 'S006', 500, 450, 1.65, 742.50),
(5285, 'TSS998040479', 'S001', 4800, 4320, 3.20, 13824.00),
(5286, 'TSS998040479', 'S058', 1000, 900, 1.30, 1170.00),
(5287, 'TSS998040479', 'S029', 300, 270, 4.75, 1282.50),
(5288, 'TSS998040479', 'S005', 1600, 1440, 1.80, 2592.00),
(5289, 'TSS998040479', 'S005', 1600, 1440, 1.60, 2304.00),
(5290, 'TSS998040479', 'S015', 1600, 1440, 11.40, 16416.00),
(5291, 'TSS764770383', 'S015', 1600, 1440, 70.70, 101808.00),
(5292, 'TSS764770383', 'S059', 10000, 9000, 2.00, 18000.00),
(5293, 'TSS764770383', 'S058', 1000, 900, 1.35, 1215.00),
(5294, 'TSS764770383', 'S032', 3500, 3150, 1.50, 4725.00),
(5295, 'TSS764770383', 'S008', 3000, 2700, 0.75, 2025.00),
(5296, 'TSS764770383', 'S009', 5000, 4500, 0.30, 1350.00),
(5297, 'TSS764770383', 'S003', 4800, 4320, 0.30, 1296.00),
(5298, 'TSS764770383', 'S006', 500, 450, 0.55, 247.50),
(5299, 'TSS764770383', 'S029', 300, 270, 1.95, 526.50),
(5300, 'TSS764770383', 'S023', 3000, 2700, 1.85, 4995.00),
(5301, 'TSS764770383', 'S001', 4800, 4320, 4.00, 17280.00),
(5302, 'TSS764770383', 'S005', 1600, 1440, 2.80, 4032.00),
(5303, 'TSS764770383', 'S051', 2000, 1800, 0.15, 270.00),
(5304, 'TSS764770383', 'S031', 1000, 900, 0.10, 90.00),
(5305, 'TSS181817410', 'S015', 1600, 1440, 3.60, 5184.00),
(5306, 'TSS181817410', 'S006', 500, 450, 0.75, 337.50),
(5307, 'TSS181817410', 'S058', 1000, 900, 2.65, 2385.00),
(5308, 'TSS181817410', 'S023', 3000, 2700, 2.00, 5400.00),
(5309, 'TSS181817410', 'S024', 18000, 16200, 0.15, 2430.00),
(5310, 'TSS181817410', 'S005', 1600, 1440, 0.45, 648.00),
(5311, 'TSS181817410', 'S001', 4800, 4320, 1.80, 7776.00),
(5312, 'TSS181817410', 'S029', 300, 270, 0.95, 256.50),
(5313, 'TSS181817410', 'S008', 3000, 2700, 0.40, 1080.00),
(5314, 'TSS964402784', 'S024', 18000, 16200, 1.80, 29160.00),
(5315, 'TSS964402784', 'S005', 1600, 1440, 6.95, 10008.00),
(5316, 'TSS964402784', 'S006', 500, 450, 1.60, 720.00),
(5317, 'TSS964402784', 'S029', 300, 270, 3.30, 891.00),
(5318, 'TSS964402784', 'S003', 4800, 4320, 3.10, 13392.00),
(5319, 'TSS964402784', 'S021', 4800, 4320, 6.05, 26136.00),
(5320, 'TSS964402784', 'S058', 1000, 900, 1.35, 1215.00),
(5321, 'TSS964402784', 'S031', 1000, 900, 0.40, 360.00),
(5322, 'TSS964402784', 'S037', 5000, 4500, 0.55, 2475.00),
(5323, 'TSS964402784', 'S013', 2800, 2520, 0.60, 1512.00),
(5324, 'TSS964402784', 'S001', 4800, 4320, 39.10, 168912.00),
(5325, 'TSS964402784', 'S007', 4000, 3600, 11.20, 40320.00),
(5326, 'TSS964402784', 'S008', 3000, 2700, 3.20, 8640.00),
(5327, 'TSS964402784', 'S009', 5000, 4500, 0.65, 2925.00),
(5328, 'TSS964402784', 'S023', 3000, 2700, 3.65, 9855.00),
(5329, 'TSS964402784', 'S005', 1600, 1440, 3.80, 5472.00),
(5330, 'TSS964402784', 'S015', 1600, 1440, 50.95, 73368.00),
(5331, 'TSS122806750', 'S063', 10000, 9000, 3.15, 28350.00),
(5332, 'TSS122806750', 'S005', 1600, 1440, 7.65, 11016.00),
(5333, 'TSS122806750', 'S015', 1600, 1440, 22.35, 32184.00),
(5334, 'TSS122806750', 'S029', 300, 270, 2.75, 742.50),
(5335, 'TSS122806750', 'S009', 5000, 4500, 0.45, 2025.00),
(5336, 'TSS122806750', 'S008', 3000, 2700, 0.15, 405.00),
(5337, 'TSS122806750', 'S023', 3000, 2700, 2.15, 5805.00),
(5338, 'TSS122806750', 'S031', 1000, 900, 0.70, 630.00),
(5339, 'TSS122806750', 'S001', 4800, 4320, 2.20, 9504.00),
(5363, 'TSS592830830', 'S033', 3500, 3150, 2.50, 7875.00),
(5364, 'TSS592830830', 'S006', 500, 450, 0.25, 112.50),
(5365, 'TSS592830830', 'S013', 2800, 2520, 0.20, 504.00),
(5366, 'TSS592830830', 'S003', 4800, 4320, 0.20, 864.00),
(5367, 'TSS592830830', 'S008', 3000, 2700, 0.25, 675.00),
(5368, 'TSS592830830', 'S029', 300, 270, 2.75, 742.50),
(5369, 'TSS592830830', 'S031', 1000, 900, 0.35, 315.00),
(5370, 'TSS592830830', 'S005', 1600, 1440, 2.65, 3816.00),
(5371, 'TSS592830830', 'S022', 3800, 3420, 2.00, 6840.00),
(5372, 'TSS592830830', 'S001', 4800, 4320, 1.45, 6264.00),
(5373, 'TSS592830830', 'S015', 1600, 1440, 4.90, 7056.00),
(5374, 'TSS592830830', 'S024', 18000, 16200, 0.40, 6480.00),
(5375, 'TSS592830830', 'S010', 4000, 3600, 3.00, 10800.00),
(5376, 'TSS592830830', 'S012', 4800, 4320, 0.60, 2592.00),
(5377, 'TSS621934093', 'S001', 4800, 4320, 6.55, 28296.00),
(5378, 'TSS621934093', 'S005', 1600, 1440, 10.85, 15624.00),
(5379, 'TSS621934093', 'S013', 2800, 2520, 1.90, 4788.00),
(5380, 'TSS621934093', 'S023', 3000, 2700, 1.10, 2970.00),
(5381, 'TSS621934093', 'S003', 4800, 4320, 1.65, 7128.00),
(5382, 'TSS621934093', 'S059', 10000, 9000, 1.10, 9900.00),
(5383, 'TSS621934093', 'S008', 3000, 2700, 0.75, 2025.00),
(5384, 'TSS621934093', 'S009', 5000, 4500, 0.30, 1350.00),
(5385, 'TSS621934093', 'S024', 18000, 16200, 0.40, 6480.00),
(5386, 'TSS621934093', 'S015', 1600, 1440, 9.35, 13464.00),
(5387, 'TSS621934093', 'S032', 3500, 3150, 1.00, 3150.00),
(5388, 'TSS362331538', 'S051', 2000, 1800, 1.30, 2340.00),
(5389, 'TSS362331538', 'S019', 2500, 2250, 2.60, 5850.00),
(5390, 'TSS362331538', 'S023', 3000, 2700, 14.35, 38745.00),
(5391, 'TSS362331538', 'S012', 4800, 4320, 1.80, 7776.00),
(5392, 'TSS362331538', 'S029', 300, 270, 7.25, 1957.50),
(5393, 'TSS362331538', 'S050', 1500, 1350, 3.55, 4792.50),
(5394, 'TSS362331538', 'S015', 1600, 1440, 48.65, 70056.00),
(5395, 'TSS362331538', 'S020', 600, 540, 7.45, 4023.00),
(5396, 'TSS362331538', 'S007', 4000, 3600, 1.80, 6480.00),
(5397, 'TSS362331538', 'S005', 1600, 1440, 24.75, 35640.00),
(5398, 'TSS362331538', 'S001', 4800, 4320, 16.35, 70632.00),
(5399, 'TSS112808277', 'S021', 4800, 4320, 2.30, 9936.00),
(5400, 'TSS112808277', 'S058', 1000, 900, 1.60, 1440.00),
(5401, 'TSS112808277', 'S015', 1600, 1440, 27.30, 39312.00),
(5402, 'TSS112808277', 'S003', 4800, 4320, 0.20, 864.00),
(5403, 'TSS112808277', 'S001', 4800, 4320, 0.30, 1296.00),
(5404, 'TSS112808277', 'S029', 300, 270, 2.70, 729.00),
(5405, 'TSS112808277', 'S005', 1600, 1440, 2.45, 3528.00),
(5406, 'TSS112808277', 'S009', 5000, 4500, 0.25, 1125.00),
(5407, 'TSS872249899', 'S001', 4800, 4320, 2.95, 12744.00),
(5408, 'TSS872249899', 'S005', 1600, 1440, 2.10, 3024.00),
(5409, 'TSS872249899', 'S029', 300, 270, 2.85, 769.50),
(5410, 'TSS322198977', 'S033', 3500, 3150, 5.70, 17955.00),
(5411, 'TSS322198977', 'S050', 1500, 1350, 3.25, 4387.50),
(5412, 'TSS322198977', 'S005', 1600, 1440, 2.40, 3456.00),
(5413, 'TSS322198977', 'S020', 600, 540, 3.85, 2079.00),
(5414, 'TSS322198977', 'S001', 4800, 4320, 0.70, 3024.00),
(5415, 'TSS322198977', 'S015', 1600, 1440, 2.10, 3024.00),
(5416, 'TSS322198977', 'S006', 500, 450, 1.85, 832.50),
(5417, 'TSS322198977', 'S028', 300, 270, 2.00, 540.00),
(5418, 'TSS322198977', 'S029', 300, 270, 1.05, 283.50),
(5419, 'TSS322198977', 'S032', 3500, 3150, 1.00, 3150.00),
(5420, 'TSS322198977', 'S008', 3000, 2700, 0.15, 405.00),
(5421, 'TSS322198977', 'S059', 10000, 9000, 1.45, 13050.00),
(5422, 'TSS791060626', 'S015', 1600, 1440, 22.10, 31824.00),
(5423, 'TSS791060626', 'S021', 4800, 4320, 10.00, 43200.00),
(5424, 'TSS791060626', 'S050', 1500, 1350, 2.35, 3172.50),
(5425, 'TSS791060626', 'S024', 18000, 16200, 0.55, 8910.00),
(5426, 'TSS791060626', 'S058', 1000, 900, 0.85, 765.00),
(5427, 'TSS791060626', 'S001', 4800, 4320, 2.45, 10584.00),
(5428, 'TSS791060626', 'S003', 4800, 4320, 0.35, 1512.00),
(5429, 'TSS791060626', 'S037', 5000, 4500, 0.30, 1350.00),
(5430, 'TSS791060626', 'S005', 1600, 1440, 1.75, 2520.00),
(5431, 'TSS791060626', 'S029', 300, 270, 3.65, 985.50),
(5432, 'TSS791060626', 'S023', 3000, 2700, 1.45, 3915.00),
(5433, 'TSS761714277', 'S001', 4800, 4320, 0.55, 2376.00),
(5434, 'TSS761714277', 'S009', 5000, 4500, 0.25, 1125.00),
(5435, 'TSS761714277', 'S015', 1600, 1440, 3.95, 5688.00),
(5436, 'TSS761714277', 'S058', 1000, 900, 0.70, 630.00),
(5437, 'TSS761714277', 'S005', 1600, 1440, 2.25, 3240.00),
(5438, 'TSS107689234', 'S021', 4800, 4320, 13.55, 58536.00),
(5439, 'TSS107689234', 'S023', 3000, 2700, 1.35, 3645.00),
(5440, 'TSS107689234', 'S020', 600, 540, 1.90, 1026.00),
(5441, 'TSS107689234', 'S029', 300, 270, 4.85, 1309.50),
(5442, 'TSS107689234', 'S005', 1600, 1440, 2.45, 3528.00),
(5443, 'TSS107689234', 'S001', 4800, 4320, 0.70, 3024.00),
(5444, 'TSS107689234', 'S015', 1600, 1440, 8.95, 12888.00),
(5457, 'TSS085797793', 'S001', 4800, 4320, 4.65, 20088.00),
(5458, 'TSS085797793', 'S005', 1600, 1440, 6.40, 9216.00),
(5459, 'TSS085797793', 'S015', 1600, 1440, 26.50, 38160.00),
(5460, 'TSS085797793', 'S050', 1500, 1350, 3.15, 4252.50),
(5461, 'TSS085797793', 'S008', 3000, 2700, 0.40, 1080.00),
(5462, 'TSS085797793', 'S009', 5000, 4500, 0.35, 1575.00),
(5463, 'TSS085797793', 'S023', 3000, 2700, 1.80, 4860.00),
(5464, 'TSS085797793', 'S031', 1000, 900, 1.30, 1170.00),
(5465, 'TSS085797793', 'S003', 4800, 4320, 1.00, 4320.00),
(5466, 'TSS085797793', 'S037', 5000, 4500, 0.50, 2250.00),
(5467, 'TSS085797793', 'S024', 18000, 16200, 0.20, 3240.00),
(5468, 'TSS085797793', 'S012', 4800, 4320, 0.65, 2808.00),
(5469, 'TSS085797793', 'S006', 500, 450, 0.75, 337.50),
(5470, 'TSS085797793', 'S058', 1000, 900, 1.90, 1710.00),
(5471, 'TSS085797793', 'S029', 300, 270, 3.85, 1039.50),
(5472, 'TSS085797793', 'S028', 300, 270, 3.00, 810.00),
(5473, 'TSS085797793', 'S032', 3500, 3150, 2.00, 6300.00),
(5474, 'TSS498684453', 'S015', 1600, 1440, 19.50, 28080.00),
(5475, 'TSS498684453', 'S058', 1000, 900, 0.65, 585.00),
(5476, 'TSS498684453', 'S023', 3000, 2700, 0.15, 405.00),
(5477, 'TSS498684453', 'S005', 1600, 1440, 0.70, 1008.00),
(5478, 'TSS498684453', 'S009', 5000, 4500, 0.20, 900.00),
(5479, 'TSS498684453', 'S008', 3000, 2700, 0.05, 135.00),
(5480, 'TSS498684453', 'S031', 1000, 900, 0.15, 135.00),
(5481, 'TSS498684453', 'S001', 4800, 4320, 0.60, 2592.00),
(5482, 'TSS454984864', 'S050', 1500, 1350, 8.45, 11407.50),
(5483, 'TSS454984864', 'S015', 1600, 1440, 2.65, 3816.00),
(5484, 'TSS454984864', 'S028', 300, 270, 11.00, 2970.00),
(5485, 'TSS454984864', 'S029', 300, 270, 9.10, 2457.00),
(5486, 'TSS454984864', 'S020', 600, 540, 1.50, 810.00),
(5487, 'TSS454984864', 'S033', 3500, 3150, 1.45, 4567.50),
(5488, 'TSS454984864', 'S003', 4800, 4320, 0.20, 864.00),
(5489, 'TSS454984864', 'S013', 2800, 2520, 0.50, 1260.00),
(5490, 'TSS454984864', 'S006', 500, 450, 0.85, 382.50),
(5491, 'TSS783848001', 'S015', 1600, 1440, 91.75, 132120.00),
(5492, 'TSS783848001', 'S005', 1600, 1440, 7.80, 11232.00),
(5493, 'TSS783848001', 'S002', 2400, 2160, 5.20, 11232.00),
(5494, 'TSS896409911', 'S002', 2400, 2160, 2.15, 4644.00),
(5495, 'TSS896409911', 'S023', 3000, 2700, 1.85, 4995.00),
(5496, 'TSS896409911', 'S005', 1600, 1440, 6.35, 9144.00),
(5497, 'TSS896409911', 'S015', 1600, 1440, 12.70, 18288.00),
(5498, 'TSS896409911', 'S021', 4800, 4320, 3.95, 17064.00),
(5499, 'TSS192117278', 'S015', 1600, 1440, 5.10, 7344.00),
(5500, 'TSS192117278', 'S005', 1600, 1440, 3.95, 5688.00),
(5501, 'TSS102976746', 'S023', 3000, 2700, 4.30, 11610.00),
(5502, 'TSS102976746', 'S058', 1000, 900, 0.85, 765.00),
(5503, 'TSS102976746', 'S001', 4800, 4320, 1.65, 7128.00),
(5504, 'TSS102976746', 'S006', 500, 450, 0.75, 337.50),
(5505, 'TSS102976746', 'S009', 5000, 4500, 0.20, 900.00),
(5506, 'TSS102976746', 'S008', 3000, 2700, 0.50, 1350.00),
(5507, 'TSS403327806', 'S015', 1600, 1440, 4.75, 6840.00),
(5508, 'TSS403327806', 'S005', 1600, 1440, 3.00, 4320.00),
(5509, 'TSS403327806', 'S001', 4800, 4320, 1.40, 6048.00),
(5510, 'TSS394694719', 'S023', 3000, 2700, 1.85, 4995.00),
(5511, 'TSS394694719', 'S005', 1600, 1440, 4.40, 6336.00),
(5512, 'TSS394694719', 'S006', 500, 450, 0.50, 225.00),
(5513, 'TSS394694719', 'S001', 4800, 4320, 1.05, 4536.00),
(5514, 'TSS394694719', 'S005', 1600, 1440, 2.25, 3240.00),
(5515, 'TSS394694719', 'S021', 4800, 4320, 1.05, 4536.00),
(5516, 'TSS641952092', 'S015', 1600, 1440, 7.30, 10512.00),
(5517, 'TSS641952092', 'S005', 1600, 1440, 2.10, 3024.00),
(5518, 'TSS641952092', 'S058', 1000, 900, 1.00, 900.00),
(5519, 'TSS641952092', 'S002', 2400, 2160, 1.00, 2160.00),
(5520, 'TSS641952092', 'S006', 500, 450, 0.20, 90.00),
(5521, 'TSS641952092', 'S003', 4800, 4320, 0.30, 1296.00),
(5522, 'TSS801444318', 'S005', 1600, 1440, 5.80, 8352.00),
(5523, 'TSS801444318', 'S032', 3500, 3150, 2.00, 6300.00),
(5524, 'TSS801444318', 'S059', 10000, 9000, 1.10, 9900.00),
(5525, 'TSS964746032', 'S005', 1600, 1440, 7.45, 10728.00),
(5526, 'TSS964746032', 'S002', 2400, 2160, 5.05, 10908.00),
(5527, 'TSS964746032', 'S058', 1000, 900, 18.00, 16200.00),
(5528, 'TSS964746032', 'S015', 1600, 1440, 144.95, 208728.00),
(5529, 'TSS964746032', 'S032', 3500, 3150, 4.00, 12600.00),
(5530, 'TSS380306439', 'S002', 2400, 2160, 1.60, 3456.00),
(5531, 'TSS380306439', 'S058', 1000, 900, 0.45, 405.00),
(5532, 'TSS380306439', 'S005', 1600, 1440, 0.95, 1368.00),
(5533, 'TSS380306439', 'S031', 1000, 900, 0.50, 450.00),
(5534, 'TSS380306439', 'S021', 4800, 4320, 10.25, 44280.00),
(5535, 'TSS659543342', 'S003', 4800, 4320, 1.85, 7992.00),
(5536, 'TSS659543342', 'S001', 4800, 4320, 7.90, 34128.00),
(5537, 'TSS659543342', 'S005', 1600, 1440, 7.00, 10080.00),
(5538, 'TSS659543342', 'S024', 18000, 16200, 2.05, 33210.00),
(5539, 'TSS659543342', 'S020', 600, 540, 6.80, 3672.00),
(5540, 'TSS659543342', 'S058', 1000, 900, 1.95, 1755.00),
(5541, 'TSS659543342', 'S015', 1600, 1440, 12.70, 18288.00),
(5542, 'TSS659543342', 'S029', 300, 270, 9.20, 2484.00),
(5543, 'TSS659543342', 'S031', 1000, 900, 0.70, 630.00),
(5544, 'TSS659543342', 'S023', 3000, 2700, 2.10, 5670.00),
(5545, 'TSS659543342', 'S008', 3000, 2700, 0.80, 2160.00),
(5546, 'TSS659543342', 'S001', 4800, 4320, 7.90, 34128.00),
(5547, 'TSS946566929', 'S015', 1600, 1440, 14.55, 20952.00),
(5548, 'TSS946566929', 'S005', 1600, 1440, 2.50, 3600.00),
(5549, 'TSS946566929', 'S069', 1600, 1440, 9.10, 13104.00),
(5552, 'TSS077398890', 'S002', 2400, 2160, 0.75, 1620.00),
(5553, 'TSS077398890', 'S029', 300, 270, 1.75, 472.50),
(5554, 'TSS077398890', 'S015', 1600, 1440, 6.55, 9432.00),
(5555, 'TSS726196237', 'S001', 4800, 4320, 12.50, 54000.00),
(5556, 'TSS726196237', 'S003', 4800, 4320, 1.20, 5184.00),
(5557, 'TSS726196237', 'S015', 1600, 1440, 26.85, 38664.00),
(5558, 'TSS726196237', 'S033', 3500, 3150, 8.70, 27405.00),
(5559, 'TSS726196237', 'S029', 300, 270, 4.60, 1242.00),
(5560, 'TSS726196237', 'S058', 1000, 900, 2.05, 1845.00),
(5561, 'TSS726196237', 'S006', 500, 450, 0.60, 270.00),
(5562, 'TSS726196237', 'S024', 18000, 16200, 0.70, 11340.00),
(5563, 'TSS726196237', 'S009', 5000, 4500, 0.85, 3825.00),
(5564, 'TSS726196237', 'S005', 1600, 1440, 11.30, 16272.00),
(5565, 'TSS726196237', 'S008', 3000, 2700, 1.00, 2700.00),
(5566, 'TSS818872717', 'S058', 1000, 900, 0.95, 855.00),
(5567, 'TSS818872717', 'S001', 4800, 4320, 0.70, 3024.00),
(5568, 'TSS818872717', 'S006', 500, 450, 1.55, 697.50),
(5569, 'TSS818872717', 'S005', 1600, 1440, 2.85, 4104.00),
(5570, 'TSS818872717', 'S023', 3000, 2700, 1.35, 3645.00),
(5571, 'TSS818872717', 'S029', 300, 270, 1.30, 351.00),
(5572, 'TSS818872717', 'S008', 3000, 2700, 0.45, 1215.00),
(5573, 'TSS818872717', 'S031', 1000, 900, 0.40, 360.00),
(5574, 'TSS818872717', 'S032', 3500, 3150, 2.00, 6300.00),
(5575, 'TSS818872717', 'S015', 1600, 1440, 6.35, 9144.00),
(5576, 'TSS411517395', 'S059', 10000, 9000, 0.90, 8100.00),
(5577, 'TSS411517395', 'S032', 3500, 3150, 0.50, 1575.00),
(5578, 'TSS616302161', 'S033', 3500, 3150, 5.15, 16222.50),
(5579, 'TSS616302161', 'S005', 1600, 1440, 6.45, 9288.00),
(5580, 'TSS616302161', 'S015', 1600, 1440, 10.10, 14544.00),
(5581, 'TSS616302161', 'S058', 1000, 900, 3.60, 3240.00),
(5582, 'TSS616302161', 'S029', 300, 270, 1.15, 310.50),
(5583, 'TSS616302161', 'S009', 5000, 4500, 0.45, 2025.00),
(5584, 'TSS616302161', 'S037', 5000, 4500, 0.30, 1350.00),
(5585, 'TSS616302161', 'S008', 3000, 2700, 0.15, 405.00),
(5586, 'TSS616302161', 'S068', 4500, 4050, 4.60, 18630.00),
(5587, 'TSS302909839', 'S020', 600, 540, 0.50, 270.00),
(5588, 'TSS302909839', 'S001', 4800, 4320, 1.85, 7992.00),
(5589, 'TSS302909839', 'S015', 1600, 1440, 4.10, 5904.00),
(5590, 'TSS302909839', 'S050', 1500, 1350, 0.15, 202.50),
(5591, 'TSS302909839', 'S003', 4800, 4320, 1.10, 4752.00),
(5592, 'TSS302909839', 'S002', 2400, 2160, 0.80, 1728.00),
(5593, 'TSS302909839', 'S023', 3000, 2700, 1.55, 4185.00),
(5594, 'TSS302909839', 'S031', 1000, 900, 2.10, 1890.00),
(5606, 'TSS061108394', 'S015', 1600, 1440, 2.35, 3384.00),
(5607, 'TSS061108394', 'S006', 500, 450, 0.10, 45.00),
(5608, 'TSS061108394', 'S001', 4800, 4320, 0.40, 1728.00),
(5609, 'TSS061108394', 'S014', 5000, 4500, 0.70, 3150.00),
(5610, 'TSS061108394', 'S058', 1000, 900, 1.20, 1080.00),
(5611, 'TSS061108394', 'S023', 3000, 2700, 0.30, 810.00),
(5612, 'TSS061108394', 'S031', 1000, 900, 0.15, 135.00),
(5613, 'TSS061108394', 'S059', 10000, 9000, 0.50, 4500.00),
(5614, 'TSS061108394', 'S050', 1500, 1350, 0.40, 540.00),
(5615, 'TSS061108394', 'S020', 600, 540, 0.65, 351.00),
(5616, 'TSS061108394', 'S005', 1600, 1440, 4.95, 7128.00),
(5617, 'TSS573940556', 'S005', 1600, 1440, 2.35, 3384.00),
(5618, 'TSS573940556', 'S058', 1000, 900, 4.75, 4275.00),
(5619, 'TSS573940556', 'S020', 600, 540, 1.15, 621.00),
(5620, 'TSS573940556', 'S031', 1000, 900, 1.00, 900.00),
(5621, 'TSS573940556', 'S037', 5000, 4500, 0.55, 2475.00),
(5622, 'TSS573940556', 'S024', 18000, 16200, 0.45, 7290.00),
(5623, 'TSS573940556', 'S001', 4800, 4320, 1.35, 5832.00),
(5624, 'TSS573940556', 'S007', 4000, 3600, 1.20, 4320.00),
(5625, 'TSS573940556', 'S008', 3000, 2700, 0.20, 540.00),
(5626, 'TSS573940556', 'S009', 5000, 4500, 0.60, 2700.00),
(5627, 'TSS573940556', 'S015', 1600, 1440, 8.90, 12816.00),
(5628, 'TSS573940556', 'S023', 3000, 2700, 2.00, 5400.00),
(5629, 'TSS573940556', 'S003', 4800, 4320, 0.60, 2592.00),
(5630, 'TSS573940556', 'S059', 10000, 9000, 1.75, 15750.00),
(5637, 'TSS057437031', 'S001', 4800, 4320, 5.15, 22248.00),
(5638, 'TSS057437031', 'S015', 1600, 1440, 15.30, 22032.00),
(5639, 'TSS057437031', 'S005', 1600, 1440, 1.70, 2448.00),
(5640, 'TSS057437031', 'S008', 3000, 2700, 0.45, 1215.00),
(5641, 'TSS057437031', 'S009', 5000, 4500, 0.25, 1125.00),
(5642, 'TSS057437031', 'S006', 500, 450, 0.40, 180.00);

-- --------------------------------------------------------

--
-- Table structure for table `tarik_saldo`
--

CREATE TABLE `tarik_saldo` (
  `no` int(11) NOT NULL,
  `id_transaksi` varchar(200) NOT NULL,
  `jumlah_tarik` decimal(65,4) NOT NULL,
  `description` text DEFAULT NULL
) ENGINE=InnoDB DEFAULT CHARSET=utf8 COLLATE=utf8_general_ci;

--
-- Dumping data for table `tarik_saldo`
--

INSERT INTO `tarik_saldo` (`no`, `id_transaksi`, `jumlah_tarik`, `description`) VALUES
(1, 'TTS043538653', 200000.0000, NULL),
(2, 'TTS632006446', 700000.0000, NULL),
(3, 'TTS407937264', 100000.0000, NULL),
(4, 'TTS547083461', 200000.0000, NULL),
(5, 'TTS068860562', 600000.0000, NULL),
(7, 'TTS999229817', 500000.0000, NULL),
(8, 'TTS896526474', 500000.0000, NULL),
(9, 'TTS176981018', 500000.0000, NULL),
(10, 'TTS751660236', 200000.0000, NULL),
(11, 'TTS987479977', 500000.0000, NULL),
(12, 'TTS834917966', 300000.0000, NULL),
(13, 'TTS268835566', 200000.0000, NULL),
(14, 'TTS227010141', 50000.0000, NULL),
(18, 'TTS968363063', 85000.0000, NULL),
(19, 'TTS220143716', 130000.0000, NULL),
(20, 'TTS591982958', 70000.0000, NULL),
(21, 'TTS642344920', 500000.0000, NULL),
(22, 'TTS914609358', 500000.0000, NULL),
(23, 'TTS957345287', 300000.0000, NULL),
(24, 'TTS517187838', 200000.0000, NULL),
(25, 'TTS512108122', 100000.0000, NULL),
(26, 'TTS244632588', 300000.0000, NULL),
(27, 'TTS487258199', 150000.0000, NULL),
(28, 'TTS715322528', 150000.0000, NULL),
(29, 'TTS987469428', 100000.0000, NULL),
(30, 'TTS502778071', 200000.0000, NULL),
(31, 'TTS625266321', 300000.0000, NULL),
(32, 'TTS332100496', 300000.0000, NULL),
(33, 'TTS561568738', 1500000.0000, NULL),
(34, 'TTS672632714', 500000.0000, NULL),
(39, 'TTS881953475', 200000.0000, NULL),
(40, 'TTS109503898', 500000.0000, NULL),
(42, 'TTS542823295', 500000.0000, NULL),
(43, 'TTS196914451', 300000.0000, NULL),
(44, 'TTS369101165', 150000.0000, NULL),
(45, 'TTS414643621', 350000.0000, NULL),
(46, 'TTS724350302', 200000.0000, NULL),
(47, 'TTS880226458', 400000.0000, NULL),
(48, 'TTS227658162', 400000.0000, NULL),
(49, 'TTS375193836', 700000.0000, NULL),
(50, 'TTS307014658', 500000.0000, NULL),
(51, 'TTS210856500', 50000.0000, NULL),
(52, 'TTS642923148', 300000.0000, NULL),
(53, 'TTS975882152', 250000.0000, NULL),
(54, 'TTS305424512', 160000.0000, NULL),
(55, 'TTS330515273', 500000.0000, NULL),
(56, 'TTS343351892', 250000.0000, NULL),
(57, 'TTS480801887', 95000.0000, NULL),
(58, 'TTS084872778', 23000.0000, 'fotocopy'),
(59, 'TTS957845286', 300000.0000, NULL),
(60, 'TTS330685195', 500000.0000, NULL),
(61, 'TTS392835789', 260000.0000, NULL),
(62, 'TTS217217450', 100000.0000, NULL),
(63, 'TTS273009095', 200000.0000, NULL),
(64, 'TTS083122113', 300000.0000, NULL),
(65, 'TTS306024770', 250000.0000, NULL),
(66, 'TTS600375210', 1000000.0000, NULL),
(68, 'TTS630324854', 500000.0000, NULL),
(69, 'TTS588457407', 500000.0000, NULL),
(70, 'TTS384563679', 150000.0000, NULL),
(71, 'TTS508241479', 500000.0000, NULL),
(73, 'TTS558610350', 500000.0000, NULL),
(74, 'TTS734315960', 1000000.0000, NULL),
(75, 'TTS558191523', 250000.0000, NULL),
(76, 'TTS837386530', 250000.0000, NULL),
(78, 'TTS071941543', 200000.0000, NULL),
(79, 'TTS311616738', 50000.0000, NULL),
(80, 'TTS536185660', 150000.0000, NULL),
(81, 'TTS194302062', 200000.0000, NULL),
(82, 'TTS955709940', 100000.0000, NULL),
(83, 'TTS592584809', 50000.0000, NULL),
(85, 'TTS386839964', 300000.0000, NULL),
(86, 'TTS174563857', 500000.0000, NULL),
(87, 'TTS919101791', 100000.0000, NULL),
(88, 'TTS378843667', 240000.0000, NULL),
(89, 'TTS851969284', 150000.0000, NULL),
(90, 'TTS589861792', 400000.0000, NULL);

-- --------------------------------------------------------

--
-- Table structure for table `transaksi`
--

CREATE TABLE `transaksi` (
  `no` int(11) NOT NULL,
  `id` varchar(12) NOT NULL,
  `id_user` varchar(200) NOT NULL,
  `jenis_transaksi` varchar(50) NOT NULL,
  `date` bigint(20) NOT NULL
) ENGINE=InnoDB DEFAULT CHARSET=utf8 COLLATE=utf8_general_ci;

--
-- Dumping data for table `transaksi`
--

INSERT INTO `transaksi` (`no`, `id`, `id_user`, `jenis_transaksi`, `date`) VALUES
(132, 'TJS022799185', 'A001', 'penjualan sampah', 1656223620),
(159, 'TJS113969608', 'A001', 'penjualan sampah', 1659161220),
(77, 'TJS497644285', 'A001', 'penjualan sampah', 1647652800),
(108, 'TJS751774587', 'A001', 'penjualan sampah', 1653554460),
(54, 'TJS770298793', 'A001', 'penjualan sampah', 1645142460),
(29, 'TJS807254777', 'A001', 'penjualan sampah', 1641631020),
(199, 'TJS848616397', 'A001', 'penjualan sampah', 1661068620),
(502, 'TSS003128712', '0501001', 'penyetoran sampah', 1676738400),
(137, 'TSS005286284', '0507008', 'penyetoran sampah', 1659178560),
(184, 'TSS006112439', '0505012', 'penyetoran sampah', 1661065680),
(331, 'TSS009098817', '0501001', 'penyetoran sampah', 1667110320),
(74, 'TSS010894261', '0506006', 'penyetoran sampah', 1647651840),
(497, 'TSS011027025', '0505002', 'penyetoran sampah', 1676736720),
(152, 'TSS011422971', '0505011', 'penyetoran sampah', 1659152520),
(258, 'TSS011758729', '0509004', 'penyetoran sampah', 1664112540),
(313, 'TSS017398181', '0508006', 'penyetoran sampah', 1667104620),
(449, 'TSS018134107', '0509012', 'penyetoran sampah', 1674607680),
(89, 'TSS021070477', '0503002', 'penyetoran sampah', 1653540600),
(195, 'TSS024837788', '0506009', 'penyetoran sampah', 1661066520),
(322, 'TSS026723061', '0507016', 'penyetoran sampah', 1667108760),
(528, 'TSS029357975', '0506009', 'penyetoran sampah', 1679168340),
(539, 'TSS029432305', '0505015', 'penyetoran sampah', 1679198460),
(232, 'TSS031006285', '0507008', 'penyetoran sampah', 1664095080),
(81, 'TSS034940666', '0507008', 'penyetoran sampah', 1653538860),
(592, 'TSS036148578', '0503002', 'penyetoran sampah', 1671282480),
(12, 'TSS041003192', '0506004', 'penyetoran sampah', 1641632280),
(318, 'TSS043156950', '0503002', 'penyetoran sampah', 1667107740),
(601, 'TSS044864183', '0509004', 'penyetoran sampah', 1671286740),
(256, 'TSS046176231', '0507012', 'penyetoran sampah', 1664111820),
(419, 'TSS049270784', '0508006', 'penyetoran sampah', 1669506300),
(295, 'TSS050703496', '0509005', 'penyetoran sampah', 1667098800),
(365, 'TSS051292156', '0507008', 'penyetoran sampah', 1669519920),
(153, 'TSS052322581', '0506005', 'penyetoran sampah', 1659156900),
(461, 'TSS053674455', '0102002', 'penyetoran sampah', 1674658200),
(616, 'TSS057437031', '0504001', 'penyetoran sampah', 1684550820),
(177, 'TSS057522608', '0505005', 'penyetoran sampah', 1661065200),
(323, 'TSS059004460', '0505005', 'penyetoran sampah', 1667109360),
(619, 'TSS059506399', '0507008', 'penyetoran sampah', 1684554300),
(134, 'TSS060834995', '0507016', 'penyetoran sampah', 1659170580),
(661, 'TSS061108394', '0507016', 'penyetoran sampah', 1684633260),
(444, 'TSS064395062', '0506004', 'penyetoran sampah', 1674604680),
(480, 'TSS064546707', '0507012', 'penyetoran sampah', 1676727900),
(148, 'TSS067691900', '0505002', 'penyetoran sampah', 1659151560),
(30, 'TSS068932161', '0507010', 'penyetoran sampah', 1645177740),
(88, 'TSS069040954', '0102001', 'penyetoran sampah', 1653540480),
(262, 'TSS070151196', '0504008', 'penyetoran sampah', 1664113260),
(60, 'TSS070535562', '0205001', 'penyetoran sampah', 1647650040),
(263, 'TSS073554379', '0507016', 'penyetoran sampah', 1664113440),
(655, 'TSS077398890', '0505005', 'penyetoran sampah', 1684629000),
(307, 'TSS081600282', '0510007', 'penyetoran sampah', 1667101500),
(100, 'TSS082416647', '0505016', 'penyetoran sampah', 1653551880),
(40, 'TSS083194637', '0505002', 'penyetoran sampah', 1645183860),
(170, 'TSS085495814', '0507016', 'penyetoran sampah', 1661064660),
(639, 'TSS085797793', '0503002', 'penyetoran sampah', 1684603020),
(122, 'TSS087753453', '0505016', 'penyetoran sampah', 1656245160),
(11, 'TSS089144860', '0509004', 'penyetoran sampah', 1641632220),
(104, 'TSS089503723', '0505003', 'penyetoran sampah', 1653552240),
(483, 'TSS090293913', '0502003', 'penyetoran sampah', 1676731500),
(91, 'TSS092823875', '0506005', 'penyetoran sampah', 1653542340),
(15, 'TSS093663581', '0505005', 'penyetoran sampah', 1641635160),
(488, 'TSS094301132', '0507002', 'penyetoran sampah', 1676734860),
(569, 'TSS094792980', '0509008', 'penyetoran sampah', 1671261060),
(433, 'TSS094957787', '0506008', 'penyetoran sampah', 1674575880),
(120, 'TSS097518459', '0505005', 'penyetoran sampah', 1656244920),
(156, 'TSS097562798', '0506006', 'penyetoran sampah', 1659157860),
(48, 'TSS098091470', '0506007', 'penyetoran sampah', 1645138200),
(434, 'TSS098514491', '0506010', 'penyetoran sampah', 1674598800),
(123, 'TSS100845422', '0505012', 'penyetoran sampah', 1656245340),
(187, 'TSS100866886', '0502003', 'penyetoran sampah', 1661065860),
(426, 'TSS101191149', '0501002', 'penyetoran sampah', 1674562920),
(522, 'TSS101414966', '0501003', 'penyetoran sampah', 1679162820),
(645, 'TSS102976746', '0506009', 'penyetoran sampah', 1684626240),
(637, 'TSS107689234', '0506008', 'penyetoran sampah', 1684598520),
(130, 'TSS108216428', '0509004', 'penyetoran sampah', 1656222540),
(84, 'TSS109196066', '0507009', 'penyetoran sampah', 1653539220),
(450, 'TSS109236541', '0503002', 'penyetoran sampah', 1674608040),
(632, 'TSS112808277', '0508004', 'penyetoran sampah', 1684591500),
(362, 'TSS113739907', '0507002', 'penyetoran sampah', 1669518480),
(453, 'TSS114958336', '0501001', 'penyetoran sampah', 1674610140),
(535, 'TSS116392283', '0508001', 'penyetoran sampah', 1679182140),
(298, 'TSS117137711', '0506008', 'penyetoran sampah', 1667099220),
(117, 'TSS121314307', '0507007', 'penyetoran sampah', 1656243720),
(41, 'TSS121575012', '0506004', 'penyetoran sampah', 1645184040),
(628, 'TSS122806750', '0506005', 'penyetoran sampah', 1684579200),
(374, 'TSS123387059', '0506009', 'penyetoran sampah', 1669523460),
(145, 'TSS124427701', '0505016', 'penyetoran sampah', 1659151200),
(371, 'TSS124962200', '0501001', 'penyetoran sampah', 1669522380),
(21, 'TSS129137123', '0501001', 'penyetoran sampah', 1641619260),
(22, 'TSS130131889', '0506005', 'penyetoran sampah', 1641619860),
(335, 'TSS133469094', '0505006', 'penyetoran sampah', 1667110680),
(188, 'TSS135344594', '0505011', 'penyetoran sampah', 1661065980),
(33, 'TSS135659314', '0507012', 'penyetoran sampah', 1645181460),
(73, 'TSS136262732', '0506004', 'penyetoran sampah', 1647651660),
(509, 'TSS140848216', '0507008', 'penyetoran sampah', 1679110440),
(96, 'TSS146176693', '0503001', 'penyetoran sampah', 1653548400),
(34, 'TSS147074892', '0102001', 'penyetoran sampah', 1645181580),
(64, 'TSS152077110', '0504001', 'penyetoran sampah', 1647650580),
(555, 'TSS152768142', '0505010', 'penyetoran sampah', 1679207040),
(312, 'TSS156289567', '0506006', 'penyetoran sampah', 1667104320),
(515, 'TSS157925749', '0510008', 'penyetoran sampah', 1679116440),
(109, 'TSS162279910', '0507001', 'penyetoran sampah', 1656239100),
(463, 'TSS162321937', '0510003', 'penyetoran sampah', 1674660060),
(448, 'TSS167824142', '0503006', 'penyetoran sampah', 1674607380),
(437, 'TSS171928400', '0506006', 'penyetoran sampah', 1674599820),
(138, 'TSS172304371', '0510005', 'penyetoran sampah', 1659148920),
(422, 'TSS172441394', '0509002', 'penyetoran sampah', 1674538320),
(37, 'TSS173478862', '0507008', 'penyetoran sampah', 1645183440),
(106, 'TSS174209652', '0502003', 'penyetoran sampah', 1653552540),
(519, 'TSS177673478', '0510005', 'penyetoran sampah', 1679160360),
(98, 'TSS180210979', '0508001', 'penyetoran sampah', 1653551460),
(25, 'TSS180700418', '0505017', 'penyetoran sampah', 1641620820),
(400, 'TSS180948972', '0505002', 'penyetoran sampah', 1669680300),
(587, 'TSS181049326', '0501003', 'penyetoran sampah', 1671280860),
(372, 'TSS181429521', '0506008', 'penyetoran sampah', 1669522740),
(626, 'TSS181817410', '0102002', 'penyetoran sampah', 1684578180),
(618, 'TSS182031516', '0509011', 'penyetoran sampah', 1684553880),
(245, 'TSS185635421', '0506005', 'penyetoran sampah', 1664102940),
(179, 'TSS188052871', '0505016', 'penyetoran sampah', 1661065320),
(536, 'TSS191188630', '0502004', 'penyetoran sampah', 1679096100),
(644, 'TSS192117278', '0505021', 'penyetoran sampah', 1684626120),
(10, 'TSS192256505', '0502003', 'penyetoran sampah', 1641632160),
(268, 'TSS194415838', '0102002', 'penyetoran sampah', 1664059020),
(392, 'TSS194891916', '0503006', 'penyetoran sampah', 1669654260),
(391, 'TSS198766159', '0509012', 'penyetoran sampah', 1669563840),
(158, 'TSS201250784', '0508001', 'penyetoran sampah', 1659158940),
(459, 'TSS202195448', '0507007', 'penyetoran sampah', 1674657000),
(543, 'TSS216715298', '0507002', 'penyetoran sampah', 1679201520),
(378, 'TSS224637385', '0502005', 'penyetoran sampah', 1669525080),
(333, 'TSS224859508', '0509004', 'penyetoran sampah', 1667110500),
(395, 'TSS225029992', '0504001', 'penyetoran sampah', 1669676280),
(402, 'TSS226696725', '0505012', 'penyetoran sampah', 1669681800),
(168, 'TSS227219675', '0504006', 'penyetoran sampah', 1661064540),
(38, 'TSS227787300', '0502003', 'penyetoran sampah', 1645183680),
(441, 'TSS229715568', '0505018', 'penyetoran sampah', 1674603000),
(61, 'TSS233257909', '0501002', 'penyetoran sampah', 1647650340),
(39, 'TSS239137340', '0505006', 'penyetoran sampah', 1645183800),
(234, 'TSS240565583', '0507002', 'penyetoran sampah', 1664095860),
(176, 'TSS244435065', '0505002', 'penyetoran sampah', 1661065080),
(161, 'TSS246711104', '0509005', 'penyetoran sampah', 1661063640),
(300, 'TSS247275891', '0504006', 'penyetoran sampah', 1667100000),
(2, 'TSS249032893', '0507017', 'penyetoran sampah', 1641630960),
(460, 'TSS250193936', '0102001', 'penyetoran sampah', 1674657840),
(334, 'TSS251010820', '0505018', 'penyetoran sampah', 1667110500),
(45, 'TSS251494490', '0505005', 'penyetoran sampah', 1645137720),
(149, 'TSS252906418', '0505006', 'penyetoran sampah', 1659152100),
(498, 'TSS253534404', '0506011', 'penyetoran sampah', 1676737140),
(53, 'TSS255463188', '0508001', 'penyetoran sampah', 1645138980),
(511, 'TSS256095973', '0509008', 'penyetoran sampah', 1679114040),
(82, 'TSS256900952', '0507004', 'penyetoran sampah', 1653539040),
(239, 'TSS258257400', '0509011', 'penyetoran sampah', 1664097720),
(294, 'TSS258489874', '0205001', 'penyetoran sampah', 1667097900),
(476, 'TSS259085525', '0507008', 'penyetoran sampah', 1676692020),
(150, 'TSS259899700', '0505018', 'penyetoran sampah', 1659152280),
(85, 'TSS260490127', '0507016', 'penyetoran sampah', 1653539220),
(9, 'TSS262071879', '0505011', 'penyetoran sampah', 1641632040),
(624, 'TSS262647602', '0502001', 'penyetoran sampah', 1684556880),
(282, 'TSS267586197', '0502004', 'penyetoran sampah', 1664075400),
(275, 'TSS268357127', '0505005', 'penyetoran sampah', 1664060640),
(68, 'TSS270656624', '0505005', 'penyetoran sampah', 1647651060),
(456, 'TSS271427867', '0507011', 'penyetoran sampah', 1674649860),
(556, 'TSS271461873', '0505004', 'penyetoran sampah', 1679208060),
(615, 'TSS274348756', '0506004', 'penyetoran sampah', 1684550160),
(118, 'TSS275520038', '0102001', 'penyetoran sampah', 1656244020),
(326, 'TSS276593384', '0505010', 'penyetoran sampah', 1667109540),
(411, 'TSS276800663', '0507011', 'penyetoran sampah', 1669503660),
(486, 'TSS277883433', '0205001', 'penyetoran sampah', 1676734200),
(302, 'TSS278150672', '0504009', 'penyetoran sampah', 1667100180),
(49, 'TSS278708457', '0503002', 'penyetoran sampah', 1645138500),
(191, 'TSS283501504', '0503002', 'penyetoran sampah', 1661066340),
(381, 'TSS286523117', '0506006', 'penyetoran sampah', 1669525800),
(336, 'TSS286633061', '0505004', 'penyetoran sampah', 1667110740),
(155, 'TSS286988194', '0506007', 'penyetoran sampah', 1659157620),
(75, 'TSS287008252', '0508001', 'penyetoran sampah', 1647652080),
(316, 'TSS288866655', '0505011', 'penyetoran sampah', 1667106720),
(87, 'TSS291719242', '0510005', 'penyetoran sampah', 1653540240),
(36, 'TSS291998017', '0507002', 'penyetoran sampah', 1645183080),
(142, 'TSS297715305', '0502003', 'penyetoran sampah', 1659150900),
(410, 'TSS300247302', '0509010', 'penyetoran sampah', 1669502880),
(599, 'TSS301143323', '0504007', 'penyetoran sampah', 1671286320),
(20, 'TSS301730054', '0507008', 'penyetoran sampah', 1641617340),
(660, 'TSS302909839', '0507011', 'penyetoran sampah', 1684633080),
(514, 'TSS305801804', '0509007', 'penyetoran sampah', 1679115600),
(127, 'TSS305826023', '0501001', 'penyetoran sampah', 1656218220),
(620, 'TSS306484950', '0504009', 'penyetoran sampah', 1684555560),
(80, 'TSS308358709', '0507002', 'penyetoran sampah', 1653538560),
(375, 'TSS310595598', '0506004', 'penyetoran sampah', 1669524000),
(321, 'TSS311197728', '0505012', 'penyetoran sampah', 1667108940),
(489, 'TSS316126560', '0507010', 'penyetoran sampah', 1676735400),
(520, 'TSS319464634', '0508005', 'penyetoran sampah', 1679162340),
(408, 'TSS320704411', '0505006', 'penyetoran sampah', 1669502400),
(634, 'TSS322198977', '0506011', 'penyetoran sampah', 1684594860),
(310, 'TSS322289854', '0504008', 'penyetoran sampah', 1667102100),
(260, 'TSS324180352', '0502003', 'penyetoran sampah', 1664112840),
(102, 'TSS324244238', '0505006', 'penyetoran sampah', 1653552000),
(157, 'TSS329364019', '0500001', 'penyetoran sampah', 1659158460),
(609, 'TSS335938720', '0506008', 'penyetoran sampah', 1671290160),
(540, 'TSS336715967', '0505021', 'penyetoran sampah', 1679199360),
(175, 'TSS337200858', '0507019', 'penyetoran sampah', 1661065020),
(103, 'TSS343754893', '0505015', 'penyetoran sampah', 1653552120),
(255, 'TSS345384648', '0510005', 'penyetoran sampah', 1664111760),
(247, 'TSS349667178', '0506008', 'penyetoran sampah', 1664109480),
(167, 'TSS349946206', '0504001', 'penyetoran sampah', 1661064420),
(141, 'TSS350369374', '0507010', 'penyetoran sampah', 1659150540),
(266, 'TSS351418262', '0507003', 'penyetoran sampah', 1664058720),
(435, 'TSS354910047', '0504008', 'penyetoran sampah', 1674599220),
(563, 'TSS355521681', '0507008', 'penyetoran sampah', 1671259260),
(415, 'TSS356271435', '0102001', 'penyetoran sampah', 1669505400),
(452, 'TSS356902734', '0505011', 'penyetoran sampah', 1674609660),
(548, 'TSS357405549', '0102002', 'penyetoran sampah', 1679204700),
(504, 'TSS362228002', '0508001', 'penyetoran sampah', 1676738760),
(631, 'TSS362331538', '0507002', 'penyetoran sampah', 1684591020),
(485, 'TSS369664555', '0509006', 'penyetoran sampah', 1676733900),
(339, 'TSS373977758', '0508007', 'penyetoran sampah', 1667081280),
(377, 'TSS376166697', '0508001', 'penyetoran sampah', 1669524720),
(479, 'TSS376349451', '0509002', 'penyetoran sampah', 1676727780),
(417, 'TSS377471248', '0508007', 'penyetoran sampah', 1669506000),
(111, 'TSS377764732', '0507008', 'penyetoran sampah', 1656239640),
(401, 'TSS378000166', '0505004', 'penyetoran sampah', 1669681560),
(578, 'TSS378891323', '0501001', 'penyetoran sampah', 1671267060),
(652, 'TSS380306439', '0505010', 'penyetoran sampah', 1684628040),
(221, 'TSS382357117', '0507018', 'penyetoran sampah', 1656200820),
(557, 'TSS389323416', '0505005', 'penyetoran sampah', 1679208360),
(311, 'TSS391100116', '0506004', 'penyetoran sampah', 1667102580),
(330, 'TSS392520246', '0509004', 'penyetoran sampah', 1667110200),
(369, 'TSS394428771', '0510007', 'penyetoran sampah', 1669522440),
(648, 'TSS394694719', '0505003', 'penyetoran sampah', 1684626720),
(236, 'TSS395676021', '0509006', 'penyetoran sampah', 1664097000),
(363, 'TSS401084987', '0509006', 'penyetoran sampah', 1669518660),
(110, 'TSS401892051', '0507009', 'penyetoran sampah', 1656239220),
(647, 'TSS403327806', '0508005', 'penyetoran sampah', 1684626600),
(147, 'TSS404251656', '0505019', 'penyetoran sampah', 1659151440),
(198, 'TSS405498522', '0503001', 'penyetoran sampah', 1661066700),
(267, 'TSS405966688', '0507011', 'penyetoran sampah', 1664058780),
(454, 'TSS406831560', '0502005', 'penyetoran sampah', 1674610320),
(431, 'TSS408486091', '0507008', 'penyetoran sampah', 1674571140),
(658, 'TSS411517395', '0505022', 'penyetoran sampah', 1684630980),
(249, 'TSS412914954', '0504006', 'penyetoran sampah', 1664109840),
(166, 'TSS418131539', '0507002', 'penyetoran sampah', 1661064300),
(399, 'TSS421519526', '0505010', 'penyetoran sampah', 1669679760),
(471, 'TSS424566437', '0505004', 'penyetoran sampah', 1674670680),
(537, 'TSS428777904', '0509006', 'penyetoran sampah', 1679182920),
(393, 'TSS430891613', '0503002', 'penyetoran sampah', 1669675440),
(272, 'TSS431964818', '0505019', 'penyetoran sampah', 1664059680),
(468, 'TSS437785169', '0505005', 'penyetoran sampah', 1674669600),
(438, 'TSS438167310', '0502003', 'penyetoran sampah', 1674600420),
(429, 'TSS438958647', '0507002', 'penyetoran sampah', 1674567360),
(274, 'TSS439563204', '0505002', 'penyetoran sampah', 1664060580),
(552, 'TSS441579900', '0501001', 'penyetoran sampah', 1679206440),
(231, 'TSS441684011', '0503002', 'penyetoran sampah', 1659144120),
(595, 'TSS442581101', '0505015', 'penyetoran sampah', 1671285000),
(181, 'TSS443779364', '0505004', 'penyetoran sampah', 1661065440),
(597, 'TSS446381796', '0505002', 'penyetoran sampah', 1671285540),
(31, 'TSS446885932', '0102002', 'penyetoran sampah', 1645181040),
(76, 'TSS447257247', '0503002', 'penyetoran sampah', 1647652440),
(308, 'TSS448791524', '0507008', 'penyetoran sampah', 1667100420),
(329, 'TSS451313319', '0502004', 'penyetoran sampah', 1667109780),
(641, 'TSS454984864', '0504008', 'penyetoran sampah', 1684625520),
(116, 'TSS455635777', '0503002', 'penyetoran sampah', 1656243360),
(126, 'TSS456021269', '0501004', 'penyetoran sampah', 1656217980),
(57, 'TSS456253632', '0507010', 'penyetoran sampah', 1647649440),
(370, 'TSS456755468', '0508005', 'penyetoran sampah', 1669522620),
(315, 'TSS458720095', '0508001', 'penyetoran sampah', 1667106300),
(66, 'TSS458848004', '0505016', 'penyetoran sampah', 1647650820),
(309, 'TSS458963951', '0507002', 'penyetoran sampah', 1667101620),
(600, 'TSS460434259', '0507011', 'penyetoran sampah', 1671286440),
(50, 'TSS461622279', '0504001', 'penyetoran sampah', 1645138740),
(525, 'TSS463516329', '0506004', 'penyetoran sampah', 1679165700),
(390, 'TSS464148672', '0509005', 'penyetoran sampah', 1669646580),
(447, 'TSS464760481', '0503001', 'penyetoran sampah', 1674607200),
(124, 'TSS465643392', '0505018', 'penyetoran sampah', 1656245340),
(368, 'TSS466927882', '0510008', 'penyetoran sampah', 1669522020),
(327, 'TSS467215218', '0505003', 'penyetoran sampah', 1667109540),
(317, 'TSS468960829', '0503001', 'penyetoran sampah', 1667107500),
(376, 'TSS475606333', '0504008', 'penyetoran sampah', 1669524060),
(151, 'TSS476584045', '0501001', 'penyetoran sampah', 1659152400),
(572, 'TSS479420521', '0510008', 'penyetoran sampah', 1671262140),
(589, 'TSS481692490', '0506010', 'penyetoran sampah', 1671282000),
(510, 'TSS485175647', '0509005', 'penyetoran sampah', 1679111760),
(59, 'TSS485477996', '0507016', 'penyetoran sampah', 1647649740),
(503, 'TSS488515630', '0508007', 'penyetoran sampah', 1676738580),
(229, 'TSS489686168', '0510003', 'penyetoran sampah', 1653525660),
(112, 'TSS491435546', '0507002', 'penyetoran sampah', 1656240120),
(182, 'TSS493401753', '0505017', 'penyetoran sampah', 1661065500),
(90, 'TSS494826467', '0506004', 'penyetoran sampah', 1653541680),
(579, 'TSS495792143', '0510007', 'penyetoran sampah', 1671268740),
(442, 'TSS496382034', '0506011', 'penyetoran sampah', 1674603660),
(259, 'TSS497957746', '0501001', 'penyetoran sampah', 1664112660),
(499, 'TSS498147023', '0506010', 'penyetoran sampah', 1676737560),
(640, 'TSS498684453', '0509009', 'penyetoran sampah', 1684603320),
(565, 'TSS502335966', '0509012', 'penyetoran sampah', 1671259560),
(243, 'TSS502427883', '0506006', 'penyetoran sampah', 1664100120),
(86, 'TSS506911248', '0507012', 'penyetoran sampah', 1653539940),
(500, 'TSS507881535', '0506006', 'penyetoran sampah', 1676737800),
(7, 'TSS508942747', '0507016', 'penyetoran sampah', 1641631680),
(24, 'TSS509039677', '0505002', 'penyetoran sampah', 1641620280),
(472, 'TSS509148844', '0505017', 'penyetoran sampah', 1674778800),
(373, 'TSS510509225', '0505017', 'penyetoran sampah', 1669523340),
(97, 'TSS514539463', '0505011', 'penyetoran sampah', 1653549000),
(55, 'TSS515367605', '0507002', 'penyetoran sampah', 1647648540),
(396, 'TSS516690536', '0504007', 'penyetoran sampah', 1669503900),
(206, 'TSS523258856', '0506004', 'penyetoran sampah', 1661036820),
(404, 'TSS529353466', '0509004', 'penyetoran sampah', 1669485000),
(276, 'TSS529779651', '0509009', 'penyetoran sampah', 1664060760),
(292, 'TSS530233254', '0509007', 'penyetoran sampah', 1667098440),
(458, 'TSS532550349', '0507009', 'penyetoran sampah', 1674653100),
(421, 'TSS535271226', '0509005', 'penyetoran sampah', 1674529800),
(271, 'TSS536718808', '0505016', 'penyetoran sampah', 1664059560),
(484, 'TSS537882275', '0506008', 'penyetoran sampah', 1676733480),
(83, 'TSS542914880', '0507010', 'penyetoran sampah', 1653539100),
(193, 'TSS543745740', '0507003', 'penyetoran sampah', 1661066460),
(469, 'TSS546780644', '0505010', 'penyetoran sampah', 1674669960),
(380, 'TSS550643134', '0506005', 'penyetoran sampah', 1669526040),
(487, 'TSS552399698', '0504001', 'penyetoran sampah', 1676734500),
(462, 'TSS553186488', '0507016', 'penyetoran sampah', 1674658620),
(451, 'TSS554178380', '0509013', 'penyetoran sampah', 1674609060),
(99, 'TSS557319616', '0505002', 'penyetoran sampah', 1653551640),
(588, 'TSS557910610', '0506007', 'penyetoran sampah', 1671281580),
(269, 'TSS559184730', '0102001', 'penyetoran sampah', 1664059140),
(14, 'TSS564208560', '0510004', 'penyetoran sampah', 1641632940),
(238, 'TSS564621284', '0509005', 'penyetoran sampah', 1664097480),
(114, 'TSS565575648', '0507018', 'penyetoran sampah', 1656242580),
(144, 'TSS566166983', '0505012', 'penyetoran sampah', 1659151140),
(573, 'TSS568364905', '0507012', 'penyetoran sampah', 1671263340),
(173, 'TSS570187418', '0509009', 'penyetoran sampah', 1661064840),
(638, 'TSS573940556', '0505011', 'penyetoran sampah', 1684598820),
(273, 'TSS575516956', '0505018', 'penyetoran sampah', 1664060460),
(305, 'TSS576104853', '0510009', 'penyetoran sampah', 1667100900),
(523, 'TSS580137213', '0506011', 'penyetoran sampah', 1679163120),
(418, 'TSS580319061', '0509009', 'penyetoran sampah', 1669506120),
(383, 'TSS580480094', '0506005', 'penyetoran sampah', 1664084160),
(440, 'TSS581087174', '0508001', 'penyetoran sampah', 1674602100),
(577, 'TSS581272205', '0508007', 'penyetoran sampah', 1671266880),
(160, 'TSS581883004', '0509004', 'penyetoran sampah', 1661063520),
(79, 'TSS582007835', '0205001', 'penyetoran sampah', 1653529860),
(28, 'TSS582728041', '0508001', 'penyetoran sampah', 1641623820),
(506, 'TSS590875529', '0501003', 'penyetoran sampah', 1676739120),
(629, 'TSS592830830', '0507021', 'penyetoran sampah', 1684579740),
(293, 'TSS594417079', '0509006', 'penyetoran sampah', 1667098680),
(264, 'TSS597184791', '0503005', 'penyetoran sampah', 1664113860),
(623, 'TSS601871635', '0510005', 'penyetoran sampah', 1684556340),
(575, 'TSS604520179', '0502004', 'penyetoran sampah', 1671266160),
(382, 'TSS604545306', '0505015', 'penyetoran sampah', 1669526400),
(379, 'TSS607298549', '0502003', 'penyetoran sampah', 1669524960),
(424, 'TSS613378953', '0509006', 'penyetoran sampah', 1674539340),
(42, 'TSS614053466', '0505017', 'penyetoran sampah', 1645184160),
(659, 'TSS616302161', '0507009', 'penyetoran sampah', 1684632780),
(477, 'TSS620313361', '0509007', 'penyetoran sampah', 1676692800),
(146, 'TSS621066463', '0505003', 'penyetoran sampah', 1659151380),
(291, 'TSS621550051', '0509002', 'penyetoran sampah', 1667098260),
(630, 'TSS621934093', '0509007', 'penyetoran sampah', 1684590360),
(325, 'TSS623299214', '0503006', 'penyetoran sampah', 1667109360),
(319, 'TSS624984943', '0505020', 'penyetoran sampah', 1667108100),
(92, 'TSS625247202', '0509002', 'penyetoran sampah', 1653542400),
(553, 'TSS627735530', '0505002', 'penyetoran sampah', 1679206680),
(412, 'TSS629179752', '0507009', 'penyetoran sampah', 1669503900),
(531, 'TSS630729064', '0503002', 'penyetoran sampah', 1679180280),
(162, 'TSS631455729', '0509007', 'penyetoran sampah', 1661063880),
(614, 'TSS634207408', '0502003', 'penyetoran sampah', 1684549320),
(72, 'TSS635672650', '0506005', 'penyetoran sampah', 1647651540),
(464, 'TSS637274273', '0509009', 'penyetoran sampah', 1674662640),
(314, 'TSS638212889', '0508006', 'penyetoran sampah', 1667106540),
(13, 'TSS640617948', '0506006', 'penyetoran sampah', 1641632760),
(649, 'TSS641952092', '0505018', 'penyetoran sampah', 1684626900),
(240, 'TSS644168180', '0503006', 'penyetoran sampah', 1664098740),
(527, 'TSS645931123', '0506006', 'penyetoran sampah', 1679167440),
(581, 'TSS647181622', '0505011', 'penyetoran sampah', 1671268920),
(299, 'TSS648080953', '0509011', 'penyetoran sampah', 1667099700),
(63, 'TSS651221594', '0507017', 'penyetoran sampah', 1647650520),
(427, 'TSS652669339', '0509004', 'penyetoran sampah', 1674565500),
(47, 'TSS653935997', '0506006', 'penyetoran sampah', 1645138080),
(413, 'TSS654182144', '0507007', 'penyetoran sampah', 1669504200),
(653, 'TSS659543342', '0505002', 'penyetoran sampah', 1684628280),
(183, 'TSS664111869', '0505003', 'penyetoran sampah', 1661065620),
(135, 'TSS665459366', '0507002', 'penyetoran sampah', 1659170760),
(303, 'TSS670191959', '0510008', 'penyetoran sampah', 1667100480),
(425, 'TSS671398820', '0504001', 'penyetoran sampah', 1674560580),
(254, 'TSS672940514', '0508001', 'penyetoran sampah', 1664111460),
(532, 'TSS674486059', '0505011', 'penyetoran sampah', 1679180820),
(306, 'TSS674585178', '0508004', 'penyetoran sampah', 1667101260),
(446, 'TSS676858077', '0506005', 'penyetoran sampah', 1674606900),
(551, 'TSS679052525', '0508006', 'penyetoran sampah', 1679205540),
(296, 'TSS679704038', '0504004', 'penyetoran sampah', 1667099100),
(436, 'TSS680331506', '0508004', 'penyetoran sampah', 1674599640),
(270, 'TSS682064146', '0505010', 'penyetoran sampah', 1664059380),
(190, 'TSS682804756', '0501001', 'penyetoran sampah', 1661066340),
(265, 'TSS683562244', '0507019', 'penyetoran sampah', 1664114280),
(482, 'TSS693714354', '0509005', 'penyetoran sampah', 1676728920),
(320, 'TSS694933534', '0505015', 'penyetoran sampah', 1667108880),
(517, 'TSS698057216', '0509011', 'penyetoran sampah', 1679157600),
(136, 'TSS699000304', '0507007', 'penyetoran sampah', 1659171120),
(611, 'TSS703142985', '0509006', 'penyetoran sampah', 1671290880),
(194, 'TSS707859283', '0501002', 'penyetoran sampah', 1661066520),
(233, 'TSS711737508', '0205001', 'penyetoran sampah', 1664095560),
(121, 'TSS714547451', '0505017', 'penyetoran sampah', 1656245040),
(568, 'TSS715523624', '0509005', 'penyetoran sampah', 1671260820),
(301, 'TSS716577490', '0504001', 'penyetoran sampah', 1667100120),
(545, 'TSS716701688', '0507010', 'penyetoran sampah', 1679203740),
(27, 'TSS718650958', '0505016', 'penyetoran sampah', 1641623700),
(62, 'TSS718748918', '0510005', 'penyetoran sampah', 1647650460),
(594, 'TSS719314500', '0505010', 'penyetoran sampah', 1671284580),
(119, 'TSS721232897', '0505002', 'penyetoran sampah', 1656244440),
(562, 'TSS721498896', '0507002', 'penyetoran sampah', 1671255900),
(397, 'TSS721878489', '0505011', 'penyetoran sampah', 1669504260),
(602, 'TSS724414885', '0507016', 'penyetoran sampah', 1671286980),
(171, 'TSS725166748', '0504004', 'penyetoran sampah', 1661064780),
(656, 'TSS726196237', '0508006', 'penyetoran sampah', 1684629840),
(466, 'TSS735726144', '0501003', 'penyetoran sampah', 1674665760),
(561, 'TSS736503057', '0504007', 'penyetoran sampah', 1679211060),
(3, 'TSS740465043', '0507002', 'penyetoran sampah', 1641631020),
(115, 'TSS740888199', '0102002', 'penyetoran sampah', 1656242760),
(598, 'TSS744354197', '0505006', 'penyetoran sampah', 1671285840),
(584, 'TSS745673637', '0506006', 'penyetoran sampah', 1671271440),
(566, 'TSS752924980', '0509007', 'penyetoran sampah', 1671259740),
(5, 'TSS758785361', '0510005', 'penyetoran sampah', 1641631500),
(481, 'TSS759871525', '0507021', 'penyetoran sampah', 1676728380),
(636, 'TSS761714277', '0506012', 'penyetoran sampah', 1684597920),
(78, 'TSS762338766', '0507018', 'penyetoran sampah', 1653529020),
(541, 'TSS763036770', '0504008', 'penyetoran sampah', 1679199600),
(617, 'TSS764770383', '0506006', 'penyetoran sampah', 1684551120),
(494, 'TSS768198457', '0505006', 'penyetoran sampah', 1676736300),
(478, 'TSS770250228', '0510010', 'penyetoran sampah', 1676727060),
(46, 'TSS772995866', '0505011', 'penyetoran sampah', 1645137780),
(257, 'TSS775836537', '0510007', 'penyetoran sampah', 1664112180),
(328, 'TSS775972721', '0502003', 'penyetoran sampah', 1667109600),
(465, 'TSS781246835', '0502004', 'penyetoran sampah', 1674663660),
(280, 'TSS782915034', '0510006', 'penyetoran sampah', 1664063100),
(367, 'TSS783022438', '0507016', 'penyetoran sampah', 1669520880),
(642, 'TSS783848001', '0501001', 'penyetoran sampah', 1684625820),
(593, 'TSS789723756', '0509009', 'penyetoran sampah', 1671284220),
(635, 'TSS791060626', '0508001', 'penyetoran sampah', 1684597320),
(164, 'TSS794963921', '0509008', 'penyetoran sampah', 1661064000),
(567, 'TSS795487144', '0501002', 'penyetoran sampah', 1671260700),
(364, 'TSS795592645', '0509007', 'penyetoran sampah', 1669520040),
(297, 'TSS796811143', '0205001', 'penyetoran sampah', 1667099100),
(248, 'TSS799805721', '0505011', 'penyetoran sampah', 1664109540),
(650, 'TSS801444318', '0505006', 'penyetoran sampah', 1684627440),
(93, 'TSS801903591', '0506007', 'penyetoran sampah', 1653542460),
(571, 'TSS801973780', '0510005', 'penyetoran sampah', 1671261420),
(324, 'TSS804415254', '0507007', 'penyetoran sampah', 1667109360),
(304, 'TSS805752348', '0509009', 'penyetoran sampah', 1667100600),
(337, 'TSS807468015', '0505002', 'penyetoran sampah', 1667110740),
(428, 'TSS814662591', '0510008', 'penyetoran sampah', 1674566160),
(610, 'TSS817607914', '0504008', 'penyetoran sampah', 1671290340),
(657, 'TSS818872717', '0508007', 'penyetoran sampah', 1684630440),
(192, 'TSS820173138', '0506005', 'penyetoran sampah', 1661066400),
(416, 'TSS820567105', '0507019', 'penyetoran sampah', 1669505580),
(125, 'TSS821554109', '0505004', 'penyetoran sampah', 1656217860),
(244, 'TSS823932302', '0510004', 'penyetoran sampah', 1664100420),
(32, 'TSS826307290', '0507004', 'penyetoran sampah', 1645181220),
(445, 'TSS828175371', '0508006', 'penyetoran sampah', 1674606540),
(163, 'TSS831552106', '0509006', 'penyetoran sampah', 1661063880),
(409, 'TSS832428545', '0505005', 'penyetoran sampah', 1669502640),
(129, 'TSS832567969', '0506006', 'penyetoran sampah', 1656218460),
(621, 'TSS836992317', '0510007', 'penyetoran sampah', 1684555740),
(241, 'TSS837077950', '0503002', 'penyetoran sampah', 1664099100),
(432, 'TSS837292461', '0502001', 'penyetoran sampah', 1674573240),
(235, 'TSS838749339', '0509010', 'penyetoran sampah', 1664096760),
(65, 'TSS841830417', '0505002', 'penyetoran sampah', 1647650580),
(95, 'TSS843251164', '0506006', 'penyetoran sampah', 1653548160),
(67, 'TSS845714408', '0505012', 'penyetoran sampah', 1647650880),
(281, 'TSS845947583', '0508005', 'penyetoran sampah', 1664063460),
(105, 'TSS846127400', '0501001', 'penyetoran sampah', 1653552420),
(591, 'TSS846262641', '0506009', 'penyetoran sampah', 1671282240),
(596, 'TSS850617164', '0505005', 'penyetoran sampah', 1671285180),
(585, 'TSS850637157', '0508004', 'penyetoran sampah', 1671271860),
(140, 'TSS851501545', '0102002', 'penyetoran sampah', 1659150300),
(529, 'TSS856962707', '0503001', 'penyetoran sampah', 1679179500),
(154, 'TSS857015723', '0503001', 'penyetoran sampah', 1659157500),
(457, 'TSS861119544', '0507010', 'penyetoran sampah', 1674652560),
(70, 'TSS864370706', '0503001', 'penyetoran sampah', 1647651240),
(526, 'TSS866031785', '0506005', 'penyetoran sampah', 1679166480),
(414, 'TSS866361745', '0102002', 'penyetoran sampah', 1669504980),
(139, 'TSS866502408', '0205001', 'penyetoran sampah', 1659149820),
(52, 'TSS867678074', '0510004', 'penyetoran sampah', 1645138920),
(633, 'TSS872249899', '0501005', 'penyetoran sampah', 1684594500),
(542, 'TSS872621178', '0509009', 'penyetoran sampah', 1679200080),
(169, 'TSS872938214', '0504005', 'penyetoran sampah', 1661064540),
(586, 'TSS874435515', '0509002', 'penyetoran sampah', 1671280740),
(534, 'TSS874778634', '0508004', 'penyetoran sampah', 1679181900),
(16, 'TSS875158485', '0505004', 'penyetoran sampah', 1641635340),
(455, 'TSS878295051', '0510007', 'penyetoran sampah', 1674610560),
(622, 'TSS883544719', '0501002', 'penyetoran sampah', 1684555920),
(174, 'TSS884467107', '0507010', 'penyetoran sampah', 1661064900),
(51, 'TSS884930516', '0501001', 'penyetoran sampah', 1645138800),
(19, 'TSS886059147', '0205001', 'penyetoran sampah', 1641617040),
(56, 'TSS888066220', '0507004', 'penyetoran sampah', 1647649020),
(467, 'TSS889316329', '0505002', 'penyetoran sampah', 1674712380),
(513, 'TSS889506786', '0510007', 'penyetoran sampah', 1679114460),
(172, 'TSS889523498', '0506008', 'penyetoran sampah', 1661064840),
(196, 'TSS891968088', '0506006', 'penyetoran sampah', 1661066580),
(550, 'TSS893128036', '0505017', 'penyetoran sampah', 1679205240),
(518, 'TSS893827383', '0502003', 'penyetoran sampah', 1679158560),
(495, 'TSS894521628', '0505010', 'penyetoran sampah', 1676736420),
(403, 'TSS895755582', '0505018', 'penyetoran sampah', 1669682100),
(237, 'TSS895882525', '0509007', 'penyetoran sampah', 1664097480),
(18, 'TSS896337704', '0507012', 'penyetoran sampah', 1641630840),
(643, 'TSS896409911', '0505017', 'penyetoran sampah', 1684625940),
(44, 'TSS898474305', '0505016', 'penyetoran sampah', 1645184520),
(242, 'TSS900184495', '0506004', 'penyetoran sampah', 1664099940),
(43, 'TSS904799901', '0505003', 'penyetoran sampah', 1645184280),
(470, 'TSS906607766', '0505006', 'penyetoran sampah', 1674670440),
(261, 'TSS907170805', '0505017', 'penyetoran sampah', 1664112960),
(538, 'TSS909081805', '0508007', 'penyetoran sampah', 1679198340),
(530, 'TSS912137189', '0503006', 'penyetoran sampah', 1679179920),
(178, 'TSS914389034', '0505010', 'penyetoran sampah', 1661065260),
(186, 'TSS914980037', '0505015', 'penyetoran sampah', 1661065800),
(439, 'TSS917250823', '0510005', 'penyetoran sampah', 1674601920),
(133, 'TSS917302681', '0501002', 'penyetoran sampah', 1659170220),
(69, 'TSS918149395', '0501001', 'penyetoran sampah', 1647651120),
(430, 'TSS923568374', '0509007', 'penyetoran sampah', 1674570180),
(185, 'TSS925554411', '0504007', 'penyetoran sampah', 1661065740),
(574, 'TSS928069612', '0508006', 'penyetoran sampah', 1671265440),
(560, 'TSS928116284', '0505012', 'penyetoran sampah', 1679210340),
(165, 'TSS930149935', '0507008', 'penyetoran sampah', 1661064060),
(128, 'TSS931578425', '0502003', 'penyetoran sampah', 1656218400),
(1, 'TSS936849977', '0501002', 'penyetoran sampah', 1641630600),
(250, 'TSS937903022', '0506007', 'penyetoran sampah', 1664109900),
(107, 'TSS938078032', '0507017', 'penyetoran sampah', 1653552780),
(131, 'TSS940348943', '0506004', 'penyetoran sampah', 1656222720),
(101, 'TSS943434891', '0505005', 'penyetoran sampah', 1653551940),
(654, 'TSS946566929', '0505012', 'penyetoran sampah', 1684628880),
(533, 'TSS951048373', '0506007', 'penyetoran sampah', 1679181480),
(6, 'TSS955738548', '0507004', 'penyetoran sampah', 1641631620),
(505, 'TSS959154111', '0501004', 'penyetoran sampah', 1676738940),
(443, 'TSS961225265', '0506009', 'penyetoran sampah', 1674604440),
(627, 'TSS964402784', '0509005', 'penyetoran sampah', 1684578480),
(651, 'TSS964746032', '0501003', 'penyetoran sampah', 1684627740),
(58, 'TSS969866210', '0507008', 'penyetoran sampah', 1647649620),
(559, 'TSS971618629', '0505019', 'penyetoran sampah', 1679209920),
(113, 'TSS973163187', '0507016', 'penyetoran sampah', 1656240960),
(582, 'TSS973194456', '0506004', 'penyetoran sampah', 1671270840),
(71, 'TSS973285916', '0502003', 'penyetoran sampah', 1647651420),
(398, 'TSS973516456', '0505003', 'penyetoran sampah', 1669679460),
(558, 'TSS975287132', '0505018', 'penyetoran sampah', 1679209020),
(496, 'TSS975906362', '0505003', 'penyetoran sampah', 1676736600),
(246, 'TSS976313499', '0508004', 'penyetoran sampah', 1664109300),
(197, 'TSS978571479', '0504008', 'penyetoran sampah', 1661066700),
(94, 'TSS979958157', '0510004', 'penyetoran sampah', 1653547980),
(17, 'TSS984593225', '0503001', 'penyetoran sampah', 1641635580),
(4, 'TSS985348805', '0507010', 'penyetoran sampah', 1641631260),
(512, 'TSS989297833', '0507021', 'penyetoran sampah', 1679114280),
(26, 'TSS989926318', '0505006', 'penyetoran sampah', 1641623520),
(332, 'TSS990080686', '0510004', 'penyetoran sampah', 1667110320),
(180, 'TSS990565671', '0505006', 'penyetoran sampah', 1661065380),
(547, 'TSS991884114', '0507016', 'penyetoran sampah', 1679204340),
(143, 'TSS994081005', '0505004', 'penyetoran sampah', 1659151020),
(423, 'TSS995359699', '0205001', 'penyetoran sampah', 1674538500),
(625, 'TSS998040479', '0505015', 'penyetoran sampah', 1684557900),
(366, 'TSS998325770', '0501002', 'penyetoran sampah', 1669521240),
(23, 'TSS999698354', '0503002', 'penyetoran sampah', 1641620160),
(200, 'TTS043538653', '0102001', 'penarikan saldo', 1650060600),
(204, 'TTS068860562', '0503002', 'penarikan saldo', 1655073720),
(603, 'TTS071941543', '0507016', 'penarikan saldo', 1664203260),
(507, 'TTS083122113', '0504008', 'penarikan saldo', 1677316500),
(475, 'TTS084872778', 'A001', 'penarikan saldo', 1668412920),
(352, 'TTS109503898', '0505002', 'penarikan saldo', 1667239980),
(613, 'TTS174563857', '0505002', 'penarikan saldo', 1684196160),
(210, 'TTS176981018', '0507002', 'penarikan saldo', 1645140420),
(606, 'TTS194302062', '0507016', 'penarikan saldo', 1653663420),
(355, 'TTS196914451', '0506006', 'penarikan saldo', 1667241240),
(389, 'TTS210856500', '0507016', 'penarikan saldo', 1669642620),
(493, 'TTS217217450', '0502003', 'penarikan saldo', 1676736120),
(220, 'TTS220143716', '0507018', 'penarikan saldo', 1656200700),
(215, 'TTS227010141', '0507016', 'penarikan saldo', 1641685140),
(360, 'TTS227658162', '0505006', 'penarikan saldo', 1655950860),
(228, 'TTS244632588', '0506006', 'penarikan saldo', 1659141060),
(214, 'TTS268835566', '0507004', 'penarikan saldo', 1653521760),
(501, 'TTS273009095', '0506006', 'penarikan saldo', 1676738340),
(407, 'TTS305424512', '0505016', 'penarikan saldo', 1669500780),
(508, 'TTS306024770', '0505011', 'penarikan saldo', 1677884100),
(384, 'TTS307014658', '0506005', 'penarikan saldo', 1667281200),
(604, 'TTS311616738', '0507016', 'penarikan saldo', 1667313660),
(420, 'TTS330515273', '0502003', 'penarikan saldo', 1669560060),
(491, 'TTS330685195', '0507002', 'penarikan saldo', 1676736000),
(278, 'TTS332100496', '0505016', 'penarikan saldo', 1659914760),
(473, 'TTS343351892', '0505017', 'penarikan saldo', 1674779940),
(356, 'TTS369101165', '0508001', 'penarikan saldo', 1667241540),
(361, 'TTS375193836', '0505005', 'penarikan saldo', 1650421860),
(662, 'TTS378843667', '0506006', 'penarikan saldo', 1684937100),
(549, 'TTS384563679', '0102002', 'penarikan saldo', 1679118720),
(612, 'TTS386839964', '0505011', 'penarikan saldo', 1684196100),
(492, 'TTS392835789', '0506008', 'penarikan saldo', 1676736060),
(202, 'TTS407937264', '0502003', 'penarikan saldo', 1647642900),
(357, 'TTS414643621', '0503002', 'penarikan saldo', 1667243040),
(474, 'TTS480801887', '0507016', 'penarikan saldo', 1674833220),
(230, 'TTS487258199', '0510005', 'penarikan saldo', 1659573960),
(253, 'TTS502778071', '0508001', 'penarikan saldo', 1659186540),
(554, 'TTS508241479', '0505002', 'penarikan saldo', 1679120580),
(227, 'TTS512108122', '0506006', 'penarikan saldo', 1647649800),
(226, 'TTS517187838', '0506004', 'penarikan saldo', 1647649440),
(605, 'TTS536185660', '0507016', 'penarikan saldo', 1647788100),
(354, 'TTS542823295', '0507002', 'penarikan saldo', 1667241000),
(203, 'TTS547083461', '0503002', 'penarikan saldo', 1643841660),
(583, 'TTS558191523', '0506004', 'penarikan saldo', 1677837540),
(564, 'TTS558610350', '0507008', 'penarikan saldo', 1671259440),
(279, 'TTS561568738', '0501001', 'penarikan saldo', 1658014740),
(546, 'TTS588457407', '0507010', 'penarikan saldo', 1679117700),
(664, 'TTS589861792', '0506005', 'penarikan saldo', 1686142680),
(222, 'TTS591982958', '0507018', 'penarikan saldo', 1656200940),
(608, 'TTS592584809', '0507016', 'penarikan saldo', 1671376140),
(516, 'TTS600375210', '0509005', 'penarikan saldo', 1679156520),
(277, 'TTS625266321', '0505011', 'penarikan saldo', 1664061480),
(544, 'TTS630324854', '0507002', 'penarikan saldo', 1679117220),
(201, 'TTS632006446', '0205001', 'penarikan saldo', 1647641820),
(223, 'TTS642344920', '0505002', 'penarikan saldo', 1647649020),
(405, 'TTS642923148', '0510004', 'penarikan saldo', 1669500480),
(283, 'TTS672632714', '0507008', 'penarikan saldo', 1664076900),
(251, 'TTS715322528', '0508001', 'penarikan saldo', 1641647280),
(358, 'TTS724350302', '0505011', 'penarikan saldo', 1667261340),
(576, 'TTS734315960', '0502004', 'penarikan saldo', 1679128740),
(211, 'TTS751660236', '0507002', 'penarikan saldo', 1647646020),
(213, 'TTS834917966', '0507002', 'penarikan saldo', 1656199680),
(590, 'TTS837386530', '0506010', 'penarikan saldo', 1676725380),
(663, 'TTS851969284', '0510004', 'penarikan saldo', 1684595220),
(359, 'TTS880226458', '0505011', 'penarikan saldo', 1669420380),
(351, 'TTS881953475', '0506004', 'penarikan saldo', 1667239260),
(209, 'TTS896526474', '0507008', 'penarikan saldo', 1647645900),
(224, 'TTS914609358', '0505002', 'penarikan saldo', 1650413880),
(646, 'TTS919101791', '0504008', 'penarikan saldo', 1684626420),
(607, 'TTS955709940', '0507016', 'penarikan saldo', 1656342060),
(225, 'TTS957345287', '0505002', 'penarikan saldo', 1659140280),
(490, 'TTS957845286', '0507010', 'penarikan saldo', 1676735820),
(219, 'TTS968363063', '0507018', 'penarikan saldo', 1653522300),
(406, 'TTS975882152', '0505009', 'penarikan saldo', 1669500600),
(252, 'TTS987469428', '0508001', 'penarikan saldo', 1647695280),
(212, 'TTS987479977', '0507002', 'penarikan saldo', 1653521220),
(208, 'TTS999229817', '0507008', 'penarikan saldo', 1645140240);

-- --------------------------------------------------------

--
-- Table structure for table `users`
--

CREATE TABLE `users` (
  `id` varchar(18) NOT NULL,
  `email` varchar(200) DEFAULT NULL,
  `username` varchar(20) NOT NULL,
  `password` varchar(255) NOT NULL,
  `nama_lengkap` varchar(40) NOT NULL,
  `notelp` varchar(14) DEFAULT NULL,
  `nik` varchar(16) DEFAULT NULL,
  `alamat` varchar(255) DEFAULT NULL,
  `tgl_lahir` varchar(10) NOT NULL DEFAULT '00-00-0000',
  `kelamin` enum('laki-laki','perempuan') NOT NULL,
  `token` text DEFAULT NULL,
  `is_active` tinyint(1) NOT NULL DEFAULT 1,
  `last_active` bigint(19) NOT NULL DEFAULT 0,
  `otp` varchar(6) DEFAULT NULL,
  `is_verify` tinyint(1) NOT NULL DEFAULT 0,
  `privilege` varchar(10) NOT NULL,
  `created_at` bigint(20) NOT NULL
) ENGINE=InnoDB DEFAULT CHARSET=utf8 COLLATE=utf8_general_ci;

--
-- Dumping data for table `users`
--

INSERT INTO `users` (`id`, `email`, `username`, `password`, `nama_lengkap`, `notelp`, `nik`, `alamat`, `tgl_lahir`, `kelamin`, `token`, `is_active`, `last_active`, `otp`, `is_verify`, `privilege`, `created_at`) VALUES
('0102001', NULL, '0102001', 'Ir55GnIRfCrMBgtrqeGveQ==', 'ibu heri', NULL, NULL, NULL, '00-00-000', 'perempuan', NULL, 1, 1661927422, NULL, 1, 'nasabah', 1661927422),
('0102002', NULL, '0102002', 'RW4wxF05y+6nhe7RBzEbAA==', 'sri lindawati', NULL, NULL, NULL, '', 'perempuan', 'eyJ0eXAiOiJKV1QiLCJhbGciOiJIUzI1NiJ9.eyJpZCI6IjAxMDIwMDIiLCJ1bmlxdWVpZCI6IjYzZDQzMDI1NzE5NDMiLCJwYXNzd29yZCI6IlJXNHd4RjA1eSs2bmhlN1JCekViQUE9PSIsInByaXZpbGVnZSI6Im5hc2FiYWgiLCJleHBpcmVkIjoxNjc0OTM2NzQxfQ.a1xACC4z7aM-nAFprJc4sxYXF9KK6fBBMdlDQjrDH1k', 1, 1674850341, NULL, 1, 'nasabah', 1661927422),
('0201001', 'elkoro424@gmail.com', 'elkoro424xx', 'hidlDsc9HgTvJRA0ZUCeUA==', 'muhammad akbar bagas', '085155352488', '3674070310000002', 'cendana residence xx', '04-10-2022', 'perempuan', NULL, 1, 1665033361, '348129', 0, 'nasabah', 1665033223),
('0205001', NULL, '0205001', 'Qj9Y02HK0pjlVZWrqppvPw==', 'ibu triyana hartanti', NULL, NULL, NULL, '21-09-2022', 'perempuan', NULL, 1, 1661927422, NULL, 1, 'nasabah', 1661927422),
('0500001', NULL, '0500001', 'kRXR2U34IPYdN12i6MHoSw==', 'anie xixieboba', NULL, NULL, NULL, '07-09-2022', 'perempuan', NULL, 1, 1662539615, '082572', 1, 'nasabah', 1662539615),
('0501001', 'tesxx@gmail.com', '0501001', 'HwEGJ3Rg6kx41yEXXjIS9w==', 'nanang', '081617217156', '3674070310000088', 'Jl. Perkutut', '02-09-2022', 'perempuan', NULL, 1, 1681788784, NULL, 1, 'nasabah', 1661927422),
('0501002', 'tesyy@gmail.com', '0501002', 'A0MtHZ3OV/j6hxXQMmQUiA==', 'ibu supardi', '085155352477', '3674070310000999', 'indonesia', '03-09-2022', 'perempuan', 'eyJ0eXAiOiJKV1QiLCJhbGciOiJIUzI1NiJ9.eyJpZCI6IjA1MDEwMDIiLCJ1bmlxdWVpZCI6IjY0NjljNzBmNTVhMzQiLCJwYXNzd29yZCI6IkEwTXRIWjNPVlwvajZoeFhRTW1RVWlBPT0iLCJwcml2aWxlZ2UiOiJuYXNhYmFoIiwiZXhwaXJlZCI6MTY4NDc0MDIzOX0.jry1xu1qzSgEh40If7lGp_sS4egq1y_ZC3QSNhpg5CE', 1, 1684653839, NULL, 1, 'nasabah', 1661927422),
('0501003', NULL, '0501003', '1PpGooB1E6FFAGGB7DlH+g==', 'istiajid', NULL, NULL, NULL, '', 'perempuan', 'eyJ0eXAiOiJKV1QiLCJhbGciOiJIUzI1NiJ9.eyJpZCI6IjA1MDEwMDMiLCJ1bmlxdWVpZCI6IjY0M2U4ZjQ2ZWVlNmQiLCJwYXNzd29yZCI6IjFQcEdvb0IxRTZGRkFHR0I3RGxIK2c9PSIsInByaXZpbGVnZSI6Im5hc2FiYWgiLCJleHBpcmVkIjoxNjgxOTA3OTEwfQ.EUesae-xmJS6OeQzqp702pbuzMimOgNYX75j4_BbNTg', 1, 1681821510, NULL, 1, 'nasabah', 1661927422),
('0501004', NULL, '0501004', 'kOP5H9LmcJuBmG2uk9yadQ==', 'ibu saino', NULL, NULL, NULL, '00-00-000', 'perempuan', NULL, 1, 1661927422, NULL, 1, 'nasabah', 1661927422),
('0501005', NULL, '0501005', 'bE6WLf4vflnMzsOJ1umc6w==', 'nana syaiful', NULL, NULL, NULL, '', 'perempuan', NULL, 1, 1684593211, '166460', 1, 'nasabah', 1684593211),
('0502001', NULL, '0502001', 'MdlhXGkFE0LGNPSEFoHh2w==', 'hayati', NULL, NULL, NULL, '', 'perempuan', NULL, 1, 1661927422, NULL, 1, 'nasabah', 1661927422),
('0502003', NULL, '0502002', 'o4EqR20QlLqZ7NDAqlB/fg==', 'ibu jeanne', NULL, NULL, NULL, '00-00-000', 'perempuan', NULL, 1, 1661927422, NULL, 1, 'nasabah', 1661927422),
('0502004', NULL, '0502004', '9wJCEIE/xXyjZjV9a2NeoQ==', 'bapak rusmin', NULL, NULL, NULL, '10-10-2022', 'laki-laki', 'eyJ0eXAiOiJKV1QiLCJhbGciOiJIUzI1NiJ9.eyJpZCI6IjA1MDIwMDQiLCJ1bmlxdWVpZCI6IjY0MTU3ZDhlODYxYjMiLCJwYXNzd29yZCI6Ijl3SkNFSUVcL3hYeWpaalY5YTJOZW9RPT0iLCJwcml2aWxlZ2UiOiJuYXNhYmFoIiwiZXhwaXJlZCI6MTY3OTIxNjM5OH0.sqkAIekI0CBWHkX0LmDWaUPf29ijaxhZ0mYDF6Q6bsU', 1, 1679129998, '441339', 1, 'nasabah', 1665371422),
('0502005', NULL, '0502005', 'Ad2eOIYzPOY0vfriniwCCg==', 'ibu gina', NULL, NULL, NULL, '', 'perempuan', NULL, 1, 1669523976, '878750', 1, 'nasabah', 1669523976),
('0503001', NULL, '0503001', 'EwBBohz2ztu/uaaofV4jgg==', 'roy', NULL, NULL, NULL, '07-09-2022', 'laki-laki', 'eyJ0eXAiOiJKV1QiLCJhbGciOiJIUzI1NiJ9.eyJpZCI6IjA1MDMwMDEiLCJ1bmlxdWVpZCI6IjYzNzRhNzI5M2I4ZDgiLCJwYXNzd29yZCI6IkV3QkJvaHoyenR1XC91YWFvZlY0amdnPT0iLCJwcml2aWxlZ2UiOiJuYXNhYmFoIiwiZXhwaXJlZCI6MTY2ODY3NTc1M30.RUHCAMxtd1Uq6mRYwVWKUNMk611ZY9iZtSqrIjFCODk', 1, 1668589353, '783242', 1, 'nasabah', 1662542133),
('0503002', NULL, '0503002', 'cdx/obwcSJjvBKazPjrQhQ==', 'meity alex gimon', NULL, NULL, NULL, '07-09-2022', 'perempuan', NULL, 1, 1685275978, NULL, 1, 'nasabah', 1661927422),
('0503003', NULL, '0503003', 'Dnc678JZKdzBGk29rRy0gQ==', 'ibu maulana', NULL, NULL, NULL, '00-00-000', 'perempuan', NULL, 1, 1661927422, NULL, 1, 'nasabah', 1661927422),
('0503004', NULL, '0503004', 'Gz0LsBaF4JXYp/grB06KdQ==', 'ibu sudiyanto', NULL, NULL, NULL, '00-00-000', 'perempuan', NULL, 1, 1661927422, NULL, 1, 'nasabah', 1661927422),
('0503005', NULL, '0503005', 'Rfx05tcAjKaet/cBJlcxNw==', 'ibu mariam', NULL, NULL, NULL, '00-00-000', 'perempuan', NULL, 1, 1661927422, NULL, 1, 'nasabah', 1661927422),
('0503006', NULL, '0503007', '2OfDaS87U6s49E7ZAJMnMw==', 'bu chandra evi / mama sabrina', NULL, NULL, NULL, '09-10-2022', 'perempuan', NULL, 1, 1665308342, '744425', 1, 'nasabah', 1665308342),
('0504001', NULL, '0504001', '4eY8hTrufLHNpDFXwz3aSQ==', 'ibu ririn', NULL, NULL, NULL, '00-00-000', 'perempuan', NULL, 1, 1661927422, NULL, 1, 'nasabah', 1661927422),
('0504002', NULL, '0504002', '3dVJ8xlFeCxC141oVwJWPQ==', 'ibu hikmat', NULL, NULL, NULL, '00-00-000', 'perempuan', NULL, 1, 1661927422, NULL, 1, 'nasabah', 1661927422),
('0504003', NULL, '0504003', 'fJfqyyBGPS7KnNQHqMRDCQ==', 'pkk rt04', NULL, NULL, NULL, '07-09-2022', 'perempuan', NULL, 1, 1661927422, NULL, 1, 'nasabah', 1661927422),
('0504004', NULL, '0504004', 'hwr2O6bPgu4rERdp4SuOnA==', 'ibu gapno2', NULL, NULL, NULL, '00-00-000', 'perempuan', NULL, 1, 1661927423, NULL, 1, 'nasabah', 1661927423),
('0504005', NULL, '0504005', 't8QRjayo88q4599CQ/Bf8g==', 'ibu indra', NULL, NULL, NULL, '00-00-000', 'perempuan', NULL, 1, 1661927423, NULL, 1, 'nasabah', 1661927423),
('0504006', NULL, '0504006', 'kzgfC2JVFdj1T7nOmhnE0Q==', 'ibu yusuf', NULL, NULL, NULL, '00-00-000', 'perempuan', NULL, 1, 1661927423, NULL, 1, 'nasabah', 1661927423),
('0504007', NULL, '0504007', 'cZ8kfr2Sk5NFb+w/5P2DEA==', 'ibu erikson', NULL, NULL, NULL, '00-00-000', 'perempuan', NULL, 1, 1661927423, NULL, 1, 'nasabah', 1661927423),
('0504008', NULL, '0504008', 'q/Kn98R7gZXIv0gVhsIS6g==', 'herman', NULL, NULL, NULL, '', 'perempuan', NULL, 1, 1661927423, NULL, 1, 'nasabah', 1661927423),
('0504009', NULL, '0504009', '010QjTwBdQCldSu6GOgrUQ==', 'drg. ani bambang', NULL, NULL, NULL, '', 'perempuan', NULL, 1, 1667097602, '038910', 1, 'nasabah', 1667097602),
('0505001', NULL, '0505001', '45jLrxdV2PsciSJ4ToH/0A==', 'bapak eri kuswanda', NULL, NULL, NULL, '00-00-000', 'laki-laki', NULL, 1, 1667793976, NULL, 1, 'nasabah', 1661927423),
('0505002', NULL, '0505002', 'Mlu12k18XsJPUcPAuBXR+g==', 'jamali', NULL, NULL, NULL, '', 'laki-laki', NULL, 1, 1675155161, NULL, 1, 'nasabah', 1661927423),
('0505003', NULL, '0505003', 'McDnrxxlGyVe40SPkO4YSA==', 'ruslan', NULL, NULL, NULL, '', 'laki-laki', NULL, 1, 1667792980, NULL, 1, 'nasabah', 1661927423),
('0505004', NULL, '0505004', 'N7tM/45NZ/K/ZYHdjwrHDg==', 'ibu yoki', NULL, NULL, NULL, '00-00-000', 'perempuan', NULL, 1, 1667793043, NULL, 1, 'nasabah', 1661927423),
('0505005', NULL, '0505005', 'Ykmg1xw6JTSZxUzdhuzKVw==', 'karsono', NULL, NULL, NULL, '', 'perempuan', NULL, 1, 1667793113, NULL, 1, 'nasabah', 1661927423),
('0505006', NULL, '0505006', 'OhX1c7TExZ7nBRxQUwlSgQ==', 'sulastri', NULL, NULL, NULL, '', 'perempuan', NULL, 1, 1667793164, NULL, 1, 'nasabah', 1661927423),
('0505007', NULL, '0505007', 'JimATam4dTiJI/6s8UgpQw==', 'ibu ina', NULL, NULL, NULL, '00-00-000', 'perempuan', NULL, 1, 1667793230, NULL, 1, 'nasabah', 1661927423),
('0505008', NULL, '0505008', 'KzMSTgB1xDBzcXVK3PnXcg==', 'ibu sugi', NULL, NULL, NULL, '00-00-000', 'perempuan', NULL, 1, 1667793389, NULL, 1, 'nasabah', 1661927423),
('0505009', NULL, '0505009', 'sIGmN0oQHa2cGhdjQHOh8g==', 'ibu wita', NULL, NULL, NULL, '00-00-000', 'perempuan', NULL, 1, 1667793334, NULL, 1, 'nasabah', 1661927423),
('0505010', NULL, '0505010', 'umwOsAFD0+VawByPEjTeRw==', 'pur', NULL, NULL, NULL, '', 'perempuan', 'eyJ0eXAiOiJKV1QiLCJhbGciOiJIUzI1NiJ9.eyJpZCI6IjA1MDUwMTAiLCJ1bmlxdWVpZCI6IjY0NmNiMTczZDE1NTEiLCJwYXNzd29yZCI6InVtd09zQUZEMCtWYXdCeVBFalRlUnc9PSIsInByaXZpbGVnZSI6Im5hc2FiYWgiLCJleHBpcmVkIjoxNjg0OTMxMzE1fQ.rHD9AuVspFHxOsF8Qp-GQYDJaiOgd0VxxkyIg-VDn7c', 1, 1684844915, NULL, 1, 'nasabah', 1661927423),
('0505011', NULL, '0505011', 'XPaSI614n/q9NDclczXZVA==', 'sri wahyuni', NULL, NULL, NULL, '', 'perempuan', 'eyJ0eXAiOiJKV1QiLCJhbGciOiJIUzI1NiJ9.eyJpZCI6IjA1MDUwMTEiLCJ1bmlxdWVpZCI6IjY0NjlhZjBhMmI1NTgiLCJwYXNzd29yZCI6IlhQYVNJNjE0blwvcTlORGNsY3pYWlZBPT0iLCJwcml2aWxlZ2UiOiJuYXNhYmFoIiwiZXhwaXJlZCI6MTY4NDczNDA5MH0.JucAkZ1by9SZdYEi2bjXLjsVHu2VZMxvg20jRPBxQT0', 1, 1684647690, NULL, 1, 'nasabah', 1661927423),
('0505012', NULL, '0505012', 'M6CIemOlTJ83QF32+lFTOw==', 'gita', NULL, NULL, NULL, '', 'perempuan', NULL, 1, 1667793529, NULL, 1, 'nasabah', 1661927423),
('0505013', NULL, '0505013', '5TRj1NGOX3LL/6JPElI5ow==', 'ibu selly', NULL, NULL, NULL, '00-00-000', 'perempuan', NULL, 1, 1667793574, NULL, 1, 'nasabah', 1661927423),
('0505014', NULL, '0505014', 'x/0kyUOMqundHe+8u07SJw==', 'misyel', NULL, NULL, NULL, '00-00-000', 'perempuan', NULL, 1, 1667793615, NULL, 1, 'nasabah', 1661927423),
('0505015', NULL, '0505015', 'Ih9KgGULMcX/XANiM9Aszg==', 'ibu renny sunarto', NULL, NULL, NULL, '', 'perempuan', NULL, 1, 1667793649, NULL, 1, 'nasabah', 1661927423),
('0505016', NULL, '0505016', '91VuERSafuPFEidHDIqZLg==', 'jira', NULL, NULL, NULL, '00-00-000', 'perempuan', NULL, 1, 1667795056, NULL, 1, 'nasabah', 1661927423),
('0505017', NULL, '0505017', 'ZjuuD9eIRjCmr/KaCoplig==', 'maisaroh', NULL, NULL, NULL, '00-00-000', 'perempuan', 'eyJ0eXAiOiJKV1QiLCJhbGciOiJIUzI1NiJ9.eyJpZCI6IjA1MDUwMTciLCJ1bmlxdWVpZCI6IjYzZDMyMDNmOTAyNDQiLCJwYXNzd29yZCI6IlpqdXVEOWVJUmpDbXJcL0thQ29wbGlnPT0iLCJwcml2aWxlZ2UiOiJuYXNhYmFoIiwiZXhwaXJlZCI6MTY3NDg2NzEzNX0.EqM8PF3pke1co7bKSF1yo2GqzwtK-FeqIFhiYIfR5ks', 1, 1674780735, NULL, 1, 'nasabah', 1661927423),
('0505018', NULL, '0505018', 'O33doMU6uDQxmCxgSRPnOg==', 'winda', NULL, NULL, NULL, '00-00-000', 'perempuan', NULL, 1, 1667793786, NULL, 1, 'nasabah', 1661927423),
('0505019', NULL, '0505019', 'pvTY0bLzUeRVqXjYXmdBYQ==', 'vina', NULL, NULL, NULL, '00-00-000', 'perempuan', NULL, 1, 1667793832, NULL, 1, 'nasabah', 1661927423),
('0505020', NULL, '0505020', 'HkmKmwcogC+VxmjWmMWTVw==', 'ibu vera', NULL, NULL, NULL, '', 'perempuan', NULL, 1, 1667793869, '492438', 1, 'nasabah', 1667108086),
('0505021', NULL, '0505021', 'w9klySqFmJZzxqpk7jLMgw==', 'mama riani', NULL, NULL, NULL, '', 'perempuan', NULL, 1, 1679198920, '017945', 1, 'nasabah', 1679198920),
('0505022', NULL, '0505022', 'x6mcnbdQx07qZSroF5lxtg==', 'yenny alex', NULL, NULL, NULL, '', 'perempuan', NULL, 1, 1684630875, '334964', 1, 'nasabah', 1684630875),
('0506001', NULL, '0506001', '+TR/yTQBszUlsDY3aPayjA==', 'ibu linda', NULL, NULL, NULL, '00-00-000', 'perempuan', 'eyJ0eXAiOiJKV1QiLCJhbGciOiJIUzI1NiJ9.eyJpZCI6IjA1MDYwMDEiLCJ1bmlxdWVpZCI6IjY0M2UxY2JhNmI2MzAiLCJwYXNzd29yZCI6IitUUlwveVRRQnN6VWxzRFkzYVBheWpBPT0iLCJwcml2aWxlZ2UiOiJuYXNhYmFoIiwiZXhwaXJlZCI6MTY4MTg3ODU4Nn0.d7s_GN0-DIwFn6HZLJxvibXHjqXreAC5RLSkMGkGQtg', 1, 1681792186, NULL, 1, 'nasabah', 1661927423),
('0506002', NULL, '0506002', 'TftT8MAmfkB4PMaKJB2BIQ==', 'ibu lina marlina', NULL, NULL, NULL, '00-00-000', 'perempuan', NULL, 1, 1661927423, NULL, 1, 'nasabah', 1661927423),
('0506003', NULL, '0506003', 'I+/0iLlW6/VkkxrjNw8+kQ==', 'ibu dadang', NULL, NULL, NULL, '00-00-000', 'perempuan', NULL, 1, 1661927423, NULL, 1, 'nasabah', 1661927423),
('0506004', NULL, '0506004', 'OlwgJtJ5MWp6ByIcEHUxcQ==', 'ibu dindin', NULL, NULL, NULL, '00-00-000', 'perempuan', NULL, 1, 1685701384, NULL, 1, 'nasabah', 1661927423),
('0506005', NULL, '0506005', 'CAcrXCgnTAdjkeCacX/GkA==', 'ibu rinda', NULL, NULL, NULL, '', 'perempuan', NULL, 1, 1685701277, NULL, 1, 'nasabah', 1661927423),
('0506006', NULL, '0506006', 'H2M+z75PgEg/9LuQys4k3w==', 'ibu yani andi', NULL, NULL, NULL, '', 'perempuan', NULL, 1, 1684936122, NULL, 1, 'nasabah', 1661927423),
('0506007', NULL, '0506007', '0L7dLnKsLqaBwuMnftEEvg==', 'nur andrea', NULL, NULL, NULL, '07-09-2022', 'perempuan', 'eyJ0eXAiOiJKV1QiLCJhbGciOiJIUzI1NiJ9.eyJpZCI6IjA1MDYwMDciLCJ1bmlxdWVpZCI6IjY0MTdiZDRiOGZkYjAiLCJwYXNzd29yZCI6IjBMN2RMbktzTHFhQnd1TW5mdEVFdmc9PSIsInByaXZpbGVnZSI6Im5hc2FiYWgiLCJleHBpcmVkIjoxNjc5MzYzNzg3fQ.zNYhC0d5obCt5TQI_OnGGgHkQFYLl1wSJ7rSzA-k6hw', 1, 1679277387, NULL, 1, 'nasabah', 1661927423),
('0506008', NULL, '0506008', '6VsjyJ/u7ReZu10HTRGxng==', 'umi adit', NULL, NULL, NULL, '07-09-2022', 'perempuan', 'eyJ0eXAiOiJKV1QiLCJhbGciOiJIUzI1NiJ9.eyJpZCI6IjA1MDYwMDgiLCJ1bmlxdWVpZCI6IjYzNmI2YTllYjYxMDEiLCJwYXNzd29yZCI6IjZWc2p5SlwvdTdSZVp1MTBIVFJHeG5nPT0iLCJwcml2aWxlZ2UiOiJuYXNhYmFoIiwiZXhwaXJlZCI6MTY2ODA3MDQzMH0.KhUXKEySYMUNuiJ20_728MJTVrdiej3yyjasX7JCZd8', 1, 1667984030, NULL, 1, 'nasabah', 1661927423),
('0506009', NULL, '0506009', 'J22mdbm4pL1VjA551xbIHw==', 'lia', NULL, NULL, NULL, '', 'perempuan', NULL, 1, 1674691123, NULL, 1, 'nasabah', 1661927423),
('0506010', NULL, '0506010', 'hGsLmyis8VcLpe+GitF6mA==', 'lenni', NULL, NULL, NULL, '', 'perempuan', NULL, 1, 1674741302, '198327', 1, 'nasabah', 1674598705),
('0506011', NULL, '0506011', 'kuf64KT69iVPjlwTFY2fmQ==', 'witono', NULL, NULL, NULL, '', 'perempuan', NULL, 1, 1684678923, '852607', 1, 'nasabah', 1674603645),
('0506012', NULL, '0506012', 'rclmA/LFyvrCaFbxPg358Q==', 'wulan', NULL, NULL, NULL, '', 'perempuan', NULL, 1, 1684597841, '370712', 1, 'nasabah', 1684597841),
('0507001', NULL, '0507001', 'bijvPTCmjzlOFyI6TsUc4g==', 'ibu bbg utomo', NULL, NULL, NULL, '00-00-000', 'perempuan', NULL, 1, 1661927423, NULL, 1, 'nasabah', 1661927423),
('0507002', NULL, '0507002', 'cZNYyg+M9BnQQrTyh/+gPA==', 'safinah sudadi', NULL, NULL, NULL, '', 'perempuan', 'eyJ0eXAiOiJKV1QiLCJhbGciOiJIUzI1NiJ9.eyJpZCI6IjA1MDcwMDIiLCJ1bmlxdWVpZCI6IjY0ODA3OWVkMzhiMzAiLCJwYXNzd29yZCI6ImNaTll5ZytNOUJuUVFyVHloXC8rZ1BBPT0iLCJwcml2aWxlZ2UiOiJuYXNhYmFoIiwiZXhwaXJlZCI6MTY4NjIyNzgyMX0.iXdKC3qTWoi6EBmjKnStdsiTEQbvjMtSu4RMDqMdLPs', 1, 1686141421, NULL, 1, 'nasabah', 1661927423),
('0507003', NULL, '0507003', 'YDqI8veXBH6Yac3y2JQ46g==', 'nisa', NULL, NULL, NULL, '00-00-000', 'perempuan', NULL, 1, 1661927423, NULL, 1, 'nasabah', 1661927423),
('0507004', NULL, '0507004', 't3afUy87X03OP7NChcwfDg==', 'ibu endang akoen', NULL, NULL, NULL, '00-00-000', 'perempuan', NULL, 1, 1661927423, NULL, 1, 'nasabah', 1661927423),
('0507005', NULL, '0507005', 'Z8Z31To3pd+RmN6I3x1Kzg==', 'ibu agustina', NULL, NULL, NULL, '00-00-000', 'perempuan', NULL, 1, 1668062771, NULL, 1, 'nasabah', 1661927423),
('0507006', NULL, '0507006', 'axjZWF9WdCXTpnywNFYzUg==', 'ibu ahmad', NULL, NULL, NULL, '00-00-000', 'perempuan', NULL, 1, 1661927424, NULL, 1, 'nasabah', 1661927424),
('0507007', NULL, '0507007', 'jlql5bF7X6Vl/lhYs7N/2w==', 'ibu lilik', NULL, NULL, NULL, '00-00-000', 'perempuan', NULL, 1, 1661927424, NULL, 1, 'nasabah', 1661927424),
('0507008', NULL, '0507008', 'kQRTHwVau4vy5Yz4hiE67A==', 'yudith (ibu anung)', NULL, NULL, NULL, '00-00-000', 'perempuan', 'eyJ0eXAiOiJKV1QiLCJhbGciOiJIUzI1NiJ9.eyJpZCI6IjA1MDcwMDgiLCJ1bmlxdWVpZCI6IjY0NmFiNmExNDMyNzMiLCJwYXNzd29yZCI6ImtRUlRId1ZhdTR2eTVZejRoaUU2N0E9PSIsInByaXZpbGVnZSI6Im5hc2FiYWgiLCJleHBpcmVkIjoxNjg0ODAxNTY5fQ.mO-3KA6Hbk-fhUG2Y-dFH5hFu0W7n2QFkZ-w0J7IcB8', 1, 1684715169, NULL, 1, 'nasabah', 1661927424),
('0507009', NULL, '0507009', '/mXynM0+W+Xo3ldVecYNdA==', 'putri (ibu bambang utomo)', NULL, NULL, NULL, '00-00-000', 'perempuan', NULL, 1, 1685163833, NULL, 1, 'nasabah', 1661927424),
('0507010', NULL, '0507010', 'uQ74Pq9wGJJQGnY1iP+FYw==', 'lestari (ibu bambang utomo)', NULL, NULL, NULL, '00-00-000', 'perempuan', NULL, 1, 1681788552, NULL, 1, 'nasabah', 1661927424),
('0507011', NULL, '0507011', 'o3Y8RKAZFCA6OFhPtxJnCQ==', 'esty (ibu bambang utomo)', NULL, NULL, NULL, '00-00-000', 'perempuan', NULL, 1, 1685163727, NULL, 1, 'nasabah', 1661927424),
('0507012', NULL, '0507012', 'jXdf1zMOvqFbCRULE0W5sQ==', 'ibu sugiharjo', NULL, NULL, NULL, '00-00-000', 'perempuan', NULL, 1, 1661927424, NULL, 1, 'nasabah', 1661927424),
('0507013', NULL, '0507013', '2m6j2ViJuzQ+q268iLypKA==', 'ibu yati (ibu hilman)', NULL, NULL, NULL, '00-00-000', 'perempuan', NULL, 1, 1661927424, NULL, 1, 'nasabah', 1661927424),
('0507014', NULL, '0507014', 'CpWWsVbOw6N17EhIgkXkhA==', 'bapak kardi', NULL, NULL, NULL, '00-00-000', 'laki-laki', NULL, 1, 1661927424, NULL, 1, 'nasabah', 1661927424),
('0507015', NULL, '0507015', '6D+r/0atVnxXX/qhd+gVIQ==', 'mita', NULL, NULL, NULL, '00-00-000', 'perempuan', NULL, 1, 1661927424, NULL, 1, 'nasabah', 1661927424),
('0507016', NULL, '0507016', 'GBSN49EEauVrqZENx2jfkg==', 'yuliana jefri', NULL, NULL, NULL, '', 'perempuan', 'eyJ0eXAiOiJKV1QiLCJhbGciOiJIUzI1NiJ9.eyJpZCI6IjA1MDcwMTYiLCJ1bmlxdWVpZCI6IjY0NzM3NGNhMjJhM2YiLCJwYXNzd29yZCI6IkdCU040OUVFYXVWcnFaRU54Mmpma2c9PSIsInByaXZpbGVnZSI6Im5hc2FiYWgiLCJleHBpcmVkIjoxNjg1Mzc0NTM4fQ.ju2R-L3LZMkwJZ0QkUKUVunji7DoqKvWHvJDMQ-biA8', 1, 1685288138, NULL, 1, 'nasabah', 1661927424),
('0507017', NULL, '0507017', 'vPDO+G8dTagUw7s0lTOyag==', 'bapak dimpo', NULL, NULL, NULL, '21-09-2022', 'laki-laki', NULL, 1, 1661927424, NULL, 1, 'nasabah', 1661927424),
('0507018', NULL, '0507018', 'PwNBkA4Lq+aPT2cbLXh8rQ==', 'ibu iyang bowo', NULL, NULL, NULL, '00-00-000', 'perempuan', NULL, 1, 1667799497, NULL, 1, 'nasabah', 1661927424),
('0507019', NULL, '0507019', 'ByGXKiOBeJ5dghqq9CJEeA==', 'ibu fitrah', NULL, NULL, NULL, '00-00-000', 'perempuan', NULL, 1, 1661927424, NULL, 1, 'nasabah', 1661927424),
('0507020', 'Safinahdinah@gmail.com', 'SafinahFinah', 'xIc1qWkk1UtzpiUNugaaSA==', 'safinah', '087882558189', '3671115602630001', 'PINANG GRIYA PERMAI JL MERPATI PUTIH BLOK B NO 169', '16-02-1963', 'perempuan', NULL, 1, 1674833442, NULL, 1, 'nasabah', 1674833441),
('0507021', NULL, '0507021', 'k1E3114VC8C1QWIpdDqsBQ==', 'yanti', NULL, NULL, NULL, '', 'perempuan', NULL, 1, 1676694225, '516405', 1, 'nasabah', 1676694225),
('0508001', NULL, '0508001', 'L3XEQOOn62vYKiTwhwei4Q==', 'yuniati', NULL, NULL, NULL, '', 'perempuan', NULL, 1, 1667793919, NULL, 1, 'nasabah', 1661927424),
('0508002', NULL, '0508002', 'D/yuekhK6kp5TFkD0T+Rgg==', 'ibu edi juanda', NULL, NULL, NULL, '00-00-000', 'perempuan', NULL, 1, 1661927424, NULL, 1, 'nasabah', 1661927424),
('0508003', NULL, '0508003', 'eSBEQFQZdy3/6hmCkq1KPg==', 'ibu max', NULL, NULL, NULL, '00-00-000', 'perempuan', NULL, 1, 1661927424, NULL, 1, 'nasabah', 1661927424),
('0508004', NULL, '0508004', 'vzW8RTl8Uh9EyFw4rCk9yA==', 'sofie / joko rukminto', NULL, NULL, NULL, '09-10-2022', 'perempuan', NULL, 1, 1665318876, '743883', 1, 'nasabah', 1665318876),
('0508005', NULL, '0508005', 'BzSTawaEgwg8r6rRT+e7lQ==', 'enjun', NULL, NULL, NULL, '10-10-2022', 'perempuan', 'eyJ0eXAiOiJKV1QiLCJhbGciOiJIUzI1NiJ9.eyJpZCI6IjA1MDgwMDUiLCJ1bmlxdWVpZCI6IjY0NjliMDQ5N2UxN2IiLCJwYXNzd29yZCI6IkJ6U1Rhd2FFZ3dnOHI2clJUK2U3bFE9PSIsInByaXZpbGVnZSI6Im5hc2FiYWgiLCJleHBpcmVkIjoxNjg0NzM0NDA5fQ.yRbUYIx1EMfGA0G_lBQdY-PtkOXUtT1xUC3OkpK9G6Y', 1, 1684648009, '353134', 1, 'nasabah', 1665359272),
('0508006', NULL, '0508006', 'qWGLojgVT5AjSoUzfRBgWw==', 'widya', NULL, NULL, NULL, '', 'perempuan', NULL, 1, 1667817609, '740465', 1, 'nasabah', 1667104460),
('0508007', NULL, '0508007', '0cd3rgR0mn5eiL4cHDco8g==', 'herdian', NULL, NULL, NULL, '', 'perempuan', 'eyJ0eXAiOiJKV1QiLCJhbGciOiJIUzI1NiJ9.eyJpZCI6IjA1MDgwMDciLCJ1bmlxdWVpZCI6IjY0NjlhYzE1NjY2Y2QiLCJwYXNzd29yZCI6IjBjZDNyZ1IwbW41ZWlMNGNIRGNvOGc9PSIsInByaXZpbGVnZSI6Im5hc2FiYWgiLCJleHBpcmVkIjoxNjg0NzMzMzMzfQ.ZJpDyb19yYFYosILaqtzsDOoXuZ2VHWQYUwYSEE3qO8', 1, 1684646933, '027695', 1, 'nasabah', 1667107263),
('0509001', NULL, '0509001', '/dqPM2LfpJyphYKY5oiUtQ==', 'ibu li slamet', NULL, NULL, NULL, '00-00-000', 'perempuan', NULL, 1, 1668062693, NULL, 1, 'nasabah', 1661927424),
('0509002', NULL, '0509002', '7KhZ+XaK26NXir3RPO79ug==', 'ibu sri rahayu', NULL, NULL, NULL, '00-00-000', 'perempuan', NULL, 1, 1661946348, NULL, 1, 'nasabah', 1661927424),
('0509003', NULL, '0509003', 'NG5IBuUO/psALCvnVdfrVQ==', 'ibu ina', NULL, NULL, NULL, '00-00-000', 'perempuan', NULL, 1, 1661927424, NULL, 1, 'nasabah', 1661927424),
('0509004', NULL, '0509004', 'd83MMkdqyeR/KkSSUoNaCQ==', 'winny imam', NULL, NULL, NULL, '00-00-000', 'perempuan', NULL, 1, 1674722509, NULL, 1, 'nasabah', 1661927424),
('0509005', NULL, '0509005', 'ktl/YXoVEIzB9uM9BkMJDA==', 'ibu yulianis dirman', NULL, NULL, NULL, '', 'perempuan', NULL, 1, 1674698335, NULL, 1, 'nasabah', 1661927424),
('0509006', NULL, '0509006', 'hiT6xGyCN9vFR+UZbhKr+g==', 'ibu eka sandra', NULL, NULL, NULL, '00-00-000', 'perempuan', NULL, 1, 1674695656, NULL, 1, 'nasabah', 1661927424),
('0509007', NULL, '0509007', 'SNGkV7hPxcG5rT0LqIIdRA==', 'ana', NULL, NULL, NULL, '', 'perempuan', 'eyJ0eXAiOiJKV1QiLCJhbGciOiJIUzI1NiJ9.eyJpZCI6IjA1MDkwMDciLCJ1bmlxdWVpZCI6IjY0Njk2MDY3ZDQxOWEiLCJwYXNzd29yZCI6IlNOR2tWN2hQeGNHNXJUMExxSUlkUkE9PSIsInByaXZpbGVnZSI6Im5hc2FiYWgiLCJleHBpcmVkIjoxNjg0NzEzOTU5fQ.70qNhafOCJlTBAwIAITuPNcyUeVRgItgl9kTqNmx0yc', 1, 1684627559, NULL, 1, 'nasabah', 1661927424),
('0509008', NULL, '0509008', 'ACob2ZrEosAhqqYJop5Glw==', 'bapak agung', NULL, NULL, NULL, '00-00-000', 'laki-laki', NULL, 1, 1661927424, NULL, 1, 'nasabah', 1661927424),
('0509009', NULL, '0509009', 'z8NwkYqnWnsjNuNBVutoBA==', 'riska', NULL, NULL, NULL, '00-00-000', 'perempuan', 'eyJ0eXAiOiJKV1QiLCJhbGciOiJIUzI1NiJ9.eyJpZCI6IjA1MDkwMDkiLCJ1bmlxdWVpZCI6IjY0ODJkMmY0ZWMzYzMiLCJwYXNzd29yZCI6Ino4TndrWXFuV25zak51TkJWdXRvQkE9PSIsInByaXZpbGVnZSI6Im5hc2FiYWgiLCJleHBpcmVkIjoxNjg2MzgxNjg0fQ.kFJ6u7nW6AAxHUj0ZBuc3N6PkOsyS8qeDAOaitJ962k', 1, 1686295284, NULL, 1, 'nasabah', 1661927424),
('0509010', NULL, '0509010', 'O+UKdBXcpBuvhgsfsj1QtQ==', 'kas rt09', NULL, NULL, NULL, '09-10-2022', 'laki-laki', NULL, 1, 1665306341, '564103', 1, 'nasabah', 1665306341),
('0509011', NULL, '0509011', '/ti1XvwIXJGOk7QylNEXuw==', 'hj. mulyati', NULL, NULL, NULL, '09-10-2022', 'perempuan', NULL, 1, 1665307311, '341210', 1, 'nasabah', 1665307311),
('0509012', NULL, '0509012', 'OIe+gcunZxhkCbksJ+hmSg==', 'ibu yati sumiyarti', NULL, NULL, NULL, '', 'perempuan', NULL, 1, 1674724944, '397695', 1, 'nasabah', 1669522331),
('0509013', NULL, '0509013', 'wqLk9+G1J21bpLrTzAtKCw==', 'kosong', NULL, NULL, NULL, '', 'perempuan', NULL, 1, 1674609018, '353204', 1, 'nasabah', 1674609018),
('0510001', NULL, '0510001', '8wVv2yRQlkD0DFUUmd5CTw==', 'bapak rusiman', NULL, NULL, NULL, '00-00-000', 'laki-laki', NULL, 1, 1661927424, NULL, 1, 'nasabah', 1661927424),
('0510002', NULL, '0510002', 'cO1T9gDM+dbXBKnjXzMYug==', 'ibu wati', NULL, NULL, NULL, '00-00-000', 'perempuan', NULL, 1, 1661927424, NULL, 1, 'nasabah', 1661927424),
('0510003', NULL, '0510003', 'HoPbq2qtLkouIsOyF5mobA==', 'ibu alfian', NULL, NULL, NULL, '31-08-2022', 'perempuan', 'eyJ0eXAiOiJKV1QiLCJhbGciOiJIUzI1NiJ9.eyJpZCI6IjA1MTAwMDMiLCJ1bmlxdWVpZCI6IjYzMzYzMzJjOGI0NTkiLCJwYXNzd29yZCI6IkhvUGJxMnF0TGtvdUlzT3lGNW1vYkE9PSIsInByaXZpbGVnZSI6Im5hc2FiYWgiLCJleHBpcmVkIjoxNjY0NTgyODI4fQ.bmJXhYG-nvCDnrcVYOhDD8yqYu3Qz2jUxa0zf0xFTdE', 1, 1664496428, NULL, 1, 'nasabah', 1661927424),
('0510004', NULL, '0510004', 'Ok4WhOG/NmfjspAhFmbe+w==', 'ibu hilal', NULL, NULL, NULL, '00-00-000', 'perempuan', 'eyJ0eXAiOiJKV1QiLCJhbGciOiJIUzI1NiJ9.eyJpZCI6IjA1MTAwMDQiLCJ1bmlxdWVpZCI6IjYzNjdkMzEyN2ZhY2IiLCJwYXNzd29yZCI6Ik9rNFdoT0dcL05tZmpzcEFoRm1iZSt3PT0iLCJwcml2aWxlZ2UiOiJuYXNhYmFoIiwiZXhwaXJlZCI6MTY2NzgzNTAyNn0.aMoMUC-s-Ypo2TPwIcTU-ENnnzwhgL6XhXa6jcZ0y5o', 1, 1667748626, NULL, 1, 'nasabah', 1661927424),
('0510005', NULL, '0510005', 'xJt2V701H375jnszfYQYQA==', 'endah', NULL, NULL, NULL, '31-08-2022', 'perempuan', 'eyJ0eXAiOiJKV1QiLCJhbGciOiJIUzI1NiJ9.eyJpZCI6IjA1MTAwMDUiLCJ1bmlxdWVpZCI6IjY0NjljMjI5OGQzMmEiLCJwYXNzd29yZCI6InhKdDJWNzAxSDM3NWpuc3pmWVFZUUE9PSIsInByaXZpbGVnZSI6Im5hc2FiYWgiLCJleHBpcmVkIjoxNjg0NzM4OTg1fQ.S-UuZqRrIXKxr7Q5AQ25KEPtTWeeo3jzGUnSs787DrA', 1, 1684652585, NULL, 1, 'nasabah', 1661927424),
('0510006', NULL, '0510006', '51zqoWNVbo2NwPnZUHpEwg==', 'bapak sulis', NULL, NULL, NULL, '09-10-2022', 'laki-laki', NULL, 1, 1665321746, '779433', 1, 'nasabah', 1665321746),
('0510007', NULL, '0510007', 'w8jrm1Q2xfEluRVq1nH+kA==', 'ibu imah', NULL, NULL, NULL, '09-10-2022', 'laki-laki', NULL, 1, 1665321790, '598498', 1, 'nasabah', 1665321790),
('0510008', NULL, '0510008', 'CvOXivoqF88Brtolxa2+dQ==', 'ibu darwati', NULL, NULL, NULL, '', 'perempuan', 'eyJ0eXAiOiJKV1QiLCJhbGciOiJIUzI1NiJ9.eyJpZCI6IjA1MTAwMDgiLCJ1bmlxdWVpZCI6IjY0NDc3Y2QyYTMwNzIiLCJwYXNzd29yZCI6IkN2T1hpdm9xRjg4QnJ0b2x4YTIrZFE9PSIsInByaXZpbGVnZSI6Im5hc2FiYWgiLCJleHBpcmVkIjoxNjgyNDkzMDEwfQ.K9vL9v0vVKyqYRmOcTx2kHDC1O45W2s4JXmMuk7gJR4', 1, 1682406610, '480773', 1, 'nasabah', 1667100464),
('0510009', NULL, '0510009', '8qzkz/6HpbEoUwUtrx+GmA==', 'ibu eti', NULL, NULL, NULL, '', 'perempuan', NULL, 1, 1667100918, '883123', 1, 'nasabah', 1667100918),
('0510010', NULL, '0510010', 'gCr1n5pDYUic2x0RTQNFmg==', 'kumiati', NULL, NULL, NULL, '', 'perempuan', NULL, 1, 1676694123, '091052', 1, 'nasabah', 1676694123),
('1019001', 'phaksibangunasmoro@gmail.com', 'shibasmoro', '4AcrvkHjBUcaFL3gELWHjQ==', 'phaksi bangun asmoro', '085770539399', '3674031409000004', 'Pondok Maharta Blok A1 NO 22 RT 19 RW 10', '14-09-2000', 'laki-laki', 'eyJ0eXAiOiJKV1QiLCJhbGciOiJIUzI1NiJ9.eyJpZCI6IjEwMTkwMDEiLCJ1bmlxdWVpZCI6IjY0ODI2NjZlNThmYjciLCJwYXNzd29yZCI6IjRBY3J2a0hqQlVjYUZMM2dFTFdIalE9PSIsInByaXZpbGVnZSI6Im5hc2FiYWgiLCJleHBpcmVkIjoxNjg2MzUzOTAyfQ.WlIOGefeQDzGb36zIIIdiz7F3o6p7dEE25Jz2Vah1z4', 1, 1686267502, NULL, 1, 'nasabah', 1685967426),
('A001', 'superadmin1@gmail.com', 'superadmin1', '$2y$10$pXX0xsLpVYORnLyXmt7rSu4/xFyibBq91DAAPiJNjh4Ww9rbLCxxi', 'super admin 1', NULL, '1234567890123456', NULL, '30-06-2022', 'laki-laki', 'eyJ0eXAiOiJKV1QiLCJhbGciOiJIUzI1NiJ9.eyJpZCI6IkEwMDEiLCJ1bmlxdWVpZCI6IjY0ODA3ZDZmOGEwOTUiLCJwYXNzd29yZCI6IiQyeSQxMCRwWFgweHNMcFZZT1JuTHlYbXQ3clN1NFwveEZ5aWJCcTkxREFBUGlKTmpoNFd3OXJiTEN4eGkiLCJwcml2aWxlZ2UiOiJzdXBlcmFkbWluIiwiZXhwaXJlZCI6MTY4NjIyODcxOX0.9qKX2N7HhZZ5_yt6X9w-co5Vluv0802xi0ra2UsSWg4', 1, 1686142319, NULL, 1, 'superadmin', 1656643582),
('A002', NULL, 'mypresiden424', '$2y$10$Ag/6cwTCJE1MF/cx5l7SFuOv5CmWKfSR9WVAmbUjuiJ11VTmcbw1O', 'superadmin2', '212121', NULL, 'tes', '31-08-2022', 'laki-laki', 'eyJ0eXAiOiJKV1QiLCJhbGciOiJIUzI1NiJ9.eyJpZCI6IkEwMDIiLCJ1bmlxdWVpZCI6IjYzZDY2NWE4NGNlMjgiLCJwYXNzd29yZCI6IiQyeSQxMCRBZ1wvNmN3VENKRTFNRlwvY3g1bDdTRnVPdjVDbVdLZlNSOVdWQW1iVWp1aUoxMVZUbWNidzFPIiwicHJpdmlsZWdlIjoic3VwZXJhZG1pbiIsImV4cGlyZWQiOjE2NzUwODE1MTJ9.Ig4PY6ZMuFfAXba95NLkRnh598T2_bmiQd_B_EzB5gY', 1, 1674995112, NULL, 1, 'superadmin', 1661928108);

-- --------------------------------------------------------

--
-- Table structure for table `wilayah`
--

CREATE TABLE `wilayah` (
  `id` int(11) NOT NULL,
  `id_user` varchar(200) NOT NULL,
  `kodepos` varchar(10) NOT NULL,
  `kelurahan` varchar(200) NOT NULL,
  `kecamatan` varchar(200) NOT NULL,
  `kota` varchar(200) NOT NULL,
  `provinsi` varchar(200) NOT NULL
) ENGINE=InnoDB DEFAULT CHARSET=utf8 COLLATE=utf8_general_ci;

--
-- Dumping data for table `wilayah`
--

INSERT INTO `wilayah` (`id`, `id_user`, `kodepos`, `kelurahan`, `kecamatan`, `kota`, `provinsi`) VALUES
(289, '0205001', '15148', 'cipondoh', 'cipondoh', 'tangerang selatan', 'banten'),
(290, '0102001', '15148', 'cipondoh', 'cipondoh', 'tangerang selatan', 'banten'),
(291, '0102002', '15148', 'cipondoh', 'cipondoh', 'tangerang selatan', 'banten'),
(292, '0501001', '15148', 'cipondoh', 'cipondoh', 'tangerang selatan', 'banten'),
(293, '0501002', '15148', 'cipondoh', 'cipondoh', 'tangerang selatan', 'banten'),
(294, '0501003', '15148', 'cipondoh', 'cipondoh', 'tangerang selatan', 'banten'),
(295, '0501004', '15148', 'cipondoh', 'cipondoh', 'tangerang selatan', 'banten'),
(296, '0502001', '15148', 'cipondoh', 'cipondoh', 'tangerang selatan', 'banten'),
(297, '0502003', '15148', 'cipondoh', 'cipondoh', 'tangerang selatan', 'banten'),
(298, '0503002', '15148', 'cipondoh', 'cipondoh', 'tangerang selatan', 'banten'),
(300, '0503003', '15148', 'cipondoh', 'cipondoh', 'tangerang selatan', 'banten'),
(301, '0503004', '15148', 'cipondoh', 'cipondoh', 'tangerang selatan', 'banten'),
(302, '0503005', '15148', 'cipondoh', 'cipondoh', 'tangerang selatan', 'banten'),
(303, '0504001', '15148', 'cipondoh', 'cipondoh', 'tangerang selatan', 'banten'),
(304, '0504002', '15148', 'cipondoh', 'cipondoh', 'tangerang selatan', 'banten'),
(305, '0504003', '15148', 'cipondoh', 'cipondoh', 'tangerang selatan', 'banten'),
(306, '0504004', '15148', 'cipondoh', 'cipondoh', 'tangerang selatan', 'banten'),
(307, '0504005', '15148', 'cipondoh', 'cipondoh', 'tangerang selatan', 'banten'),
(308, '0504006', '15148', 'cipondoh', 'cipondoh', 'tangerang selatan', 'banten'),
(309, '0504007', '15148', 'cipondoh', 'cipondoh', 'tangerang selatan', 'banten'),
(310, '0504008', '15148', 'cipondoh', 'cipondoh', 'tangerang selatan', 'banten'),
(311, '0505001', '15148', 'cipondoh', 'cipondoh', 'tangerang selatan', 'banten'),
(312, '0505002', '15148', 'cipondoh', 'cipondoh', 'tangerang selatan', 'banten'),
(313, '0505003', '15148', 'cipondoh', 'cipondoh', 'tangerang selatan', 'banten'),
(314, '0505004', '15148', 'cipondoh', 'cipondoh', 'tangerang selatan', 'banten'),
(315, '0505005', '15148', 'cipondoh', 'cipondoh', 'tangerang selatan', 'banten'),
(316, '0505006', '15148', 'cipondoh', 'cipondoh', 'tangerang selatan', 'banten'),
(317, '0505007', '15148', 'cipondoh', 'cipondoh', 'tangerang selatan', 'banten'),
(318, '0505008', '15148', 'cipondoh', 'cipondoh', 'tangerang selatan', 'banten'),
(319, '0505009', '15148', 'cipondoh', 'cipondoh', 'tangerang selatan', 'banten'),
(320, '0505010', '15148', 'cipondoh', 'cipondoh', 'tangerang selatan', 'banten'),
(321, '0505011', '15148', 'cipondoh', 'cipondoh', 'tangerang selatan', 'banten'),
(322, '0505012', '15148', 'cipondoh', 'cipondoh', 'tangerang selatan', 'banten'),
(323, '0505013', '15148', 'cipondoh', 'cipondoh', 'tangerang selatan', 'banten'),
(324, '0505014', '15148', 'cipondoh', 'cipondoh', 'tangerang selatan', 'banten'),
(325, '0505015', '15148', 'cipondoh', 'cipondoh', 'tangerang selatan', 'banten'),
(326, '0505016', '15148', 'cipondoh', 'cipondoh', 'tangerang selatan', 'banten'),
(327, '0505017', '15148', 'cipondoh', 'cipondoh', 'tangerang selatan', 'banten'),
(328, '0505018', '15148', 'cipondoh', 'cipondoh', 'tangerang selatan', 'banten'),
(329, '0505019', '15148', 'cipondoh', 'cipondoh', 'tangerang selatan', 'banten'),
(330, '0506001', '15148', 'cipondoh', 'cipondoh', 'tangerang selatan', 'banten'),
(331, '0506002', '15148', 'cipondoh', 'cipondoh', 'tangerang selatan', 'banten'),
(332, '0506003', '15148', 'cipondoh', 'cipondoh', 'tangerang selatan', 'banten'),
(333, '0506004', '15148', 'cipondoh', 'cipondoh', 'tangerang selatan', 'banten'),
(334, '0506005', '15148', 'cipondoh', 'cipondoh', 'tangerang selatan', 'banten'),
(335, '0506006', '15148', 'cipondoh', 'cipondoh', 'tangerang selatan', 'banten'),
(336, '0506008', '15148', 'cipondoh', 'cipondoh', 'tangerang selatan', 'banten'),
(337, '0506007', '15148', 'cipondoh', 'cipondoh', 'tangerang selatan', 'banten'),
(338, '0506009', '15148', 'cipondoh', 'cipondoh', 'tangerang selatan', 'banten'),
(339, '0507001', '15148', 'cipondoh', 'cipondoh', 'tangerang selatan', 'banten'),
(340, '0507002', '15148', 'cipondoh', 'cipondoh', 'tangerang selatan', 'banten'),
(341, '0507003', '15148', 'cipondoh', 'cipondoh', 'tangerang selatan', 'banten'),
(342, '0507004', '15148', 'cipondoh', 'cipondoh', 'tangerang selatan', 'banten'),
(343, '0507005', '15148', 'cipondoh', 'cipondoh', 'tangerang selatan', 'banten'),
(344, '0507006', '15148', 'cipondoh', 'cipondoh', 'tangerang selatan', 'banten'),
(345, '0507007', '15148', 'cipondoh', 'cipondoh', 'tangerang selatan', 'banten'),
(346, '0507008', '15148', 'cipondoh', 'cipondoh', 'tangerang selatan', 'banten'),
(347, '0507009', '15148', 'cipondoh', 'cipondoh', 'tangerang selatan', 'banten'),
(348, '0507010', '15148', 'cipondoh', 'cipondoh', 'tangerang selatan', 'banten'),
(349, '0507011', '15148', 'cipondoh', 'cipondoh', 'tangerang selatan', 'banten'),
(350, '0507012', '15148', 'cipondoh', 'cipondoh', 'tangerang selatan', 'banten'),
(351, '0507013', '15148', 'cipondoh', 'cipondoh', 'tangerang selatan', 'banten'),
(352, '0507014', '15148', 'cipondoh', 'cipondoh', 'tangerang selatan', 'banten'),
(353, '0507015', '15148', 'cipondoh', 'cipondoh', 'tangerang selatan', 'banten'),
(354, '0507016', '15148', 'cipondoh', 'cipondoh', 'tangerang selatan', 'banten'),
(355, '0507017', '15148', 'cipondoh', 'cipondoh', 'tangerang selatan', 'banten'),
(356, '0507018', '15148', 'cipondoh', 'cipondoh', 'tangerang selatan', 'banten'),
(357, '0507019', '15148', 'cipondoh', 'cipondoh', 'tangerang selatan', 'banten'),
(358, '0508001', '15148', 'cipondoh', 'cipondoh', 'tangerang selatan', 'banten'),
(359, '0508002', '15148', 'cipondoh', 'cipondoh', 'tangerang selatan', 'banten'),
(360, '0508003', '15148', 'cipondoh', 'cipondoh', 'tangerang selatan', 'banten'),
(361, '0509001', '15148', 'cipondoh', 'cipondoh', 'tangerang selatan', 'banten'),
(362, '0509002', '15148', 'cipondoh', 'cipondoh', 'tangerang selatan', 'banten'),
(363, '0509003', '15148', 'cipondoh', 'cipondoh', 'tangerang selatan', 'banten'),
(364, '0509004', '15148', 'cipondoh', 'cipondoh', 'tangerang selatan', 'banten'),
(365, '0509005', '15148', 'cipondoh', 'cipondoh', 'tangerang selatan', 'banten'),
(366, '0509006', '15148', 'cipondoh', 'cipondoh', 'tangerang selatan', 'banten'),
(367, '0509007', '15148', 'cipondoh', 'cipondoh', 'tangerang selatan', 'banten'),
(368, '0509008', '15148', 'cipondoh', 'cipondoh', 'tangerang selatan', 'banten'),
(369, '0509009', '15148', 'cipondoh', 'cipondoh', 'tangerang selatan', 'banten'),
(370, '0510001', '15148', 'cipondoh', 'cipondoh', 'tangerang selatan', 'banten'),
(371, '0510002', '15148', 'cipondoh', 'cipondoh', 'tangerang selatan', 'banten'),
(372, '0510003', '15148', 'cipondoh', 'cipondoh', 'tangerang selatan', 'banten'),
(373, '0510004', '15148', 'cipondoh', 'cipondoh', 'tangerang selatan', 'banten'),
(374, '0510005', '15148', 'cipondoh', 'cipondoh', 'tangerang selatan', 'banten'),
(380, '0500001', '15145', 'pinang', 'pinang (penang)', 'tangerang', 'banten'),
(381, '0503001', '15145', 'pinang', 'pinang (penang)', 'tangerang', 'banten'),
(384, '0201001', '15414', 'sarua (serua)', 'ciputat', 'tangerang selatan', 'banten'),
(385, '0509010', '15145', 'pinang', 'pinang (penang)', 'tangerang', 'banten'),
(386, '0509011', '15145', 'pinang', 'pinang (penang)', 'tangerang', 'banten'),
(387, '0503006', '15145', 'pinang', 'pinang (penang)', 'tangerang', 'banten'),
(388, '0508004', '15145', 'pinang', 'pinang (penang)', 'tangerang', 'banten'),
(389, '0510006', '15145', 'pinang', 'pinang (penang)', 'tangerang', 'banten'),
(390, '0510007', '15145', 'pinang', 'pinang (penang)', 'tangerang', 'banten'),
(391, '0508005', '15145', 'pinang', 'pinang (penang)', 'tangerang', 'banten'),
(392, '0502004', '15145', 'pinang', 'pinang (penang)', 'tangerang', 'banten'),
(396, '0504009', '15145', 'pinang', 'pinang (penang)', 'tangerang', 'banten'),
(397, '0510008', '15145', 'pinang', 'pinang (penang)', 'tangerang', 'banten'),
(398, '0510009', '15145', 'pinang', 'pinang (penang)', 'tangerang', 'banten'),
(399, '0508006', '15145', 'pinang', 'pinang (penang)', 'tangerang', 'banten'),
(400, '0508007', '15145', 'pinang', 'pinang (penang)', 'tangerang', 'banten'),
(403, '0505020', '15145', 'pinang', 'pinang (penang)', 'tangerang', 'banten'),
(404, '0509012', '15145', 'pinang', 'pinang (penang)', 'tangerang', 'banten'),
(405, '0502005', '15145', 'pinang', 'pinang (penang)', 'tangerang', 'banten'),
(406, '0506010', '15145', 'pinang', 'pinang (penang)', 'tangerang', 'banten'),
(407, '0506011', '15145', 'pinang', 'pinang (penang)', 'tangerang', 'banten'),
(408, '0509013', '15145', 'pinang', 'pinang (penang)', 'tangerang', 'banten'),
(409, '0507020', '15145', 'pinang', 'pinang (penang)', 'tangerang', 'banten'),
(410, '0510010', '15145', 'pinang', 'pinang (penang)', 'tangerang', 'banten'),
(411, '0507021', '15145', 'pinang', 'pinang (penang)', 'tangerang', 'banten'),
(412, '0505021', '15145', 'pinang', 'pinang (penang)', 'tangerang', 'banten'),
(413, '0501005', '15145', 'pinang', 'pinang (penang)', 'tangerang(kota)', 'banten'),
(414, '0506012', '15145', 'pinang', 'pinang (penang)', 'tangerang(kota)', 'banten'),
(415, '0505022', '15145', 'pinang', 'pinang (penang)', 'tangerang(kota)', 'banten'),
(416, '1019001', '15226', 'pondok kacang barat', 'pondok aren', 'tangerang selatan', 'banten');

--
-- Indexes for dumped tables
--

--
-- Indexes for table `artikel`
--
ALTER TABLE `artikel`
  ADD PRIMARY KEY (`id`),
  ADD UNIQUE KEY `title` (`title`),
  ADD KEY `artikel_id_kategori_foreign` (`id_kategori`);

--
-- Indexes for table `dompet`
--
ALTER TABLE `dompet`
  ADD PRIMARY KEY (`id`),
  ADD UNIQUE KEY `id_user` (`id_user`);

--
-- Indexes for table `jual_sampah`
--
ALTER TABLE `jual_sampah`
  ADD PRIMARY KEY (`no`),
  ADD KEY `jual_sampah_id_transaksi_foreign` (`id_transaksi`),
  ADD KEY `jual_sampah_id_sampah_foreign` (`id_sampah`);

--
-- Indexes for table `kategori_artikel`
--
ALTER TABLE `kategori_artikel`
  ADD PRIMARY KEY (`id`),
  ADD UNIQUE KEY `name` (`name`);

--
-- Indexes for table `kategori_sampah`
--
ALTER TABLE `kategori_sampah`
  ADD PRIMARY KEY (`id`),
  ADD UNIQUE KEY `name` (`name`);

--
-- Indexes for table `migrations`
--
ALTER TABLE `migrations`
  ADD PRIMARY KEY (`id`);

--
-- Indexes for table `mitra`
--
ALTER TABLE `mitra`
  ADD PRIMARY KEY (`id`),
  ADD UNIQUE KEY `name` (`name`);

--
-- Indexes for table `penghargaan`
--
ALTER TABLE `penghargaan`
  ADD PRIMARY KEY (`id`),
  ADD UNIQUE KEY `name` (`name`);

--
-- Indexes for table `sampah`
--
ALTER TABLE `sampah`
  ADD PRIMARY KEY (`id`),
  ADD UNIQUE KEY `jenis` (`jenis`),
  ADD KEY `sampah_id_kategori_foreign` (`id_kategori`);

--
-- Indexes for table `setor_sampah`
--
ALTER TABLE `setor_sampah`
  ADD PRIMARY KEY (`no`),
  ADD KEY `setor_sampah_id_transaksi_foreign` (`id_transaksi`),
  ADD KEY `setor_sampah_id_sampah_foreign` (`id_sampah`);

--
-- Indexes for table `tarik_saldo`
--
ALTER TABLE `tarik_saldo`
  ADD PRIMARY KEY (`no`),
  ADD KEY `tarik_saldo_id_transaksi_foreign` (`id_transaksi`);

--
-- Indexes for table `transaksi`
--
ALTER TABLE `transaksi`
  ADD PRIMARY KEY (`id`),
  ADD KEY `transaksi_id_user_foreign` (`id_user`),
  ADD KEY `no` (`no`);

--
-- Indexes for table `users`
--
ALTER TABLE `users`
  ADD PRIMARY KEY (`id`),
  ADD UNIQUE KEY `username` (`username`),
  ADD UNIQUE KEY `email` (`email`),
  ADD UNIQUE KEY `notelp` (`notelp`);

--
-- Indexes for table `wilayah`
--
ALTER TABLE `wilayah`
  ADD PRIMARY KEY (`id`),
  ADD KEY `wilayah_id_user_foreign` (`id_user`);

--
-- AUTO_INCREMENT for dumped tables
--

--
-- AUTO_INCREMENT for table `dompet`
--
ALTER TABLE `dompet`
  MODIFY `id` int(11) NOT NULL AUTO_INCREMENT, AUTO_INCREMENT=418;

--
-- AUTO_INCREMENT for table `jual_sampah`
--
ALTER TABLE `jual_sampah`
  MODIFY `no` int(11) NOT NULL AUTO_INCREMENT, AUTO_INCREMENT=164;

--
-- AUTO_INCREMENT for table `migrations`
--
ALTER TABLE `migrations`
  MODIFY `id` bigint(20) UNSIGNED NOT NULL AUTO_INCREMENT, AUTO_INCREMENT=40;

--
-- AUTO_INCREMENT for table `mitra`
--
ALTER TABLE `mitra`
  MODIFY `id` int(11) NOT NULL AUTO_INCREMENT, AUTO_INCREMENT=5;

--
-- AUTO_INCREMENT for table `penghargaan`
--
ALTER TABLE `penghargaan`
  MODIFY `id` int(11) NOT NULL AUTO_INCREMENT, AUTO_INCREMENT=4;

--
-- AUTO_INCREMENT for table `setor_sampah`
--
ALTER TABLE `setor_sampah`
  MODIFY `no` int(11) NOT NULL AUTO_INCREMENT, AUTO_INCREMENT=5643;

--
-- AUTO_INCREMENT for table `tarik_saldo`
--
ALTER TABLE `tarik_saldo`
  MODIFY `no` int(11) NOT NULL AUTO_INCREMENT, AUTO_INCREMENT=91;

--
-- AUTO_INCREMENT for table `transaksi`
--
ALTER TABLE `transaksi`
  MODIFY `no` int(11) NOT NULL AUTO_INCREMENT, AUTO_INCREMENT=665;

--
-- AUTO_INCREMENT for table `wilayah`
--
ALTER TABLE `wilayah`
  MODIFY `id` int(11) NOT NULL AUTO_INCREMENT, AUTO_INCREMENT=417;

--
-- Constraints for dumped tables
--

--
-- Constraints for table `artikel`
--
ALTER TABLE `artikel`
  ADD CONSTRAINT `artikel_id_kategori_foreign` FOREIGN KEY (`id_kategori`) REFERENCES `kategori_artikel` (`id`) ON DELETE CASCADE ON UPDATE CASCADE;

--
-- Constraints for table `dompet`
--
ALTER TABLE `dompet`
  ADD CONSTRAINT `dompet_id_user_foreign` FOREIGN KEY (`id_user`) REFERENCES `users` (`id`) ON DELETE CASCADE ON UPDATE CASCADE;

--
-- Constraints for table `jual_sampah`
--
ALTER TABLE `jual_sampah`
  ADD CONSTRAINT `jual_sampah_id_sampah_foreign` FOREIGN KEY (`id_sampah`) REFERENCES `sampah` (`id`) ON DELETE CASCADE ON UPDATE CASCADE,
  ADD CONSTRAINT `jual_sampah_id_transaksi_foreign` FOREIGN KEY (`id_transaksi`) REFERENCES `transaksi` (`id`) ON DELETE CASCADE ON UPDATE CASCADE;

--
-- Constraints for table `sampah`
--
ALTER TABLE `sampah`
  ADD CONSTRAINT `sampah_id_kategori_foreign` FOREIGN KEY (`id_kategori`) REFERENCES `kategori_sampah` (`id`) ON DELETE CASCADE ON UPDATE CASCADE;

--
-- Constraints for table `setor_sampah`
--
ALTER TABLE `setor_sampah`
  ADD CONSTRAINT `setor_sampah_id_sampah_foreign` FOREIGN KEY (`id_sampah`) REFERENCES `sampah` (`id`) ON DELETE CASCADE ON UPDATE CASCADE,
  ADD CONSTRAINT `setor_sampah_id_transaksi_foreign` FOREIGN KEY (`id_transaksi`) REFERENCES `transaksi` (`id`) ON DELETE CASCADE ON UPDATE CASCADE;

--
-- Constraints for table `tarik_saldo`
--
ALTER TABLE `tarik_saldo`
  ADD CONSTRAINT `tarik_saldo_id_transaksi_foreign` FOREIGN KEY (`id_transaksi`) REFERENCES `transaksi` (`id`) ON DELETE CASCADE ON UPDATE CASCADE;

--
-- Constraints for table `transaksi`
--
ALTER TABLE `transaksi`
  ADD CONSTRAINT `transaksi_id_user_foreign` FOREIGN KEY (`id_user`) REFERENCES `users` (`id`) ON DELETE CASCADE ON UPDATE CASCADE;

--
-- Constraints for table `wilayah`
--
ALTER TABLE `wilayah`
  ADD CONSTRAINT `wilayah_id_user_foreign` FOREIGN KEY (`id_user`) REFERENCES `users` (`id`) ON DELETE CASCADE ON UPDATE CASCADE;
COMMIT;

/*!40101 SET CHARACTER_SET_CLIENT=@OLD_CHARACTER_SET_CLIENT */;
/*!40101 SET CHARACTER_SET_RESULTS=@OLD_CHARACTER_SET_RESULTS */;
/*!40101 SET COLLATION_CONNECTION=@OLD_COLLATION_CONNECTION */;
